Header,Description,Instruction
9,"{""description"": ""A colorful bento box meal featuring broccoli, meatballs, a cookie, sliced almonds, a slice of bread, and pineapple chunks."", ""details"": {""objects"": [""broccoli"", ""meatballs"", ""cookie"", ""almonds"", ""bread"", ""pineapple""], ""scene"": ""indoor scene"", ""spatial_info"": {""broccoli"": ""yellow container"", ""meatballs"": ""yellow container"", ""cookie"": ""pink container"", ""almonds"": ""pink container"", ""bread"": ""pink container"", ""pineapple"": ""pink container""}}, ""confidence"": 0.9547716549509023, ""recognition_status"": ""success"", ""processing_time"": 9.594801664352417}","Definition: In this task, draw tight bounding boxes around all ""broccoli"", ""meatballs"", ""cookie"", ""almonds"", ""bread"", and ""pineapple"".
Emphasis & Caution: Note items placed in the ""yellow container"" and ""pink container"".
Things to Avoid: -"
309,"{""description"": ""A large teddy bear lies on a grassy field, with a smaller dog standing in the background, both under a bright, sunlit sky."", ""details"": {""objects"": [""Large teddy bear"", ""Small dog""], ""scene"": ""Outdoor"", ""spatial_info"": {""teddy_bear"": ""Foreground, lying on grass"", ""dog"": ""Background, standing on grass""}}, ""confidence"": 0.9366939215193025, ""recognition_status"": ""success"", ""processing_time"": 6.872950553894043}","Definition: In this task, draw tight bounding boxes around the ""Large teddy bear"".
Emphasis & Caution: Focus on the large subject lying on grass in the foreground.
Things to Avoid: Do not annotate the ""Small dog"" or the sky."
540,"{""description"": ""A Japan Airlines aircraft is captured during takeoff, with a busy urban landscape featuring highways, buildings, and industrial structures in the background."", ""details"": {""objects"": [""Japan Airlines airplane"", ""highways"", ""buildings"", ""trees"", ""industrial facilities""], ""scene"": ""urban street"", ""spatial_info"": {""airplane"": ""center"", ""highways"": ""below the airplane"", ""buildings"": ""surrounding the area"", ""trees"": ""interspersed along the highways"", ""industrial facilities"": ""in the distance""}}, ""confidence"": 0.9414199685157036, ""recognition_status"": ""success"", ""processing_time"": 9.434067249298096}","Definition: In this task, draw tight bounding boxes around the ""Japan Airlines airplane"".
Emphasis & Caution: The airplane is centered and elevated during takeoff.
Things to Avoid: Do not annotate ""highways"", ""buildings"", ""trees"", or ""industrial facilities""."
735,"{""description"": ""A woman is cutting a large, decorated cake at an indoor event."", ""details"": {""objects"": [""woman wearing glasses and a beige blazer"", ""large rectangular cake with various toppings"", ""tray holding the cake"", ""plates stacked on a table"", ""decorative wall paneling"", ""chair with a dark jacket draped over it""], ""scene"": ""indoor scene"", ""spatial_info"": {""woman"": ""standing behind the cake, cutting it"", ""cake"": ""centered on a table covered with a red cloth"", ""plates"": ""stacked on a table to the right of the cake"", ""chair"": ""to the left of the image, partially visible""}}, ""confidence"": 0.927889029250642, ""recognition_status"": ""success"", ""processing_time"": 10.64983868598938}","Definition: In this task, draw tight bounding boxes around the ""woman wearing glasses and a beige blazer"" and the ""large rectangular cake with various toppings"".
Emphasis & Caution: The woman is standing behind the cake, which is centered on the table.
Things to Avoid: Do not annotate the ""tray holding the cake"", ""plates stacked on a table"", ""decorative wall paneling"", or the ""chair with a dark jacket draped over it""."
996,"{""description"": ""Two giraffes are standing in an outdoor enclosure surrounded by trees and a fence."", ""details"": {""objects"": [""two giraffes"", ""trees"", ""fence"", ""enclosure""], ""scene"": ""outdoor enclosure"", ""spatial_info"": {""giraffes"": [""standing""], ""trees"": [""surrounding""], ""fence"": [""behind""]}}, ""confidence"": 0.9619585313328887, ""recognition_status"": ""success"", ""processing_time"": 7.1610636711120605}","Definition: In this task, draw tight bounding boxes around all ""two giraffes"".
Emphasis & Caution: Focus on the standing animals in the enclosure.
Things to Avoid: Do not annotate ""trees"", ""fence"", or the ""enclosure""."
1238,"{""description"": ""A group of elephants, including adults and a calf, are standing close together in an outdoor setting."", ""details"": {""objects"": [""elephants"", ""calf""], ""scene"": ""outdoor"", ""spatial_info"": {""adults"": [""left"", ""center""], ""calf"": [""center-left""]}}, ""confidence"": 0.9495372251954949, ""recognition_status"": ""success"", ""processing_time"": 5.851351499557495}","Definition: In this task, draw tight bounding boxes around all ""elephants"" and the ""calf"".
Emphasis & Caution: Note adults on the left and center, and the calf at center-left.
Things to Avoid: -"
1455,"{""description"": ""A partially eaten donut sits in an open box on a kitchen counter, surrounded by various items including a watermelon, a bottle of sauce, and some packaged food."", ""details"": {""objects"": [""Open donut box"", ""Partially eaten donut"", ""Watermelon"", ""Bottle of sauce"", ""Stacked paper plates"", ""Packaged food"", ""Kitchen counter""], ""scene"": ""Indoor scene"", ""spatial_info"": {""open donut box"": ""Foreground, left side"", ""partially eaten donut"": ""Inside the box"", ""watermelon"": ""Top right corner"", ""bottle of sauce"": ""Center background"", ""stacked paper plates"": ""Right side"", ""packaged food"": ""Left side"", ""kitchen counter"": ""Background""}}, ""confidence"": 0.9516491607234241, ""recognition_status"": ""success"", ""processing_time"": 12.562767744064331}","Definition: In this task, draw tight bounding boxes around the ""Partially eaten donut"".
Emphasis & Caution: Located inside the ""Open donut box"" in the foreground.
Things to Avoid: Do not annotate ""Watermelon"", ""Bottle of sauce"", ""Stacked paper plates"", ""Packaged food"", or ""Kitchen counter""."
1682,"{""description"": ""A serene coastal scene featuring clear waters, a sailboat, and distant mountains under a clear sky."", ""details"": {""objects"": [""Sailboat"", ""Buoy"", ""Clear water"", ""Distant mountains"", ""Sky""], ""scene"": ""Coastal"", ""spatial_info"": {""Sailboat"": ""Center-right"", ""Buoy"": ""Center-right"", ""Clear water"": ""Foreground"", ""Distant mountains"": ""Background"", ""Sky"": ""Top""}}, ""confidence"": 0.9565350084950077, ""recognition_status"": ""success"", ""processing_time"": 8.42213749885559}","Definition: In this task, draw tight bounding boxes around the ""Sailboat"".
Emphasis & Caution: Positioned at center-right on clear water.
Things to Avoid: Do not annotate ""Buoy"", ""Clear water"", ""Distant mountains"", or ""Sky""."
1912,"{""description"": ""A group of shorebirds foraging in a wet, muddy tidal flat with a few seagulls nearby."", ""details"": {""objects"": [""shorebirds"", ""seagulls"", ""tidal flat""], ""scene"": ""natural outdoor setting"", ""spatial_info"": {""shorebirds"": [{""position"": ""left""}, {""position"": ""center""}, {""position"": ""right""}], ""seagulls"": [{""position"": ""foreground""}, {""position"": ""background""}]}}, ""confidence"": 0.9548361347102995, ""recognition_status"": ""success"", ""processing_time"": 8.494442224502563}","Definition: In this task, draw tight bounding boxes around all ""shorebirds"".
Emphasis & Caution: Birds are spread across left, center, and right areas.
Things to Avoid: Do not annotate ""seagulls"" or the ""tidal flat""."
2217,"{""description"": ""A luxurious bathroom featuring a large vanity, a bathtub, and a walk-in closet."", ""details"": {""objects"": [""Double sink vanity"", ""Large mirror"", ""Bathtub"", ""Tile flooring"", ""Wooden cabinets"", ""Painted wall"", ""Closet door"", ""Towel rack"", ""Soap dispenser"", ""Artwork""], ""scene"": ""Indoor scene"", ""spatial_info"": {""vanity"": ""Left side"", ""bathtub"": ""Center-right"", ""closet"": ""Right side"", ""mirror"": ""Above vanity"", ""towel rack"": ""On left wall"", ""artwork"": ""On wall above bathtub""}}, ""confidence"": 0.9279668929737852, ""recognition_status"": ""success"", ""processing_time"": 10.984419584274292}","Definition: In this task, draw tight bounding boxes around the ""Double sink vanity"" and the ""Bathtub"".
Emphasis & Caution: Vanity on the left side and bathtub at center-right.
Things to Avoid: Do not annotate ""Large mirror"", ""Tile flooring"", ""Wooden cabinets"", ""Painted wall"", ""Closet door"", ""Towel rack"", ""Soap dispenser"", or ""Artwork""."
2471,"{""description"": ""A tortoiseshell cat is standing on a table, curiously looking at a Coca-Cola Zero bottle."", ""details"": {""objects"": [""Tortoiseshell cat"", ""Coca-Cola Zero bottle"", ""Table""], ""scene"": ""Indoor scene"", ""spatial_info"": {""cat"": ""standing on the table"", ""Coca-Cola Zero bottle"": ""placed on the table"", ""table"": ""brown surface with paw print designs""}}, ""confidence"": 0.9584846375088156, ""recognition_status"": ""success"", ""processing_time"": 7.936813116073608}","Definition: In this task, draw tight bounding boxes around the ""Tortoiseshell cat"" and the ""Coca-Cola Zero bottle"".
Emphasis & Caution: Cat standing on the table; bottle placed on the table.
Things to Avoid: Do not annotate the ""Table""."
2742,"{""description"": ""A pizzeria setting where pizzas are being prepared and served, with a wood-fired oven in the background."", ""details"": {""objects"": [""Wood-fired pizza oven"", ""Pizzas on plates"", ""Stacked plates"", ""Bowl of ingredients"", ""Cutting board"", ""Kitchen utensils"", ""Person wearing a red cap"", ""Person wearing a dark shirt""], ""scene"": ""Indoor scene"", ""spatial_info"": {""Wood-fired pizza oven"": ""Center-left"", ""Pizzas on plates"": ""Foreground-right"", ""Stacked plates"": ""Foreground-left"", ""Bowl of ingredients"": ""Left-center"", ""Cutting board"": ""Center"", ""Kitchen utensils"": ""Center"", ""Person wearing a red cap"": ""Background-left"", ""Person wearing a dark shirt"": ""Background-right""}}, ""confidence"": 0.9428585327914639, ""recognition_status"": ""success"", ""processing_time"": 13.0305335521698}","Definition: In this task, draw tight bounding boxes around the ""Person wearing a red cap"" and the ""Person wearing a dark shirt"".
Emphasis & Caution: Background-left and background-right positions.
Things to Avoid: Do not annotate ""Wood-fired pizza oven"", ""Pizzas on plates"", or other kitchen items."
3076,"{""description"": ""A serene winter scene featuring a horse harnessed to a sleigh amidst snow-covered birch trees, with wooden cabins in the background."", ""details"": {""objects"": [""Horse"", ""Sleigh"", ""Snow-covered birch trees"", ""Wooden cabins"", ""Snowy ground""], ""scene"": ""Winter landscape"", ""spatial_info"": {""Horse"": ""Center foreground"", ""Sleigh"": ""Attached to horse, partially visible"", ""Birch trees"": ""Surrounding the horse and cabins"", ""Wooden cabins"": ""Background, right side""}}, ""confidence"": 0.9479130327466846, ""recognition_status"": ""success"", ""processing_time"": 9.607742547988892}","Definition: In this task, draw tight bounding boxes around the ""Horse"" and the ""Sleigh"".
Emphasis & Caution: Horse in the center foreground with sleigh attached.
Things to Avoid: Do not annotate ""Snow-covered birch trees"", ""Wooden cabins"", or ""Snowy ground""."
3353,"{""description"": ""A cozy indoor scene featuring a cat lounging on a person's lap, surrounded by a cluttered coffee table."", ""details"": {""objects"": [""cat"", ""person"", ""coffee table"", ""laptop"", ""water bottle"", ""jars"", ""remote control"", ""cups""], ""scene"": ""indoor scene"", ""spatial_info"": {""cat"": ""on person's lap"", ""person"": ""sitting"", ""coffee table"": ""in front of person"", ""laptop"": ""on coffee table"", ""water bottle"": ""on coffee table"", ""jars"": ""on coffee table"", ""remote control"": ""on coffee table"", ""cups"": ""on coffee table""}}, ""confidence"": 0.9632511780053589, ""recognition_status"": ""success"", ""processing_time"": 11.329717874526978}","Definition: In this task, draw tight bounding boxes around the ""cat"" and the ""person"".
Emphasis & Caution: Cat on the person¡¯s lap.
Things to Avoid: Do not annotate ""coffee table"", ""laptop"", ""water bottle"", ""jars"", ""remote control"", or ""cups""."
3693,"{""description"": ""A group of people is engaged in a dance or movement activity in an urban setting with graffiti art on the wall."", ""details"": {""objects"": [""people dancing"", ""graffiti art on the wall"", ""window with bars"", ""concrete floor"", ""casual clothing""], ""scene"": ""urban scene"", ""spatial_info"": {""people"": [""standing"", ""dancing""], ""graffiti"": [""on the right side of the image""], ""window"": [""left side of the image""], ""floor"": [""central area""]}}, ""confidence"": 0.9316972337088982, ""recognition_status"": ""success"", ""processing_time"": 10.173573732376099}","Definition: In this task, draw tight bounding boxes around all ""people dancing"".
Emphasis & Caution: Standing and dancing figures.
Things to Avoid: Do not annotate ""graffiti art on the wall"", ""window with bars"", or ""concrete floor""."
3941,"{""description"": ""A close-up view of a street sign reading 'RAMSAY ST' set against a backdrop of green foliage and a building."", ""details"": {""objects"": [""RAMSAY ST street sign"", ""metal pole supporting the sign"", ""green trees"", ""building partially visible behind the trees""], ""scene"": ""urban street"", ""spatial_info"": {""street sign"": ""attached to a metal pole, positioned at an angle"", ""trees"": ""in the background, surrounding the sign"", ""building"": ""partially visible behind the trees, located further back than the sign""}}, ""confidence"": 0.9426404618232982, ""recognition_status"": ""success"", ""processing_time"": 9.65863585472107}","Definition: In this task, draw tight bounding boxes around the ""RAMSAY ST street sign"".
Emphasis & Caution: Focus on the text-bearing sign attached to a ""metal pole"".
Things to Avoid: Do not annotate ""green trees"" or the ""building partially visible behind the trees""."
4239,"{""description"": ""A snowboarder is captured mid-turn on a snowy slope, with sunlight casting dynamic shadows."", ""details"": {""objects"": [""snowboarder"", ""snowboard"", ""snow"", ""sunlight"", ""red poles""], ""scene"": ""ski slope"", ""spatial_info"": {""snowboarder"": ""center-left"", ""snowboard"": ""attached to snowboarder's feet"", ""snow"": ""covering the entire surface"", ""sunlight"": ""shining from above, creating bright highlights and shadows"", ""red poles"": ""visible in the upper right corner""}}, ""confidence"": 0.9475766390836423, ""recognition_status"": ""success"", ""processing_time"": 10.882010698318481}","Definition: In this task, draw tight bounding boxes around the ""snowboarder"" and the ""snowboard"".
Emphasis & Caution: Focus on the ""snowboarder"" at center-left with the ""snowboard"" attached to the feet.
Things to Avoid: Do not annotate ""snow"", ""sunlight"", or ""red poles""."
4477,"{""description"": ""A close-up of an elephant with its trunk raised, standing outdoors amidst greenery."", ""details"": {""objects"": [""elephant"", ""trunk"", ""ear"", ""eye"", ""nose"", ""background elephant""], ""scene"": ""outdoor natural setting"", ""spatial_info"": {""elephant"": ""front and center"", ""background elephant"": ""farther back, slightly out of focus""}}, ""confidence"": 0.9396869448558741, ""recognition_status"": ""success"", ""processing_time"": 7.546039342880249}","Definition: In this task, draw tight bounding boxes around the ""elephant"".
Emphasis & Caution: Focus on the front and center ""elephant"" with the raised ""trunk"".
Things to Avoid: Do not annotate the ""background elephant""."
4714,"{""description"": ""A man is playing guitar while a group of people sit around him in a cozy indoor setting."", ""details"": {""objects"": [""man playing guitar"", ""group of seated individuals"", ""fireplace"", ""mirror"", ""clock"", ""bowl"", ""guitar case"", ""lamp"", ""pictures on mantle"", ""drum""], ""scene"": ""indoor scene"", ""spatial_info"": {""man playing guitar"": ""left side, standing"", ""group of seated individuals"": ""right side, sitting"", ""fireplace"": ""center background"", ""mirror"": ""above fireplace"", ""clock"": ""wall above fireplace"", ""bowl"": ""on floor near seated individuals"", ""guitar case"": ""floor behind man"", ""lamp"": ""on mantle"", ""pictures"": ""on mantle"", ""drum"": ""on floor behind seated individuals""}}, ""confidence"": 0.9377170172645751, ""recognition_status"": ""success"", ""processing_time"": 13.722222566604614}","Definition: In this task, draw tight bounding boxes around the ""man playing guitar"" and the ""group of seated individuals"".
Emphasis & Caution: Focus on the standing ""man playing guitar"" on the left and the seated group on the right.
Things to Avoid: Do not annotate ""fireplace"", ""mirror"", ""clock"", ""bowl"", ""guitar case"", ""lamp"", ""pictures on mantle"", or ""drum""."
4979,"{""description"": ""A large red chair sculpture with a painted horse perched on top, situated in front of a modern building."", ""details"": {""objects"": [""Large red chair"", ""Painted horse""], ""scene"": ""Outdoor urban setting"", ""spatial_info"": {""chair"": ""Foreground, central"", ""horse"": ""On top of the chair"", ""building"": ""Background""}}, ""confidence"": 0.9510271073396522, ""recognition_status"": ""success"", ""processing_time"": 6.7792980670928955}","Definition: In this task, draw tight bounding boxes around the ""Large red chair"" and the ""Painted horse"".
Emphasis & Caution: Focus on the foreground ""Large red chair"" with the ""Painted horse"" on top.
Things to Avoid: Do not annotate the background ""building""."
5198,"{""description"": ""A family riding on a motorcycle, with two adults wearing helmets and a child in an orange hoodie being held by one adult."", ""details"": {""objects"": [""motorcycle"", ""helmet"", ""child"", ""adults"", ""urban street""], ""scene"": ""urban street"", ""spatial_info"": {""motorcycle"": ""center"", ""helmeted adults"": ""on motorcycle"", ""child"": ""being held by adult"", ""urban street elements"": ""background""}}, ""confidence"": 0.9355644462856477, ""recognition_status"": ""success"", ""processing_time"": 8.31528902053833}","Definition: In this task, draw tight bounding boxes around the ""motorcycle"", ""adults"", and the ""child"".
Emphasis & Caution: Focus on the ""child"" being held by an adult and the helmeted ""adults"" on the motorcycle.
Things to Avoid: Do not annotate the ""urban street""."
5412,"{""description"": ""A modern, minimalist bathroom featuring a wall-mounted toilet, bidet, and a sleek vanity with a sink and drawers."", ""details"": {""objects"": [""Wall-mounted toilet"", ""Bidet"", ""Vanity with sink and drawers"", ""Mirror"", ""Light switch""], ""scene"": ""Indoor scene"", ""spatial_info"": {""toilet"": ""Left side, mounted on the wall"", ""bidet"": ""Centered below the mirror, mounted on the wall"", ""vanity"": ""Right side, against the wall"", ""mirror"": ""Above the vanity"", ""light switch"": ""On the right wall""}}, ""confidence"": 0.9448893610903418, ""recognition_status"": ""success"", ""processing_time"": 10.218957662582397}","Definition: In this task, draw tight bounding boxes around the ""Wall-mounted toilet"", ""Bidet"", and the ""Vanity with sink and drawers"".
Emphasis & Caution: -
Things to Avoid: Do not annotate the ""Mirror"" or ""Light switch""."
5644,"{""description"": ""A skateboarder performs a trick mid-air over a stone wall at sunset, with a park structure and residential area in the background."", ""details"": {""objects"": [""Skateboarder performing a trick"", ""Skateboard"", ""Stone wall"", ""Park structure"", ""Residential houses"", ""Trees"", ""Open sky""], ""scene"": ""Outdoor urban park"", ""spatial_info"": {""Skateboarder"": ""In mid-air above the stone wall"", ""Stone wall"": ""Curved and elevated"", ""Park structure"": ""Located to the right, partially open roof"", ""Residential houses"": ""In the distance on the left"", ""Trees"": ""Scattered around the park"", ""Open sky"": ""Clear with a gradient from blue to lighter tones near the horizon""}}, ""confidence"": 0.932262741941329, ""recognition_status"": ""success"", ""processing_time"": 13.424776077270508}","Definition: In this task, draw tight bounding boxes around the ""Skateboarder performing a trick"" and the ""Skateboard"".
Emphasis & Caution: Focus on the subject in mid-air above the stone wall.
Things to Avoid: Do not annotate the ""Stone wall"", ""Park structure"", ""Residential houses"", ""Trees"", or ""Open sky""."
5883,"{""description"": ""A vibrant urban street scene featuring a Hershey's chocolate store with colorful signage and a large truck crossing the intersection."", ""details"": {""objects"": [""Hershey's chocolate store"", ""large truck"", ""traffic light"", ""pedestrian crosswalk"", ""city buildings"", ""street signs"", ""billboards""], ""scene"": ""urban street"", ""spatial_info"": {""Hershey's store"": ""center-left"", ""truck"": ""bottom-left"", ""traffic light"": ""top-right"", ""pedestrian crosswalk"": ""bottom-center"", ""buildings"": ""background""}}, ""confidence"": 0.9432151131172792, ""recognition_status"": ""success"", ""processing_time"": 9.55348539352417}","Definition: In this task, draw tight bounding boxes around the ""Hershey's chocolate store"" and the ""large truck"".
Emphasis & Caution: Focus on the center-left storefront and the truck crossing the intersection.
Things to Avoid: Do not annotate the ""traffic light"", ""pedestrian crosswalk"", ""city buildings"", ""street signs"", or ""billboards""."
6182,"{""description"": ""A giraffe is walking through a grassy savanna dotted with palm trees under a hazy sky."", ""details"": {""objects"": [""giraffe"", ""palm trees"", ""grass"", ""sky""], ""scene"": ""savanna"", ""spatial_info"": {""giraffe"": ""center-right"", ""palm trees"": ""left and right sides"", ""grass"": ""foreground"", ""sky"": ""background""}}, ""confidence"": 0.96546357075689, ""recognition_status"": ""success"", ""processing_time"": 7.680129289627075}","Definition: In this task, draw tight bounding boxes around the ""giraffe"".
Emphasis & Caution: Focus on the ""giraffe"" at center-right.
Things to Avoid: Do not annotate ""palm trees"", ""grass"", or ""sky""."
6422,"{""description"": ""A close-up view of two remote controls, one partially obscured by the other, with a blurred background suggesting an indoor setting."", ""details"": {""objects"": [""Two remote controls"", ""Blurred background""], ""scene"": ""Indoor scene"", ""spatial_info"": {""remote_control_1"": ""Foreground, partially obscured by remote control 2"", ""remote_control_2"": ""Background, fully visible""}}, ""confidence"": 0.9417315054882293, ""recognition_status"": ""success"", ""processing_time"": 7.274167537689209}","Definition: In this task, draw tight bounding boxes around the ""Two remote controls"".
Emphasis & Caution: One remote is partially obscured in the foreground.
Things to Avoid: Do not annotate the ""Blurred background""."
6664,"{""description"": ""A tennis player is captured mid-action, leaning over the net with a racket in hand, appearing to be in the middle of a play."", ""details"": {""objects"": [""Tennis player"", ""Tennis racket"", ""Tennis court"", ""Net""], ""scene"": ""Outdoor tennis court"", ""spatial_info"": {""Tennis player"": ""Over the net"", ""Tennis racket"": ""In the player's hand"", ""Tennis court"": ""Visible beneath the player"", ""Net"": ""Dividing the court""}}, ""confidence"": 0.9385324331649443, ""recognition_status"": ""success"", ""processing_time"": 8.99723219871521}","Definition: In this task, draw tight bounding boxes around the ""Tennis player"" and the ""Tennis racket"".
Emphasis & Caution: Focus on the player leaning over the net.
Things to Avoid: Do not annotate the ""Tennis court"" or ""Net""."
6874,"{""description"": ""A group of giraffes and antelopes are interacting in an open, arid landscape under a clear blue sky."", ""details"": {""objects"": [""Two adult giraffes"", ""One juvenile giraffe"", ""Two antelopes"", ""Open landscape"", ""Clear blue sky"", ""Sparse vegetation""], ""scene"": ""Outdoor wildlife enclosure"", ""spatial_info"": {""giraffes"": [""left side of the image"", ""right side of the image""], ""antelopes"": [""center-right of the image""], ""landscape"": [""background""], ""sky"": [""top of the image""]}}, ""confidence"": 0.9395514779604224, ""recognition_status"": ""success"", ""processing_time"": 10.045623302459717}","Definition: In this task, draw tight bounding boxes around the ""Two adult giraffes"", the ""One juvenile giraffe"", and the ""Two antelopes"".
Emphasis & Caution: -
Things to Avoid: Do not annotate the ""Open landscape"", ""Clear blue sky"", or ""Sparse vegetation""."
7174,"{""description"": ""A vast, arid landscape featuring numerous horses in fenced areas under a backdrop of rugged mountains."", ""details"": {""objects"": [""horses"", ""fences"", ""mountains"", ""dirt ground"", ""trees"", ""power lines""], ""scene"": ""rural pasture"", ""spatial_info"": {""horses"": ""scattered across multiple fenced areas"", ""fences"": ""surrounding the horses"", ""mountains"": ""in the background"", ""trees"": ""sparse and scattered"", ""power lines"": ""running along the landscape""}}, ""confidence"": 0.932637516056677, ""recognition_status"": ""success"", ""processing_time"": 9.198876142501831}","Definition: In this task, draw tight bounding boxes around the ""horses"".
Emphasis & Caution: -
Things to Avoid: Do not annotate ""fences"", ""mountains"", ""dirt ground"", ""trees"", or ""power lines""."
7476,"{""description"": ""Two blue glass bottles flanking a vibrant green glass pitcher, creating a striking contrast against a blurred background."", ""details"": {""objects"": [""Two blue glass bottles"", ""One green glass pitcher""], ""scene"": ""Indoor scene"", ""spatial_info"": {""bottles"": [""left"", ""right""], ""pitcher"": ""center""}}, ""confidence"": 0.9591854399029317, ""recognition_status"": ""success"", ""processing_time"": 6.421213150024414}","Definition: In this task, draw tight bounding boxes around the ""Two blue glass bottles"" and the ""One green glass pitcher"".
Emphasis & Caution: Focus on the blue bottles on the sides and the green pitcher in the center.
Things to Avoid: -"
7710,"{""description"": ""A person is walking two horses on a sidewalk while pushing a bicycle, with a sign for 'glasstec' and autumn foliage in the background."", ""details"": {""objects"": [""Two horses with blankets"", ""Person wearing a blue jacket and jeans"", ""Bicycle"", ""Signboard reading 'glasstec'"", ""Autumn trees"", ""Sidewalk"", ""Road"", ""Street lamp"", ""Buildings""], ""scene"": ""Urban street"", ""spatial_info"": {""Horses"": ""On the sidewalk near the person"", ""Person"": ""Walking beside the horses"", ""Bicycle"": ""Being pushed by the person"", ""Signboard"": ""On the left side of the sidewalk"", ""Trees"": ""In the background"", ""Sidewalk"": ""Between the road and the trees"", ""Road"": ""In front of the sidewalk"", ""Street lamp"": ""Behind the signboard""}}, ""confidence"": 0.935388652318214, ""recognition_status"": ""success"", ""processing_time"": 14.888620138168335}","Definition: In this task, draw tight bounding boxes around all ""Two horses with blankets"", ""Person wearing a blue jacket and jeans"", and ""Bicycle"".
Emphasis & Caution: Focus on the ""Two horses with blankets"" on the sidewalk near the person.
Things to Avoid: Do not annotate ""Signboard reading 'glasstec'"", ""Autumn trees"", ""Sidewalk"", ""Road"", ""Street lamp"", or ""Buildings""."
7946,"{""description"": ""A woman is eating pizza at a restaurant, surrounded by other diners and a glass of dark beverage on the table."", ""details"": {""objects"": [""woman"", ""pizza"", ""fork"", ""knife"", ""plate"", ""glass"", ""dark beverage"", ""restaurant interior"", ""other diners""], ""scene"": ""indoor scene"", ""spatial_info"": {""woman"": ""center"", ""pizza"": ""in front of woman"", ""fork"": ""in woman's hand"", ""knife"": ""in woman's hand"", ""plate"": ""under pizza"", ""glass"": ""left side of image"", ""dark beverage"": ""in glass"", ""restaurant interior"": ""background"", ""other diners"": ""background""}}, ""confidence"": 0.9536484219254943, ""recognition_status"": ""success"", ""processing_time"": 11.563989639282227}","Definition: In this task, draw tight bounding boxes around the ""woman"".
Emphasis & Caution: -
Things to Avoid: Do not annotate ""pizza"", ""fork"", ""knife"", ""plate"", ""glass"", ""dark beverage"", ""restaurant interior"", or ""other diners""."
8190,"{""description"": ""A surfer rides a wave on a surfboard amidst the ocean's dynamic motion."", ""details"": {""objects"": [""surfer"", ""surfboard"", ""ocean waves""], ""scene"": ""ocean"", ""spatial_info"": {""surfer"": ""mid-air, leaning forward on surfboard"", ""surfboard"": ""positioned under the surfer, cutting through the water"", ""ocean waves"": ""large, foamy waves surrounding the surfer""}}, ""confidence"": 0.9352293292778247, ""recognition_status"": ""success"", ""processing_time"": 8.02764892578125}","Definition: In this task, draw tight bounding boxes around the ""surfer"".
Emphasis & Caution: -
Things to Avoid: Do not annotate ""ocean waves""."
8432,"{""description"": ""A bustling industrial workshop filled with workers assembling aircraft, showcasing a busy manufacturing environment."", ""details"": {""objects"": [""workers"", ""aircraft parts"", ""workbenches"", ""ladders"", ""tools"", ""wooden beams"", ""metal structures""], ""scene"": ""industrial workshop"", ""spatial_info"": {""workers"": [""standing"", ""working on aircraft""], ""aircraft parts"": [""assembled"", ""in various stages""], ""workbenches"": [""aligned along the walls""], ""ladders"": [""placed near work areas""], ""tools"": [""scattered around the workspace""], ""wooden beams"": [""supporting the ceiling""], ""metal structures"": [""forming the framework of the workshop""]}}, ""confidence"": 0.9256281258820103, ""recognition_status"": ""success"", ""processing_time"": 11.538466453552246}","Definition: In this task, draw tight bounding boxes around all ""workers"".
Emphasis & Caution: -
Things to Avoid: Do not annotate ""aircraft parts"", ""workbenches"", ""ladders"", ""tools"", ""wooden beams"", or ""metal structures""."
8647,"{""description"": ""A vibrant urban street scene featuring colorful shops, pedestrians, and lush greenery under a bright sky."", ""details"": {""objects"": [""colorful shops"", ""pedestrians"", ""trees"", ""buildings"", ""signboards"", ""street""], ""scene"": ""urban street"", ""spatial_info"": {""shops"": ""left side"", ""pedestrians"": ""center and right"", ""trees"": ""right side"", ""buildings"": ""background"", ""signboards"": ""above shops""}}, ""confidence"": 0.9537774668326395, ""recognition_status"": ""success"", ""processing_time"": 8.7515127658844}","Definition: In this task, draw tight bounding boxes around all ""pedestrians"".
Emphasis & Caution: -
Things to Avoid: Do not annotate ""colorful shops"", ""trees"", ""buildings"", ""signboards"", or ""street""."
8853,"{""description"": ""A skier descends a snowy mountain slope under a clear blue sky, surrounded by rugged peaks."", ""details"": {""objects"": [""Skier wearing yellow jacket"", ""Ski poles"", ""Snow-covered mountain"", ""Rocky outcrops"", ""Clear blue sky""], ""scene"": ""Outdoor winter landscape"", ""spatial_info"": {""skier"": ""Center-left"", ""mountain"": ""Background"", ""sky"": ""Top of the image""}}, ""confidence"": 0.9491459199553172, ""recognition_status"": ""success"", ""processing_time"": 7.928240776062012}","Definition: In this task, draw tight bounding boxes around the ""Skier wearing yellow jacket"".
Emphasis & Caution: Focus on the ""yellow jacket"".
Things to Avoid: Do not annotate ""Snow-covered mountain"", ""Rocky outcrops"", or ""Clear blue sky""."
9105,"{""description"": ""A man wearing a suit and tie is standing indoors, with bright lighting causing overexposure in parts of the image."", ""details"": {""objects"": [""man"", ""suit jacket"", ""pink tie"", ""white shirt"", ""light fixture""], ""scene"": ""indoor scene"", ""spatial_info"": {""man"": ""center"", ""suit jacket"": ""center"", ""pink tie"": ""center"", ""white shirt"": ""center"", ""light fixture"": ""top left""}}, ""confidence"": 0.9566573461536777, ""recognition_status"": ""success"", ""processing_time"": 8.587053775787354}","Definition: In this task, draw tight bounding boxes around the ""man"".
Emphasis & Caution: Focus on the ""pink tie"".
Things to Avoid: Do not annotate ""light fixture""."
9395,"{""description"": ""A baseball pitcher is captured mid-throw on the mound during a game."", ""details"": {""objects"": [""baseball pitcher"", ""baseball glove"", ""baseball uniform"", ""baseball field"", ""pitcher's mound""], ""scene"": ""sports event"", ""spatial_info"": {""baseball pitcher"": ""centered on the pitcher's mound"", ""baseball glove"": ""held high above head"", ""baseball uniform"": ""white with number 55"", ""baseball field"": ""green grass surrounding the dirt mound"", ""pitcher's mound"": ""oval-shaped dirt area surrounded by grass""}}, ""confidence"": 0.9504898337267647, ""recognition_status"": ""success"", ""processing_time"": 10.287768840789795}","Definition: In this task, draw tight bounding boxes around the ""baseball pitcher"".
Emphasis & Caution: Focus on the ""baseball uniform"" with ""number 55"".
Things to Avoid: Do not annotate ""baseball field"" or ""pitcher's mound""."
9673,"{""description"": ""A close-up view of a street sign at an intersection, showing 'One Way' signs for 'Water St' and 'Dock St', with a large industrial structure and brick building in the background."", ""details"": {""objects"": [""Street signs"", ""One Way signs"", ""Industrial structure"", ""Brick building"", ""Windows on the building""], ""scene"": ""Urban street"", ""spatial_info"": {""Street signs"": ""Centered in the foreground"", ""One Way signs"": ""Attached to a pole"", ""Industrial structure"": ""Above the street signs"", ""Brick building"": ""Behind the street signs"", ""Windows on the building"": ""Visible on the brick wall""}}, ""confidence"": 0.9364567381449788, ""recognition_status"": ""success"", ""processing_time"": 10.89457082748413}","Definition: In this task, draw tight bounding boxes around the ""Street signs"".
Emphasis & Caution: Focus on the ""One Way signs"".
Things to Avoid: Do not annotate ""Industrial structure"", ""Brick building"", or ""Windows on the building""."
9872,"{""description"": ""A blue and white bus is driving on a wet urban street during a rainy day."", ""details"": {""objects"": [""bus"", ""pedestrian"", ""rain"", ""building"", ""street""], ""scene"": ""urban street"", ""spatial_info"": {""bus"": ""center of the image, moving forward"", ""pedestrian"": ""left side of the image, walking away from the bus"", ""rain"": ""visible as raindrops falling on the bus and street"", ""building"": ""background, partially obscured by the bus"", ""street"": ""wet surface reflecting light""}}, ""confidence"": 0.9404109200733766, ""recognition_status"": ""success"", ""processing_time"": 9.65606951713562}","Definition: In this task, draw tight bounding boxes around the ""bus"" and the ""pedestrian"".
Emphasis & Caution: Focus on the ""bus"" in the center of the image.
Things to Avoid: Do not annotate ""rain"", ""building"", or ""street""."
10114,"{""description"": ""A cozy, well-lit kitchen with white cabinetry, a gas stove, and various kitchen items arranged on countertops."", ""details"": {""objects"": [""White gas stove"", ""Refrigerator"", ""White cabinets"", ""Sink"", ""Trash can"", ""Chandelier light fixture"", ""Countertops"", ""Wall-mounted faucet"", ""Decorative items on refrigerator""], ""scene"": ""Indoor scene"", ""spatial_info"": {""gas stove"": ""Left side of the image"", ""refrigerator"": ""Left side of the image"", ""cabinets"": ""Above the stove and sink areas"", ""sink"": ""Center-right of the image"", ""trash can"": ""Between the stove and sink"", ""chandelier light fixture"": ""Hanging from the ceiling above the stove"", ""countertops"": ""Surrounding the stove and sink areas"", ""wall-mounted faucet"": ""Above the sink area""}}, ""confidence"": 0.935401824840999, ""recognition_status"": ""success"", ""processing_time"": 14.344799041748047}","Definition: In this task, draw tight bounding boxes around the ""White gas stove"" and the ""Refrigerator"".
Emphasis & Caution: -
Things to Avoid: Do not annotate ""White cabinets"", ""Sink"", ""Trash can"", ""Chandelier light fixture"", ""Countertops"", or ""Wall-mounted faucet""."
10343,"{""description"": ""A long passenger train travels through a rural landscape, surrounded by harvested fields and lush greenery."", ""details"": {""objects"": [""passenger train"", ""harvested field"", ""green trees"", ""power lines"", ""railroad tracks""], ""scene"": ""rural landscape"", ""spatial_info"": {""train"": ""center-right"", ""fields"": ""left and bottom"", ""trees"": ""background"", ""power lines"": ""above train""}}, ""confidence"": 0.9498483814485392, ""recognition_status"": ""success"", ""processing_time"": 8.15029764175415}","Definition: In this task, draw tight bounding boxes around the ""passenger train"".
Emphasis & Caution: -
Things to Avoid: Do not annotate ""harvested field"", ""green trees"", ""power lines"", or ""railroad tracks""."
10614,"{""description"": ""A partially eaten pizza on a white plate with a bottle of hot sauce and a pepper grinder in the background."", ""details"": {""objects"": [""Partially eaten pizza"", ""White plate"", ""Bottle of hot sauce"", ""Pepper grinder"", ""Table"", ""Background elements""], ""scene"": ""Indoor scene"", ""spatial_info"": {""Partially eaten pizza"": ""On the white plate, occupying the foreground."", ""Bottle of hot sauce"": ""To the left of the plate, slightly out of focus."", ""Pepper grinder"": ""Between the pizza and the hot sauce bottle, also slightly out of focus."", ""Table"": ""Underneath the plate and other objects, providing a surface for the items."", ""Background elements"": ""Including a person's hand and part of their clothing, suggesting a casual dining setting.""}}, ""confidence"": 0.9344411722945954, ""recognition_status"": ""success"", ""processing_time"": 12.81459355354309}","Definition: In this task, draw tight bounding boxes around the ""Partially eaten pizza"".
Emphasis & Caution: -
Things to Avoid: Do not annotate ""White plate"", ""Bottle of hot sauce"", ""Pepper grinder"", ""Table"", or ""Background elements""."
10831,"{""description"": ""A person is playing frisbee in an open grassy field under a clear sky."", ""details"": {""objects"": [""person wearing a white tank top and black shorts"", ""frisbee in mid-air"", ""green grassy field"", ""buildings in the background"", ""trees"", ""clear sky""], ""scene"": ""outdoor recreational area"", ""spatial_info"": {""person"": ""center of the image, facing away from the camera"", ""frisbee"": ""above the person's head, moving towards them"", ""field"": ""covers the entire image, extending to the horizon"", ""buildings"": ""in the distance on the right side"", ""trees"": ""scattered across the field""}}, ""confidence"": 0.9478072422368318, ""recognition_status"": ""success"", ""processing_time"": 11.303247451782227}","Definition: In this task, draw tight bounding boxes around the ""person wearing a white tank top and black shorts"".
Emphasis & Caution: Focus on the ""white tank top and black shorts"".
Things to Avoid: Do not annotate ""frisbee in mid-air"", ""green grassy field"", ""buildings in the background"", ""trees"", or ""clear sky""."
11129,"{""description"": ""A tennis player in a red outfit is preparing to hit a ball on a blue court."", ""details"": {""objects"": [""Tennis player"", ""Tennis racket"", ""Tennis ball"", ""Court""], ""scene"": ""Outdoor tennis court"", ""spatial_info"": {""Tennis player"": ""Center of the image, leaning forward"", ""Tennis racket"": ""In the player's right hand, positioned near the ball"", ""Tennis ball"": ""On the ground, slightly ahead of the player"", ""Court"": ""Blue surface with white boundary lines""}}, ""confidence"": 0.9484403377521249, ""recognition_status"": ""success"", ""processing_time"": 9.31315565109253}","Definition: In this task, draw tight bounding boxes around the ""Tennis player"".
Emphasis & Caution: Focus on the ""red outfit"".
Things to Avoid: Do not annotate ""Tennis racket"", ""Tennis ball"", or ""Court""."
11313,"{""description"": ""A neatly arranged hotel room bed with colorful pillows and a striped blanket, set against a window with curtains."", ""details"": {""objects"": [""bed"", ""pillows"", ""striped blanket"", ""chair"", ""window"", ""curtains""], ""scene"": ""indoor scene"", ""spatial_info"": {""bed"": ""center of the image"", ""pillows"": ""on the bed"", ""striped blanket"": ""over the bed"", ""chair"": ""to the right of the bed"", ""window"": ""left side of the image"", ""curtains"": ""covering the window""}}, ""confidence"": 0.9554227160884488, ""recognition_status"": ""success"", ""processing_time"": 10.05908727645874}","Definition: In this task, draw tight bounding boxes around the ""bed"".
Emphasis & Caution: Focus on the ""bed"" in the center of the image.
Things to Avoid: Do not annotate ""window"", ""curtains"", or ""chair""."
11554,"{""description"": ""A zebra stands in an enclosure surrounded by trees and fencing, with sunlight filtering through the foliage."", ""details"": {""objects"": [""zebra"", ""trees"", ""fencing"", ""ground""], ""scene"": ""zoo or wildlife enclosure"", ""spatial_info"": {""zebra"": ""center"", ""trees"": ""behind zebra"", ""fencing"": ""surrounding zebra"", ""ground"": ""underneath zebra""}}, ""confidence"": 0.958167095760621, ""recognition_status"": ""success"", ""processing_time"": 8.124379634857178}","Definition: In this task, draw tight bounding boxes around the ""zebra"".
Emphasis & Caution: Focus on the ""zebra"" in the center.
Things to Avoid: Do not annotate ""trees"", ""fencing"", or ""ground""."
11791,"{""description"": ""A group of four people posing for a photo in front of an elephant enclosure at a zoo or wildlife park."", ""details"": {""objects"": [""four individuals"", ""an elephant"", ""fence"", ""plants"", ""grass"", ""trees"", ""buildings in the background""], ""scene"": ""zoo or wildlife park"", ""spatial_info"": {""people"": [""standing in front of the elephant enclosure""], ""elephant"": [""behind the fence, facing right""], ""fence"": [""surrounding the elephant enclosure""], ""plants"": [""in the foreground""], ""grass"": [""covering the ground""], ""trees"": [""in the background""], ""buildings"": [""visible in the far background""]}}, ""confidence"": 0.9465275322304906, ""recognition_status"": ""success"", ""processing_time"": 11.591795444488525}","Definition: In this task, draw tight bounding boxes around the ""four individuals"" and ""an elephant"".
Emphasis & Caution: Focus on the ""four individuals"" in front and the ""an elephant"" behind the fence.
Things to Avoid: Do not annotate ""fence"", ""plants"", ""grass"", ""trees"", or ""buildings in the background""."
12107,"{""description"": ""A brick building facade featuring two teal doors numbered '4' and '2', and three windows with teal frames, situated on an urban street."", ""details"": {""objects"": [""Two teal doors"", ""Brick wall"", ""Three teal-framed windows"", ""Clock above the left door"", ""Mail slots on the doors"", ""Numbered signs on the doors"", ""Sidewalk in front of the building""], ""scene"": ""Urban street"", ""spatial_info"": {""doors"": [""left"", ""right""], ""windows"": [""center"", ""right"", ""far right""], ""sidewalk"": ""in front of the building""}}, ""confidence"": 0.9311169033803363, ""recognition_status"": ""success"", ""processing_time"": 10.054487466812134}","Definition: In this task, draw tight bounding boxes around the ""Two teal doors"" and ""Three teal-framed windows"".
Emphasis & Caution: Focus on the teal-colored doors and windows on the facade.
Things to Avoid: Do not annotate ""Brick wall"", ""Clock above the left door"", or ""Sidewalk in front of the building""."
12343,"{""description"": ""A motorcyclist wearing protective gear rides a sportbike on a racetrack."", ""details"": {""objects"": [""motorcyclist"", ""motorcycle"", ""racetrack""], ""scene"": ""racing track"", ""spatial_info"": {""motorcyclist"": ""center-right"", ""motorcycle"": ""center"", ""racetrack"": ""surrounding area""}}, ""confidence"": 0.9659638049221629, ""recognition_status"": ""success"", ""processing_time"": 7.002541542053223}","Definition: In this task, draw tight bounding boxes around the ""motorcyclist"" and ""motorcycle"".
Emphasis & Caution: Focus on the ""motorcyclist"" and ""motorcycle"" in the center area.
Things to Avoid: Do not annotate the ""racetrack""."
12551,"{""description"": ""Three old, weathered bathtubs are lined up against a deteriorating wall in an indoor setting."", ""details"": {""objects"": [""Three bathtubs"", ""Deteriorating wall""], ""scene"": ""Indoor scene"", ""spatial_info"": {""bathtubs"": [""lined up against the wall""], ""wall"": [""behind the bathtubs""]}}, ""confidence"": 0.9550820039067931, ""recognition_status"": ""success"", ""processing_time"": 6.931053400039673}","Definition: In this task, draw tight bounding boxes around all ""Three bathtubs"".
Emphasis & Caution: Focus on the bathtubs lined up against the wall.
Things to Avoid: Do not annotate the ""Deteriorating wall""."
12805,"{""description"": ""A man is reaching into an open refrigerator while a white cockatoo perches on top of it."", ""details"": {""objects"": [""man"", ""white cockatoo"", ""refrigerator"", ""microwave"", ""kitchen cabinets"", ""clock"", ""bottles"", ""food items""], ""scene"": ""indoor scene"", ""spatial_info"": {""man"": ""left side, reaching into the refrigerator"", ""cockatoo"": ""on top of the refrigerator"", ""refrigerator"": ""center, open"", ""microwave"": ""attached to the refrigerator"", ""kitchen cabinets"": ""above the refrigerator"", ""clock"": ""on the wall above the cabinets"", ""bottles"": ""inside the refrigerator"", ""food items"": ""various items inside the refrigerator""}}, ""confidence"": 0.9565115814409016, ""recognition_status"": ""success"", ""processing_time"": 12.831714868545532}","Definition: In this task, draw tight bounding boxes around the ""man"" and the ""white cockatoo"".
Emphasis & Caution: Focus on the man reaching into the refrigerator and the cockatoo on top of it.
Things to Avoid: Do not annotate ""refrigerator"", ""microwave"", ""kitchen cabinets"", ""clock"", ""bottles"", or ""food items""."
13020,"{""description"": ""Two individuals are engaged in a game of ultimate frisbee on a grassy field, with one player diving to catch the frisbee while another player attempts to block them."", ""details"": {""objects"": [""Two players in red shirts"", ""A white frisbee"", ""Green artificial turf"", ""Spectators in the background"", ""Trees and a building in the distance""], ""scene"": ""Outdoor sports field"", ""spatial_info"": {""Players"": [""Player 1 is on the left side of the image, Player 2 is on the right side."", ""Both players are positioned near the center of the image, with Player 2 closer to the foreground and Player 1 slightly behind and to the left.""], ""Frisbee"": ""The frisbee is located between the two players, with Player 2 reaching out towards it."", ""Spectators"": ""Spectators are visible in the background, scattered across the field."", ""Trees and Building"": ""Trees and a building are situated in the far background, indicating an outdoor setting.""}}, ""confidence"": 0.9234359800309007, ""recognition_status"": ""success"", ""processing_time"": 15.670684576034546}","Definition: In this task, draw tight bounding boxes around all ""Two players in red shirts"".
Emphasis & Caution: Focus on players wearing red shirts near the center.
Things to Avoid: Do not annotate ""A white frisbee"", ""Spectators in the background"", ""Trees and a building in the distance"", or ""Green artificial turf""."
13279,"{""description"": ""A snowy street scene featuring a U.S. Postal Service delivery truck parked near a bicycle and snow-covered cars."", ""details"": {""objects"": [""truck"", ""bicycle"", ""snow"", ""street"", ""urban""], ""scene"": ""truck"", ""spatial_info"": ""Main elements distributed in the image""}, ""confidence"": 0.9406473762562745, ""recognition_status"": ""success"", ""processing_time"": 17.995636224746704}","Definition: In this task, draw tight bounding boxes around the ""truck"" and the ""bicycle"".
Emphasis & Caution: -
Things to Avoid: Do not annotate ""snow"", ""street"", or ""urban""."
13528,"{""description"": ""A Los Angeles Metro train is stopped at a station, with its pantograph raised, indicating it's powered by overhead lines."", ""details"": {""objects"": [""Los Angeles Metro train"", ""pantograph"", ""station platform"", ""person walking on platform"", ""building"", ""signboard"", ""streetlight""], ""scene"": ""urban street"", ""spatial_info"": {""train"": ""center"", ""platform"": ""right"", ""person"": ""right"", ""building"": ""left"", ""signboard"": ""right"", ""streetlight"": ""right""}}, ""confidence"": 0.9380567797150754, ""recognition_status"": ""success"", ""processing_time"": 9.606770992279053}","Definition: In this task, draw tight bounding boxes around the ""Los Angeles Metro train"" and the ""person walking on platform"".
Emphasis & Caution: Focus on the train at the center and the person on the platform.
Things to Avoid: Do not annotate ""pantograph"", ""station platform"", ""building"", ""signboard"", or ""streetlight""."
13867,"{""description"": ""A person is captured mid-action throwing a frisbee in an open grassy yard on a sunny day."", ""details"": {""objects"": [""person"", ""frisbee"", ""grass"", ""trees"", ""house"", ""fence""], ""scene"": ""outdoor recreational area"", ""spatial_info"": {""person"": ""center-right"", ""frisbee"": ""in the air, slightly left of the person"", ""grass"": ""covering the ground"", ""trees"": ""in the background"", ""house"": ""left side background"", ""fence"": ""right side background""}}, ""confidence"": 0.9490377454973405, ""recognition_status"": ""success"", ""processing_time"": 9.828456401824951}","Definition: In this task, draw tight bounding boxes around the ""person"".
Emphasis & Caution: Focus on the person at ""center-right"".
Things to Avoid: Do not annotate ""grass"", ""trees"", ""house"", or ""fence""."
14049,"{""description"": ""A hot dog topped with ketchup, mustard, and diced onions is served in a white paper tray on a wooden table."", ""details"": {""objects"": [""hot dog"", ""ketchup"", ""mustard"", ""diced onions"", ""white paper tray"", ""wooden table"", ""bottle""], ""scene"": ""indoor scene"", ""spatial_info"": {""hot dog"": ""center of the image"", ""ketchup"": ""spread over the hot dog"", ""mustard"": ""on the side of the hot dog"", ""diced onions"": ""scattered on top"", ""white paper tray"": ""holding the hot dog"", ""wooden table"": ""underneath the tray"", ""bottle"": ""in the background""}}, ""confidence"": 0.9653313143069913, ""recognition_status"": ""success"", ""processing_time"": 12.130208730697632}","Definition: In this task, draw tight bounding boxes around the ""hot dog"".
Emphasis & Caution: -
Things to Avoid: Do not annotate ""white paper tray"", ""wooden table"", or ""bottle""."
14321,"{""description"": ""A gathering of vintage motorcycles on a cobblestone street, surrounded by people and urban buildings."", ""details"": {""objects"": [""Vintage motorcycles"", ""People"", ""Cobblestone street"", ""Urban buildings""], ""scene"": ""Outdoor event"", ""spatial_info"": {""motorcycles"": [""center""], ""people"": [""left"", ""right""], ""buildings"": [""background""]}}, ""confidence"": 0.9502779374190966, ""recognition_status"": ""success"", ""processing_time"": 6.937317371368408}","Definition: In this task, draw tight bounding boxes around all ""Vintage motorcycles"".
Emphasis & Caution: Focus on motorcycles at the ""center"".
Things to Avoid: Do not annotate ""People"", ""Cobblestone street"", or ""Urban buildings""."
14567,"{""description"": ""A small aircraft is silhouetted against a cloudy sky, creating a dramatic contrast."", ""details"": {""objects"": [""aircraft""], ""scene"": ""outdoor"", ""spatial_info"": {""aircraft"": ""center"", ""sky"": ""background""}}, ""confidence"": 0.9608334977612247, ""recognition_status"": ""success"", ""processing_time"": 5.3586671352386475}","Definition: In this task, draw tight bounding boxes around the ""aircraft"".
Emphasis & Caution: -
Things to Avoid: -"
14804,"{""description"": ""A relaxed calico cat lounges on a wooden surface, illuminated by a warm light source."", ""details"": {""objects"": [""calico cat"", ""wooden surface"", ""vase"", ""wall"", ""lighting fixture"", ""posters""], ""scene"": ""indoor scene"", ""spatial_info"": {""cat"": ""resting on the wooden surface"", ""vase"": ""to the left of the cat"", ""wall"": ""behind the cat"", ""lighting fixture"": ""above the cat"", ""posters"": ""on the wall behind the cat""}}, ""confidence"": 0.9479121051116659, ""recognition_status"": ""success"", ""processing_time"": 9.80747127532959}","Definition: In this task, draw tight bounding boxes around the ""calico cat"".
Emphasis & Caution: -
Things to Avoid: Do not annotate ""wooden surface"", ""vase"", ""wall"", ""lighting fixture"", or ""posters""."
15006,"{""description"": ""A restroom with graffiti-covered walls, featuring two toilets and a stall door, creating an urban and vandalized atmosphere."", ""details"": {""objects"": [""Toilet"", ""Stall door"", ""Graffiti""], ""scene"": ""Indoor scene"", ""spatial_info"": {""Toilet"": [""Left toilet located on the left side of the image."", ""Right toilet located on the right side of the image.""], ""Stall door"": [""The door is covered in graffiti and located between the two toilets."", ""It has a metallic handle and hinges visible.""], ""Graffiti"": [""Covering the entire wall space, including the stall doors and the floor.""]}}, ""confidence"": 0.9049563082918418, ""recognition_status"": ""success"", ""processing_time"": 10.789896249771118}","Definition: In this task, draw tight bounding boxes around all ""Toilet"" and ""Stall door"".
Emphasis & Caution: Use the left and right placement of each ""Toilet"".
Things to Avoid: Do not annotate ""Graffiti""."
15219,"{""description"": ""A close-up view of a pizza on a decorative plate, surrounded by drinks and people at a dining table."", ""details"": {""objects"": [""Pizza"", ""Decorative plate"", ""Drinks (beer, soda)"", ""Forks and knives"", ""People's arms"", ""Table""], ""scene"": ""Indoor scene"", ""spatial_info"": {""Pizza"": ""Center of the image, placed on a decorative plate"", ""Drinks"": ""Surrounding the pizza, with beer and soda bottles visible"", ""Forks and knives"": ""Placed next to the pizza"", ""People's arms"": ""Visible in the background, suggesting a social gathering"", ""Table"": ""Wooden surface where the pizza is placed""}}, ""confidence"": 0.9349836569570233, ""recognition_status"": ""success"", ""processing_time"": 11.466039896011353}","Definition: In this task, draw tight bounding boxes around all ""Pizza"".
Emphasis & Caution: Focus on the ""Pizza"" at the center of the image.
Things to Avoid: Do not annotate ""Decorative plate"", ""Drinks (beer, soda)"", ""Forks and knives"", ""People's arms"", or ""Table""."
15472,"{""description"": ""A baseball game is in progress, with players on the field and spectators in the stands watching."", ""details"": {""objects"": [""baseball players"", ""baseball field"", ""spectators"", ""baseball diamond"", ""baseball uniforms"", ""baseball glove"", ""baseball bat"", ""baseball bases""], ""scene"": ""Baseball game"", ""spatial_info"": {""baseball players"": [""standing near first base"", ""on the pitcher's mound"", ""running towards first base""], ""spectators"": [""in the background"", ""watching the game""], ""baseball field"": [""green grass"", ""brown dirt""]}}, ""confidence"": 0.9316069022208768, ""recognition_status"": ""success"", ""processing_time"": 11.028621673583984}","Definition: In this task, draw tight bounding boxes around all ""baseball players"".
Emphasis & Caution: Focus on players near first base, the pitcher's mound, or running.
Things to Avoid: Do not annotate ""spectators"", ""baseball field"", or other field elements."
15704,"{""description"": ""A clean, modern bathroom featuring a bathtub, sink, and vanity area."", ""details"": {""objects"": [""bathtub"", ""toilet"", ""vanity"", ""sink"", ""mirror"", ""light fixture"", ""towel rack""], ""scene"": ""indoor scene"", ""spatial_info"": {""bathtub"": ""left side"", ""toilet"": ""center-left"", ""vanity"": ""right side"", ""sink"": ""center-right"", ""mirror"": ""above sink"", ""light fixture"": ""above mirror"", ""towel rack"": ""left wall""}}, ""confidence"": 0.9601446250129108, ""recognition_status"": ""success"", ""processing_time"": 9.526660919189453}","Definition: In this task, draw tight bounding boxes around all ""bathtub"", ""toilet"", ""vanity"", and ""sink"".
Emphasis & Caution: Use their left, center-left, right, and center-right positions.
Things to Avoid: Do not annotate ""mirror"", ""light fixture"", or ""towel rack""."
15944,"{""description"": ""A tiered display of sandwiches, scones, and pastries arranged on a wooden table, suggesting a high tea setting."", ""details"": {""objects"": [""sandwiches"", ""scones"", ""pastries"", ""tea cup"", ""saucer"", ""spoon"", ""plate"", ""table""], ""scene"": ""indoor scene"", ""spatial_info"": {""sandwiches"": [""bottom tier""], ""scones"": [""middle tier""], ""pastries"": [""top tier""], ""tea cup"": [""left side""], ""saucer"": [""left side""], ""spoon"": [""right side""], ""plate"": [""all tiers""], ""table"": [""background""]}}, ""confidence"": 0.9506478940768593, ""recognition_status"": ""success"", ""processing_time"": 11.44333791732788}","Definition: In this task, draw tight bounding boxes around all ""sandwiches"", ""scones"", and ""pastries"".
Emphasis & Caution: Use the bottom, middle, and top tier placement.
Things to Avoid: Do not annotate ""tea cup"", ""saucer"", ""spoon"", ""plate"", or ""table""."
16161,"{""description"": ""A close-up image featuring a bunch of bananas with an orange placed on top, set against a green background."", ""details"": {""objects"": [""Bananas"", ""Orange""], ""scene"": ""Indoor scene"", ""spatial_info"": {""Bananas"": ""Stacked vertically with the orange resting on top"", ""Orange"": ""Positioned centrally among the bananas""}}, ""confidence"": 0.9453252536874213, ""recognition_status"": ""success"", ""processing_time"": 6.452637672424316}","Definition: In this task, draw tight bounding boxes around all ""Bananas"" and ""Orange"".
Emphasis & Caution: The ""Orange"" is positioned on top of the ""Bananas"".
Things to Avoid: -"
16362,"{""description"": ""A serene pastoral landscape featuring grazing horses scattered across a vast, open field with sparse vegetation and distant trees."", ""details"": {""objects"": [""Horses"", ""Grass"", ""Trees"", ""Hills""], ""scene"": ""Pastoral landscape"", ""spatial_info"": {""Horses"": [{""position"": ""left"", ""count"": 3}, {""position"": ""center"", ""count"": 4}, {""position"": ""right"", ""count"": 3}], ""Grass"": [""field""], ""Trees"": [""background""], ""Hills"": [""background""]}}, ""confidence"": 0.9515174101003384, ""recognition_status"": ""success"", ""processing_time"": 9.916338920593262}","Definition: In this task, draw tight bounding boxes around all ""Horses"".
Emphasis & Caution: Horses are scattered on the left, center, and right.
Things to Avoid: Do not annotate ""Grass"", ""Trees"", or ""Hills""."
16605,"{""description"": ""A skier is captured mid-air while navigating a steep, snow-covered mountain slope."", ""details"": {""objects"": [""Skier"", ""Ski poles"", ""Skiing gear"", ""Snow-covered mountain slope"", ""Rocky outcrops""], ""scene"": ""Outdoor winter sports scene"", ""spatial_info"": {""skier"": ""In the center of the image, airborne"", ""ski poles"": ""Extended upwards, held by the skier"", ""snow-covered mountain slope"": ""Dominates the background, covered in snow"", ""rocky outcrops"": ""Visible on the right side of the image, partially covered in snow""}}, ""confidence"": 0.9360968985638245, ""recognition_status"": ""success"", ""processing_time"": 10.590549230575562}","Definition: In this task, draw tight bounding boxes around all ""Skier"".
Emphasis & Caution: The ""Skier"" is airborne in the center of the image.
Things to Avoid: Do not annotate ""Snow-covered mountain slope"" or ""Rocky outcrops""."
16825,"{""description"": ""Two zebras are interacting closely, with one nuzzling the other's head in a gentle manner."", ""details"": {""objects"": [""zebra"", ""zebra""], ""scene"": ""zoo enclosure"", ""spatial_info"": {""zebra_1"": ""on the left"", ""zebra_2"": ""on the right""}}, ""confidence"": 0.9439435928550725, ""recognition_status"": ""success"", ""processing_time"": 6.5664222240448}","Definition: In this task, draw tight bounding boxes around all ""zebra"".
Emphasis & Caution: One zebra is on the left and one on the right.
Things to Avoid: -"
17137,"{""description"": ""A person wearing a wetsuit is surfing on a wave, balancing on a surfboard amidst splashing water."", ""details"": {""objects"": [""person in a wetsuit"", ""surfboard"", ""wave"", ""water""], ""scene"": ""outdoor"", ""spatial_info"": {""person"": ""center"", ""surfboard"": ""underneath the person"", ""wave"": ""surrounding the person"", ""water"": ""filling the background""}}, ""confidence"": 0.9536193284096107, ""recognition_status"": ""success"", ""processing_time"": 8.362607955932617}","Definition: In this task, draw tight bounding boxes around all ""person in a wetsuit"" and ""surfboard"".
Emphasis & Caution: The person is centered and standing on the ""surfboard"".
Things to Avoid: Do not annotate ""wave"" or ""water""."
17392,"{""description"": ""A serene riverside scene featuring a bridge, swans, ducks, and autumn foliage under an overcast sky."", ""details"": {""objects"": [""bridge"", ""swans"", ""ducks"", ""fence"", ""fallen leaves"", ""trees"", ""water"", ""overcast sky""], ""scene"": ""riverside"", ""spatial_info"": {""bridge"": ""center"", ""swans"": ""on water"", ""ducks"": ""on water"", ""fence"": ""foreground"", ""fallen leaves"": ""ground"", ""trees"": ""right side"", ""water"": ""center and foreground"", ""overcast sky"": ""background""}}, ""confidence"": 0.9477325143956413, ""recognition_status"": ""success"", ""processing_time"": 10.72265625}","Definition: In this task, draw tight bounding boxes around all ""swans"" and ""ducks"".
Emphasis & Caution: Focus on animals on the water.
Things to Avoid: Do not annotate ""bridge"", ""fence"", ""fallen leaves"", ""trees"", ""water"", or ""overcast sky""."
17625,"{""description"": ""A red stop sign is prominently displayed against a grayscale urban backdrop, highlighting its vibrant color."", ""details"": {""objects"": [""Red stop sign"", ""Grayscale building facade"", ""Street lamp"", ""Archway""], ""scene"": ""Urban street"", ""spatial_info"": {""stop_sign"": ""Attached to a pole on the right side of the image"", ""building_facades"": ""Background elements"", ""street_lamp"": ""Below and to the left of the stop sign"", ""archway"": ""In the background, partially obscured by the stop sign""}}, ""confidence"": 0.9409416121520459, ""recognition_status"": ""success"", ""processing_time"": 9.283442974090576}","Definition: In this task, draw tight bounding boxes around all ""Red stop sign"".
Emphasis & Caution: Focus on the red color on the right side.
Things to Avoid: Do not annotate ""Grayscale building facade"", ""Street lamp"", or ""Archway""."
17927,"{""description"": ""A group of five individuals is gathered on a tennis court, preparing for or taking a break from a game, with a construction vehicle visible in the background."", ""details"": {""objects"": [""Five people holding tennis rackets"", ""Tennis court net"", ""Construction vehicle"", ""Palm trees"", ""Dirt ground"", ""Hills in the background""], ""scene"": ""Outdoor tennis court"", ""spatial_info"": {""people"": [""standing near the net"", ""holding rackets"", ""bending over""], ""construction vehicle"": ""on the right side of the image"", ""palm trees"": ""in the background to the left"", ""hills"": ""in the distant background""}}, ""confidence"": 0.9293653052884088, ""recognition_status"": ""success"", ""processing_time"": 11.388844728469849}","Definition: In this task, draw tight bounding boxes around all ""Five people holding tennis rackets"".
Emphasis & Caution: Near the tennis court net.
Things to Avoid: Do not annotate ""Construction vehicle"", ""Palm trees"", ""Dirt ground"", or ""Hills in the background""."
18183,"{""description"": ""A historical clock mounted on an ornate wall within a grand architectural setting, illuminated by a bright light source."", ""details"": {""objects"": [""Historical clock"", ""Ornate wall"", ""Arched windows"", ""Light source"", ""Architectural columns""], ""scene"": ""Indoor scene"", ""spatial_info"": {""clock"": ""Centered on the wall"", ""arched windows"": ""Below the clock"", ""columns"": ""Flanking the wall"", ""light source"": ""Illuminating the clock""}}, ""confidence"": 0.9332522399402041, ""recognition_status"": ""success"", ""processing_time"": 8.920588731765747}","Definition: In this task, draw tight bounding boxes around all ""Historical clock"".
Emphasis & Caution: Centered on the wall.
Things to Avoid: Do not annotate ""Ornate wall"", ""Arched windows"", ""Light source"", or ""Architectural columns""."
18402,"{""description"": ""A black-and-white street scene featuring two men engaged in conversation while seated on cylindrical bollards, with a woman sitting nearby and others walking in the background."", ""details"": {""objects"": [""Two men seated on bollards"", ""A woman sitting on a bollard"", ""People walking in the background"", ""Metal bollards"", ""Glass doors of a building"", ""Sidewalk""], ""scene"": ""Urban street"", ""spatial_info"": {""Two men"": ""Seated on bollards in the foreground"", ""Woman"": ""Sitting on a bollard to the right of the men"", ""People walking"": ""In the background, near the glass doors"", ""Bollards"": ""Line the sidewalk, serving as seating for individuals"", ""Glass doors"": ""Visible in the background, indicating a commercial or public space""}}, ""confidence"": 0.9281005910503275, ""recognition_status"": ""success"", ""processing_time"": 12.900279998779297}","Definition: In this task, draw tight bounding boxes around all ""Two men seated on bollards"" and ""A woman sitting on a bollard"".
Emphasis & Caution: Foreground seating on bollards.
Things to Avoid: Do not annotate ""People walking in the background"", ""Metal bollards"", ""Glass doors of a building"", or ""Sidewalk""."
18601,"{""description"": ""A dramatic view of a snow-covered mountain peak from an aircraft, showcasing rugged terrain and a clear sky."", ""details"": {""objects"": [""snow-covered mountain peak"", ""aircraft wing""], ""scene"": ""mountainous landscape"", ""spatial_info"": {""mountain peak"": ""center-right"", ""aircraft wing"": ""top-left""}}, ""confidence"": 0.939133725902247, ""recognition_status"": ""success"", ""processing_time"": 6.435856103897095}","Definition: In this task, draw tight bounding boxes around the ""snow-covered mountain peak"" and the ""aircraft wing"".
Emphasis & Caution: Note the ""snow-covered mountain peak"" at ""center-right"" and the ""aircraft wing"" at ""top-left"".
Things to Avoid: Do not annotate background elements like ""clear sky""."
18873,"{""description"": ""A birthday cake decorated with Thomas the Tank Engine, celebrating Samuel's second birthday."", ""details"": {""objects"": [""Thomas the Tank Engine"", ""Happy 2nd Birthday Samuel text"", ""Blue border decoration""], ""scene"": ""Indoor scene"", ""spatial_info"": {""Thomas the Tank Engine"": ""Center of the cake"", ""Happy 2nd Birthday Samuel text"": ""Above the train"", ""Blue border decoration"": ""Surrounding the entire cake""}}, ""confidence"": 0.9578735604139033, ""recognition_status"": ""success"", ""processing_time"": 8.003168821334839}","Definition: In this task, draw tight bounding boxes around ""Thomas the Tank Engine"" and ""Happy 2nd Birthday Samuel text"".
Emphasis & Caution: Focus on ""Thomas the Tank Engine"" at the ""Center of the cake"".
Things to Avoid: Do not annotate ""Blue border decoration""."
19123,"{""description"": ""Three individuals are engaged in a video game session, with two holding controllers and one standing with a beer bottle."", ""details"": {""objects"": [""Video game controllers"", ""Beer bottle"", ""Sofa"", ""Bookshelf"", ""Wii console"", ""Wii remote"", ""Hat"", ""Wii Balance Board""], ""scene"": ""Indoor scene"", ""spatial_info"": {""Video game controllers"": [""In hands of individuals""], ""Beer bottle"": [""Held by standing individual""], ""Sofa"": [""Located behind individuals""], ""Bookshelf"": [""To the left of the image""], ""Wii console"": [""On the floor near the sofa""], ""Wii remote"": [""Held by individuals""], ""Hat"": [""Worn by seated individual""], ""Wii Balance Board"": [""Placed on the floor""]}}, ""confidence"": 0.9331807727184904, ""recognition_status"": ""success"", ""processing_time"": 13.38607120513916}","Definition: In this task, draw tight bounding boxes around ""Video game controllers"", ""Wii remote"", and ""Beer bottle"".
Emphasis & Caution: Focus on items ""In hands of individuals"" and the ""Beer bottle"" held by the standing individual.
Things to Avoid: Do not annotate ""Sofa"", ""Bookshelf"", ""Wii console"", or ""Wii Balance Board""."
19375,"{""description"": ""A group of people interacting at an outdoor event under a tent, with one person handling a box containing yellow items."", ""details"": {""objects"": [""people"", ""tent"", ""box"", ""yellow items"", ""water bottle"", ""plastic bags"", ""trees"", ""building""], ""scene"": ""outdoor event"", ""spatial_info"": {""people"": [""left"", ""center"", ""right""], ""tent"": ""background"", ""box"": ""center"", ""yellow items"": ""in box"", ""water bottle"": ""on table"", ""plastic bags"": ""on ground"", ""trees"": ""left background"", ""building"": ""far right background""}}, ""confidence"": 0.9356948891035436, ""recognition_status"": ""success"", ""processing_time"": 13.052502632141113}","Definition: In this task, draw tight bounding boxes around ""people"" and the ""box"".
Emphasis & Caution: Focus on the ""box"" at the ""center"" containing ""yellow items"".
Things to Avoid: Do not annotate ""tent"", ""trees"", or ""building""."
19609,"{""description"": ""A vibrant market scene featuring a vendor arranging bunches of ripe bananas on a wooden stall."", ""details"": {""objects"": [""bunches of bananas"", ""wooden stall"", ""vendor wearing teal shirt and jeans"", ""plastic crates"", ""other market vendors and customers""], ""scene"": ""market"", ""spatial_info"": {""bunches of bananas"": [""on the wooden stall""], ""vendor"": [""standing beside the stall""], ""plastic crates"": [""behind the stall""], ""other market vendors and customers"": [""in the background""]}}, ""confidence"": 0.9365146518845082, ""recognition_status"": ""success"", ""processing_time"": 9.804763793945312}","Definition: In this task, draw tight bounding boxes around the ""vendor wearing teal shirt and jeans"" and ""bunches of bananas"".
Emphasis & Caution: Focus on the ""bunches of bananas"" on the ""wooden stall"".
Things to Avoid: Do not annotate ""plastic crates"" or ""other market vendors and customers""."
19863,"{""description"": ""A vintage steam locomotive is displayed indoors, showcasing intricate mechanical details and vibrant colors."", ""details"": {""objects"": [""vintage steam locomotive"", ""indoor exhibition space""], ""scene"": ""indoor scene"", ""spatial_info"": {""locomotive"": ""centered in the image"", ""exhibition space"": ""surrounding the locomotive""}}, ""confidence"": 0.949885840675522, ""recognition_status"": ""success"", ""processing_time"": 6.886926651000977}","Definition: In this task, draw tight bounding boxes around the ""vintage steam locomotive"".
Emphasis & Caution: Focus on the object ""centered in the image"".
Things to Avoid: Do not annotate ""indoor exhibition space""."
20106,"{""description"": ""A pastoral scene featuring a shepherd and his flock in a vast, open field under a clear sky."", ""details"": {""objects"": [""sheep"", ""shepherd"", ""field"", ""hills"", ""sky""], ""scene"": ""rural landscape"", ""spatial_info"": {""sheep"": ""center-left"", ""shepherd"": ""right"", ""field"": ""middle"", ""hills"": ""background"", ""sky"": ""top""}}, ""confidence"": 0.9491847757716735, ""recognition_status"": ""success"", ""processing_time"": 8.246473789215088}","Definition: In this task, draw tight bounding boxes around all ""sheep"" and the ""shepherd"".
Emphasis & Caution: Note ""sheep"" at ""center-left"" and the ""shepherd"" on the ""right"".
Things to Avoid: Do not annotate ""field"", ""hills"", or ""sky""."
20355,"{""description"": ""A black-and-white image depicts a man walking alongside two large elephants on a dirt path surrounded by lush greenery."", ""details"": {""objects"": [""man"", ""elephants"", ""dirt path"", ""greenery""], ""scene"": ""rural outdoor setting"", ""spatial_info"": {""man"": ""walking between the elephants, facing forward"", ""elephants"": [""left elephant facing left"", ""right elephant facing right""], ""dirt path"": ""wide and central to the image"", ""greenery"": ""surrounding the path and extending into the background""}}, ""confidence"": 0.9414062973855868, ""recognition_status"": ""success"", ""processing_time"": 9.628193378448486}","Definition: In this task, draw tight bounding boxes around the ""man"" and the ""elephants"".
Emphasis & Caution: Note the ""man"" walking between the elephants.
Things to Avoid: Do not annotate ""dirt path"" or ""greenery""."
20542,"{""description"": ""A close-up image showing a person holding a small electronic device, partially covered by a checkered fabric."", ""details"": {""objects"": [""Person's hand"", ""Small electronic device"", ""Checkered fabric"", ""Partially visible clothing""], ""scene"": ""Indoor scene"", ""spatial_info"": {""Person's hand"": ""In the foreground, holding the device"", ""Small electronic device"": ""Held in the person's hand"", ""Checkered fabric"": ""Covering part of the person's body"", ""Partially visible clothing"": ""Worn by the person""}}, ""confidence"": 0.9467923978138214, ""recognition_status"": ""success"", ""processing_time"": 9.66651725769043}","Definition: In this task, draw tight bounding boxes around the ""Person's hand"" and the ""Small electronic device"".
Emphasis & Caution: Focus on the foreground objects being held.
Things to Avoid: Do not annotate ""Checkered fabric"" or ""Partially visible clothing""."
20781,"{""description"": ""Two individuals are seated at a cluttered table, engaged in an activity involving a smartphone and various items on the table."", ""details"": {""objects"": [""Smartphone"", ""Cup"", ""Kool-Aid container"", ""Toothpaste"", ""Hair spray"", ""Desk organizer"", ""Books"", ""Electronics"", ""Miscellaneous items""], ""scene"": ""Indoor scene"", ""spatial_info"": {""Smartphone"": ""On the table, held by the person on the right."", ""Cup"": ""On the left side of the table."", ""Kool-Aid container"": ""On the left side of the table."", ""Toothpaste"": ""On the right side of the table."", ""Hair spray"": ""On the right side of the table."", ""Desk organizer"": ""On the right side of the table."", ""Books"": ""Stacked on the right side of the table."", ""Electronics"": ""On the left side of the table."", ""Miscellaneous items"": ""Scattered across the table.""}}, ""confidence"": 0.9387596571583003, ""recognition_status"": ""success"", ""processing_time"": 15.422605514526367}","Definition: In this task, draw tight bounding boxes around the ""Smartphone"".
Emphasis & Caution: Focus on the ""Smartphone"" held by the person on the right.
Things to Avoid: Do not annotate ""Cup"", ""Kool-Aid container"", ""Toothpaste"", ""Hair spray"", ""Desk organizer"", ""Books"", ""Electronics"", or ""Miscellaneous items""."
21061,"{""description"": ""Two giraffes are standing in a lush green field surrounded by bushes and trees, with one giraffe looking directly at the camera."", ""details"": {""objects"": [""two giraffes"", ""green grass"", ""bushes"", ""trees""], ""scene"": ""wilderness"", ""spatial_info"": {""giraffe_1"": ""left side of the image, facing forward"", ""giraffe_2"": ""right side of the image, facing away from the camera"", ""grass"": ""covering the ground"", ""bushes"": ""surrounding the giraffes"", ""trees"": ""in the background""}}, ""confidence"": 0.9566794064392137, ""recognition_status"": ""success"", ""processing_time"": 10.272096157073975}","Definition: In this task, draw tight bounding boxes around the ""two giraffes"".
Emphasis & Caution: One giraffe on the left facing forward, one on the right facing away.
Things to Avoid: Do not annotate ""green grass"", ""bushes"", or ""trees""."
21280,"{""description"": ""Two individuals are seated at a table, one eating a dessert while the other appears to be engaged in conversation or observing something off-camera."", ""details"": {""objects"": [""two people"", ""table"", ""plate with dessert"", ""cup"", ""magazine or book on the table"", ""hat worn by one person"", ""wall-mounted light fixture"", ""framed picture"", ""tile wall"", ""window""], ""scene"": ""indoor scene"", ""spatial_info"": {""people"": [""seated at the table""], ""plate with dessert"": [""in front of the person eating""], ""cup"": [""on the table""], ""magazine or book"": [""on the table""], ""hat"": [""worn by one person""], ""light fixture"": [""mounted on the wall""], ""picture frame"": [""hanging on the wall""], ""tile wall"": [""behind the people""], ""window"": [""visible in the background""]}}, ""confidence"": 0.9326129927399462, ""recognition_status"": ""success"", ""processing_time"": 14.69397521018982}","Definition: In this task, draw tight bounding boxes around the ""two people"".
Emphasis & Caution: -
Things to Avoid: Do not annotate ""table"", ""plate with dessert"", ""cup"", ""magazine or book on the table"", ""wall-mounted light fixture"", ""framed picture"", ""tile wall"", or ""window""."
21498,"{""description"": ""A young child is standing on top of an LG appliance, smiling at the camera."", ""details"": {""objects"": [""child"", ""LG appliance"", ""calendar"", ""remote control""], ""scene"": ""indoor scene"", ""spatial_info"": {""child"": ""standing on top of the LG appliance"", ""calendar"": ""attached to the front of the LG appliance"", ""remote control"": ""placed on the LG appliance""}}, ""confidence"": 0.9553345960416565, ""recognition_status"": ""success"", ""processing_time"": 7.713627099990845}","Definition: In this task, draw tight bounding boxes around the ""child"" and the ""LG appliance"".
Emphasis & Caution: The ""child"" is standing on top of the ""LG appliance"".
Things to Avoid: Do not annotate ""calendar"" or ""remote control""."
21764,"{""description"": ""A skateboarder performs a trick on a ramp at an outdoor event, wearing protective gear and balancing skillfully."", ""details"": {""objects"": [""Skateboarder"", ""Skateboard"", ""Ramp"", ""Protective gear (helmet, knee pads)"", ""Speakers"", ""Crowd"", ""Event tent"", ""Metal fence"", ""Urban background""], ""scene"": ""Outdoor skateboarding event"", ""spatial_info"": {""Skateboarder"": ""On the ramp, leaning forward"", ""Skateboard"": ""Under the skateboarder's feet, positioned on the ramp"", ""Protective gear"": ""Worn by the skateboarder"", ""Speakers"": ""To the left, near the ramp"", ""Crowd"": ""In the background, watching the event"", ""Event tent"": ""Behind the skateboarder, partially visible"", ""Metal fence"": ""At the top of the ramp, separating the skate area from the spectators"", ""Urban background"": ""Buildings and clear sky visible beyond the event area""}}, ""confidence"": 0.9374447474856948, ""recognition_status"": ""success"", ""processing_time"": 15.49250054359436}","Definition: In this task, draw tight bounding boxes around the ""Skateboarder"" and the ""Skateboard"".
Emphasis & Caution: Focus on the subject ""On the ramp"" wearing ""Protective gear (helmet, knee pads)"".
Things to Avoid: Do not annotate ""Ramp"", ""Speakers"", ""Crowd"", ""Event tent"", ""Metal fence"", or ""Urban background""."
22032,"{""description"": ""A white electric vehicle is parked next to a charging station under a blue canopy, with a truck labeled 'Vehicle Charge' nearby."", ""details"": {""objects"": [""electric vehicle"", ""charging station"", ""truck"", ""canopy"", ""trees"", ""parking lot"", ""signs""], ""scene"": ""outdoor parking lot"", ""spatial_info"": {""electric vehicle"": ""left side of the image"", ""charging station"": ""center-left"", ""truck"": ""right side of the image"", ""trees"": ""background"", ""parking lot"": ""entire image"", ""signs"": ""attached to the charging station and truck""}}, ""confidence"": 0.9393573606963191, ""recognition_status"": ""success"", ""processing_time"": 10.751930475234985}","Definition: In this task, draw tight bounding boxes around the ""electric vehicle"" and the ""truck"".
Emphasis & Caution: The ""electric vehicle"" is on the left and the ""truck"" is on the right.
Things to Avoid: Do not annotate ""charging station"", ""canopy"", ""trees"", ""parking lot"", or ""signs""."
22218,"{""description"": ""A Vueling aircraft is captured during takeoff, with its landing gear still deployed as it ascends into the sky."", ""details"": {""objects"": [""Vueling airplane"", ""airport runway"", ""grass field"", ""cloudy sky"", ""airport infrastructure""], ""scene"": ""airport runway"", ""spatial_info"": {""airplane"": ""center"", ""runway"": ""bottom"", ""grass field"": ""foreground"", ""sky"": ""background""}}, ""confidence"": 0.9384432670354353, ""recognition_status"": ""success"", ""processing_time"": 8.045876026153564}","Definition: In this task, draw tight bounding boxes around the ""Vueling airplane"".
Emphasis & Caution: Focus on the object in the ""center"" during takeoff.
Things to Avoid: Do not annotate ""airport runway"", ""grass field"", ""cloudy sky"", or ""airport infrastructure""."
22461,"{""description"": ""A bowl of cereal with a spoon and a small bowl of grapes on a blue surface."", ""details"": {""objects"": [""Cereal bowl"", ""Cereal"", ""Spoon"", ""Small bowl"", ""Grapes""], ""scene"": ""Indoor scene"", ""spatial_info"": {""Cereal bowl"": ""bottom right"", ""Cereal"": ""in the cereal bowl"", ""Spoon"": ""in the cereal bowl"", ""Small bowl"": ""top left"", ""Grapes"": ""in the small bowl""}}, ""confidence"": 0.9631115534225801, ""recognition_status"": ""success"", ""processing_time"": 9.281426191329956}","Definition: In this task, draw tight bounding boxes around the ""Cereal bowl"" and the ""Small bowl"".
Emphasis & Caution: Note the ""Cereal bowl"" at the ""bottom right"" and the ""Small bowl"" at the ""top left"".
Things to Avoid: Do not annotate ""Cereal"", ""Spoon"", or ""Grapes""."
22691,"{""description"": ""A man is leaning against a microwave oven that has a toaster oven inside, which appears to be cooking food."", ""details"": {""objects"": [""Man"", ""Microwave oven"", ""Toaster oven"", ""Food inside the toaster oven"", ""Wooden countertop"", ""Blue bowl on top of the microwave""], ""scene"": ""Indoor scene"", ""spatial_info"": {""Man"": ""Leaning against the microwave"", ""Microwave oven"": ""On the left side of the image"", ""Toaster oven"": ""Inside the microwave"", ""Food inside the toaster oven"": ""Cooking"", ""Wooden countertop"": ""Below the microwave"", ""Blue bowl on top of the microwave"": ""On the left side, near the microwave""}}, ""confidence"": 0.9470861161791359, ""recognition_status"": ""success"", ""processing_time"": 12.100806951522827}","Definition: In this task, draw tight bounding boxes around the ""Man"" and the ""Microwave oven"".
Emphasis & Caution: Focus on the ""Man"" leaning against the appliance on the left side.
Things to Avoid: Do not annotate ""Toaster oven"", ""Food inside the toaster oven"", ""Wooden countertop"", or ""Blue bowl on top of the microwave""."
22926,"{""description"": ""A tranquil scene featuring a small boat with an umbrella docked at a wooden pier during sunset, reflecting golden hues on the water."", ""details"": {""objects"": [""boat"", ""umbrella"", ""outboard motor"", ""wooden pier"", ""water"", ""trees"", ""sky""], ""scene"": ""outdoor"", ""spatial_info"": {""boat"": ""anchored to the wooden pier"", ""umbrella"": ""placed on the boat"", ""outboard motor"": ""attached to the back of the boat"", ""wooden pier"": ""extends into the water"", ""water"": ""reflects the sky and surrounding scenery"", ""trees"": ""line the background across the water"", ""sky"": ""shows a gradient from pink to blue, indicating sunset""}}, ""confidence"": 0.9430995298167993, ""recognition_status"": ""success"", ""processing_time"": 12.528374910354614}","Definition: In this task, draw tight bounding boxes around the ""boat"".
Emphasis & Caution: Focus on the object anchored to the ""wooden pier"".
Things to Avoid: Do not annotate ""umbrella"", ""outboard motor"", ""wooden pier"", ""water"", ""trees"", or ""sky""."
23158,"{""description"": ""A close-up view of a meal consisting of a pizza topped with cheese and vegetables, accompanied by a side of fries, served on a table at a restaurant."", ""details"": {""objects"": [""plate with pizza"", ""plate with fries"", ""knife"", ""fork"", ""glass of water"", ""menu"", ""table""], ""scene"": ""indoor scene"", ""spatial_info"": {""pizza plate"": ""in the foreground"", ""fries plate"": ""in the background"", ""knife and fork"": ""on the pizza plate"", ""glass of water"": ""in the background"", ""menu"": ""partially visible under the plates"", ""table"": ""underneath all items""}}, ""confidence"": 0.9374201645329426, ""recognition_status"": ""success"", ""processing_time"": 11.307214975357056}","Definition: In this task, draw tight bounding boxes around the ""plate with pizza"" and the ""plate with fries"".
Emphasis & Caution: Focus on the ""plate with pizza"" in the ""foreground"".
Things to Avoid: Do not annotate ""knife"", ""fork"", ""glass of water"", ""menu"", or ""table""."
23411,"{""description"": ""Two zebras are standing close together in a dry, grassy savanna landscape."", ""details"": {""objects"": [""zebra"", ""dry grass"", ""tree branches"", ""open sky""], ""scene"": ""wilderness"", ""spatial_info"": {""zebras"": [""standing close together""], ""grass"": [""covering the ground""], ""tree branches"": [""scattered on the ground""], ""sky"": [""visible in the background""]}}, ""confidence"": 0.9407995240471778, ""recognition_status"": ""success"", ""processing_time"": 8.250977039337158}","Definition: In this task, draw tight bounding boxes around all ""zebra"".
Emphasis & Caution: Standing close together.
Things to Avoid: Do not annotate ""dry grass"", ""tree branches"", or ""open sky""."
23673,"{""description"": ""Three individuals stand on a rooftop, flying kites against a cloudy sky."", ""details"": {""objects"": [""Three people"", ""Kites in the sky""], ""scene"": ""Outdoor urban scene"", ""spatial_info"": {""people"": [""standing on a rooftop""], ""kites"": [""flying in the sky""]}}, ""confidence"": 0.9483952683468146, ""recognition_status"": ""success"", ""processing_time"": 6.341940402984619}","Definition: In this task, draw tight bounding boxes around all ""Three people"".
Emphasis & Caution: Standing on a rooftop.
Things to Avoid: Do not annotate ""Kites in the sky""."
23949,"{""description"": ""A group of people, including men and women, are gathered outdoors on a tennis court, posing for a photograph."", ""details"": {""objects"": [""People"", ""Tennis rackets"", ""Coat"", ""Suit"", ""Hat"", ""Fence"", ""Building""], ""scene"": ""Outdoor tennis court"", ""spatial_info"": {""People"": ""Standing and sitting in front of a fence"", ""Tennis rackets"": ""Held by some individuals"", ""Coat"": ""Worn by individuals standing"", ""Suit"": ""Worn by individuals standing"", ""Hat"": ""Worn by an individual"", ""Fence"": ""Surrounding the tennis court"", ""Building"": ""Visible in the background""}}, ""confidence"": 0.9438180197755336, ""recognition_status"": ""success"", ""processing_time"": 11.677093029022217}","Definition: In this task, draw tight bounding boxes around all ""People"".
Emphasis & Caution: In front of a fence.
Things to Avoid: Do not annotate ""Tennis rackets"", ""Coat"", ""Suit"", ""Hat"", ""Fence"", or ""Building""."
24150,"{""description"": ""A surfer rides a wave while a bird flies nearby, set against a backdrop of dynamic ocean waves."", ""details"": {""objects"": [""surfer"", ""wave"", ""bird""], ""scene"": ""ocean"", ""spatial_info"": {""surfer"": ""midway through a wave"", ""bird"": ""flying above the water"", ""wave"": ""crashing behind the surfer""}}, ""confidence"": 0.9448756083536005, ""recognition_status"": ""success"", ""processing_time"": 7.209878206253052}","Definition: In this task, draw tight bounding boxes around the ""surfer"".
Emphasis & Caution: Midway through a wave.
Things to Avoid: Do not annotate ""wave"" or ""bird""."
24391,"{""description"": ""Two men in suits are cutting a ribbon at an outdoor event, surrounded by spectators and event staff."", ""details"": {""objects"": [""two men in suits"", ""orange ribbon"", ""camera"", ""event attendees"", ""event staff"", ""building"", ""road""], ""scene"": ""outdoor event"", ""spatial_info"": {""men"": [""left"", ""right""], ""ribbon"": ""center"", ""camera"": ""left side"", ""attendees"": ""background"", ""event staff"": ""background"", ""building"": ""far background"", ""road"": ""right side""}}, ""confidence"": 0.9341644919609332, ""recognition_status"": ""success"", ""processing_time"": 9.606374263763428}","Definition: In this task, draw tight bounding boxes around all ""two men in suits"".
Emphasis & Caution: Left and right of the ""orange ribbon"".
Things to Avoid: Do not annotate ""orange ribbon"", ""camera"", ""event attendees"", ""event staff"", ""building"", or ""road""."
24621,"{""description"": ""A skateboarder performs an aerial trick at night in a skatepark setting."", ""details"": {""objects"": [""Skateboarder performing a trick"", ""Skateboard mid-air"", ""Concrete skatepark ramp"", ""Metal table with blue bucket"", ""Night sky"", ""People in the background""], ""scene"": ""Skatepark"", ""spatial_info"": {""Skateboarder"": ""In mid-air, above the ramp"", ""Skateboard"": ""Underneath the skateboarder, flipping upside down"", ""Ramp"": ""Below the skateboarder, leading up to the trick"", ""Table"": ""To the right, near the ramp"", ""Bucket"": ""On the table"", ""Background people"": ""Sitting or standing behind the ramp""}}, ""confidence"": 0.9255851477840715, ""recognition_status"": ""success"", ""processing_time"": 11.975805044174194}","Definition: In this task, draw tight bounding boxes around the ""Skateboarder performing a trick"".
Emphasis & Caution: In mid-air above the ramp.
Things to Avoid: Do not annotate ""Concrete skatepark ramp"", ""Metal table with blue bucket"", ""Night sky"", or ""People in the background""."
24845,"{""description"": ""A small bathroom featuring a wooden vanity, a toilet, and a tiled floor."", ""details"": {""objects"": [""wooden vanity"", ""white toilet"", ""tile floor"", ""sink"", ""cabinet drawers"", ""toilet paper holder""], ""scene"": ""indoor scene"", ""spatial_info"": {""vanity"": ""left side"", ""toilet"": ""right side"", ""tile floor"": ""center"", ""sink"": ""top left corner"", ""cabinet drawers"": ""under the vanity"", ""toilet paper holder"": ""on the wall above the toilet""}}, ""confidence"": 0.9538248989090671, ""recognition_status"": ""success"", ""processing_time"": 9.865341663360596}","Definition: In this task, draw tight bounding boxes around the ""wooden vanity"" and the ""white toilet"".
Emphasis & Caution: Left side and right side.
Things to Avoid: Do not annotate ""tile floor"", ""sink"", ""cabinet drawers"", or ""toilet paper holder""."
25115,"{""description"": ""A creatively painted fire hydrant with googly eyes on its red top, situated on a sidewalk in an urban street setting."", ""details"": {""objects"": [""fire hydrant"", ""tree trunk"", ""sidewalk"", ""street"", ""parked car"", ""buildings"", ""sky""], ""scene"": ""urban street"", ""spatial_info"": {""fire hydrant"": ""center"", ""tree trunk"": ""left"", ""sidewalk"": ""bottom"", ""street"": ""right"", ""parked car"": ""background left"", ""buildings"": ""background right"", ""sky"": ""top""}}, ""confidence"": 0.9562853733918125, ""recognition_status"": ""success"", ""processing_time"": 10.379433631896973}","Definition: In this task, draw tight bounding boxes around the ""fire hydrant"".
Emphasis & Caution: Center.
Things to Avoid: Do not annotate ""tree trunk"", ""sidewalk"", ""street"", ""parked car"", ""buildings"", or ""sky""."
25376,"{""description"": ""A person is swinging a baseball bat on a field during what appears to be a casual game or practice session."", ""details"": {""objects"": [""person swinging bat"", ""baseball field"", ""trees in background"", ""fence"", ""light pole"", ""netted goal""], ""scene"": ""outdoor sports field"", ""spatial_info"": {""person"": ""center-left, facing right"", ""field"": ""entire image"", ""trees"": ""background"", ""fence"": ""left side"", ""light pole"": ""right side"", ""netted goal"": ""far right""}}, ""confidence"": 0.9385189304687332, ""recognition_status"": ""success"", ""processing_time"": 9.852165699005127}","Definition: In this task, draw tight bounding boxes around the ""person swinging bat"".
Emphasis & Caution: Center-left, facing right.
Things to Avoid: Do not annotate ""baseball field"", ""trees in background"", ""fence"", ""light pole"", or ""netted goal""."
25628,"{""description"": ""A group of people is seated at an outdoor dining table, engaged in activities such as writing or using their phones."", ""details"": {""objects"": [""people"", ""table"", ""chairs"", ""drinks"", ""phones"", ""writing materials"", ""outdoor setting""], ""scene"": ""outdoor dining area"", ""spatial_info"": {""people"": [""seated""], ""table"": [""centered""], ""chairs"": [""surrounding the table""], ""drinks"": [""on the table""], ""phones"": [""being used by individuals""], ""writing materials"": [""in use by some individuals""]}}, ""confidence"": 0.9412494879077714, ""recognition_status"": ""success"", ""processing_time"": 10.164180755615234}","Definition: In this task, draw tight bounding boxes around all ""people"".
Emphasis & Caution: Seated.
Things to Avoid: Do not annotate ""table"", ""chairs"", ""drinks"", ""phones"", ""writing materials"", or ""outdoor setting""."
25864,"{""description"": ""A person wearing a red hat, orange shirt, purple leggings, and pink shoes is riding a scooter with a red and white patterned handlebar on a wet pavement surrounded by greenery."", ""details"": {""objects"": [""Person"", ""Red hat"", ""Orange shirt"", ""Purple leggings"", ""Pink shoes"", ""Scooter"", ""Wet pavement"", ""Greenery""], ""scene"": ""Outdoor scene"", ""spatial_info"": {""Person"": ""Center"", ""Scooter"": ""Underneath Person"", ""Wet pavement"": ""Foreground"", ""Greenery"": ""Background""}}, ""confidence"": 0.9526561085595925, ""recognition_status"": ""success"", ""processing_time"": 10.469289541244507}","Definition: In this task, draw tight bounding boxes around all ""Person"" and ""Scooter"".
Emphasis & Caution: The ""Person"" is in the center wearing a ""Red hat"" and ""Orange shirt""; the ""Scooter"" is underneath the Person.
Things to Avoid: Do not annotate ""Wet pavement"" or ""Greenery""."
26101,"{""description"": ""A happy black-and-white dog is sitting on grass with its tongue out, next to a pink frisbee, in front of a multi-story building."", ""details"": {""objects"": [""black-and-white dog"", ""pink frisbee"", ""multi-story building""], ""scene"": ""outdoor residential area"", ""spatial_info"": {""dog"": ""center of the image, sitting on grass"", ""frisbee"": ""in front of the dog, on the grass"", ""building"": ""background, multi-story structure""}}, ""confidence"": 0.953150906324686, ""recognition_status"": ""success"", ""processing_time"": 10.914836168289185}","Definition: In this task, draw tight bounding boxes around all ""black-and-white dog"" and ""pink frisbee"".
Emphasis & Caution: The ""black-and-white dog"" is sitting at the center on grass with its tongue out.
Things to Avoid: Do not annotate the ""multi-story building""."
26348,"{""description"": ""A cozy kitchen with wooden cabinets, a white refrigerator adorned with magnets and photos, and a black countertop."", ""details"": {""objects"": [""White refrigerator"", ""Wooden cabinets"", ""Black countertop"", ""Stainless steel appliances"", ""Paper towels"", ""Photos and magnets on the refrigerator"", ""Kitchen utensils""], ""scene"": ""Indoor scene"", ""spatial_info"": {""refrigerator"": ""Left side"", ""cabinets"": ""Right side"", ""countertop"": ""Foreground"", ""appliances"": ""Between refrigerator and cabinets""}}, ""confidence"": 0.9456631163949775, ""recognition_status"": ""success"", ""processing_time"": 11.59026312828064}","Definition: In this task, draw tight bounding boxes around the ""White refrigerator"".
Emphasis & Caution: The ""White refrigerator"" is on the left side.
Things to Avoid: Do not annotate ""Wooden cabinets"", ""Black countertop"", or ""Kitchen utensils""."
26521,"{""description"": ""A close-up view of two horses standing behind a metal fence, with one horse prominently facing forward."", ""details"": {""objects"": [""Two horses"", ""Metal fence"", ""Hay or straw""], ""scene"": ""Outdoor rural setting"", ""spatial_info"": {""Horses"": [""One horse is facing forward, while the other is partially visible to the right."", ""Both horses are positioned behind a metal fence.""], ""Hay or straw"": [""Present near the horses, suggesting they might be eating or have recently eaten.""]}}, ""confidence"": 0.9172619305204769, ""recognition_status"": ""success"", ""processing_time"": 8.547178030014038}","Definition: In this task, draw tight bounding boxes around all ""Two horses"".
Emphasis & Caution: One horse is facing forward behind the ""Metal fence"".
Things to Avoid: Do not annotate the ""Metal fence"" or ""Hay or straw""."
26728,"{""description"": ""Two glass vases with gradient colors are displayed on a wooden stand against a backdrop of a wooden lattice and a stone wall."", ""details"": {""objects"": [""Two glass vases"", ""Wooden stand"", ""Wooden lattice"", ""Stone wall""], ""scene"": ""Outdoor scene"", ""spatial_info"": {""vases"": [""left vase is taller, greenish-yellow gradient; right vase is shorter, blue gradient""], ""stand"": ""White and wooden"", ""lattice"": ""Horizontal wooden slats"", ""wall"": ""Stone blocks with wooden lattice""}}, ""confidence"": 0.924501869385318, ""recognition_status"": ""success"", ""processing_time"": 11.720648765563965}","Definition: In this task, draw tight bounding boxes around all ""Two glass vases"".
Emphasis & Caution: Left vase is taller with a greenish-yellow gradient; right vase is shorter with a blue gradient.
Things to Avoid: Do not annotate the ""Wooden stand"", ""Wooden lattice"", or ""Stone wall""."
26942,"{""description"": ""A cat is sitting on a chair in a cozy indoor setting, surrounded by household items."", ""details"": {""objects"": [""cat"", ""chair"", ""book titled 'Easy Does It'"", ""fan"", ""rug"", ""table"", ""remote control""], ""scene"": ""indoor scene"", ""spatial_info"": {""cat"": ""sitting on the chair"", ""book"": ""on the table"", ""fan"": ""in the background"", ""rug"": ""underneath the chair"", ""table"": ""in front of the chair"", ""remote control"": ""on the table""}}, ""confidence"": 0.9544188253549002, ""recognition_status"": ""success"", ""processing_time"": 10.055501699447632}","Definition: In this task, draw tight bounding boxes around the ""cat"".
Emphasis & Caution: The ""cat"" is sitting on the ""chair"".
Things to Avoid: Do not annotate the ""chair"", ""fan"", ""rug"", ""table"", or ""remote control""."
27159,"{""description"": ""A group of zebras standing close together in a natural, outdoor setting."", ""details"": {""objects"": [""zebras""], ""scene"": ""wilderness"", ""spatial_info"": {""zebras"": [""in the foreground"", ""standing close to each other"", ""facing different directions""]}}, ""confidence"": 0.9494746514561053, ""recognition_status"": ""success"", ""processing_time"": 5.773858070373535}","Definition: In this task, draw tight bounding boxes around all ""zebras"".
Emphasis & Caution: The ""zebras"" are in the foreground standing close together.
Things to Avoid: -"
27390,"{""description"": ""A close-up view of an airplane's underside against a clear blue sky, showcasing its engines and structural components."", ""details"": {""objects"": [""airplane"", ""engines""], ""scene"": ""outdoor"", ""spatial_info"": {""airplane"": ""centered in the frame"", ""engines"": ""attached to the wings"", ""sky"": ""clear and blue""}}, ""confidence"": 0.9421541277140129, ""recognition_status"": ""success"", ""processing_time"": 6.970803499221802}","Definition: In this task, draw tight bounding boxes around the ""airplane"".
Emphasis & Caution: The ""airplane"" is centered in the frame with visible ""engines"".
Things to Avoid: Do not annotate the ""sky""."
27585,"{""description"": ""A decorative street clock with Roman numerals is prominently displayed against a clear blue sky, with trees and buildings in the background."", ""details"": {""objects"": [""Decorative street clock"", ""Trees"", ""Buildings"", ""Clear blue sky""], ""scene"": ""Urban street"", ""spatial_info"": {""street clock"": ""Center"", ""trees"": ""Left side"", ""buildings"": ""Background"", ""sky"": ""Above""}}, ""confidence"": 0.9591631819150477, ""recognition_status"": ""success"", ""processing_time"": 8.147790670394897}","Definition: In this task, draw tight bounding boxes around the ""Decorative street clock"".
Emphasis & Caution: The ""Decorative street clock"" is centered.
Things to Avoid: Do not annotate ""Trees"", ""Buildings"", or ""Clear blue sky""."
27792,"{""description"": ""A person is arranging flowers on a kitchen counter in a commercial kitchen setting."", ""details"": {""objects"": [""flowers"", ""kitchen counter"", ""sink"", ""stainless steel shelves"", ""boxes"", ""water bottle"", ""trash bin"", ""paper towel dispenser"", ""kitchen appliances""], ""scene"": ""indoor scene"", ""spatial_info"": {""flowers"": [""left side""], ""kitchen counter"": [""center""], ""sink"": [""right side""], ""stainless steel shelves"": [""left side""], ""boxes"": [""left side, bottom shelf""], ""water bottle"": [""left side, middle shelf""], ""trash bin"": [""right side, floor""], ""paper towel dispenser"": [""wall, right side""]}}, ""confidence"": 0.9387100465218335, ""recognition_status"": ""success"", ""processing_time"": 11.9670090675354}","Definition: In this task, draw tight bounding boxes around the ""flowers"".
Emphasis & Caution: The ""flowers"" are on the left side on the ""kitchen counter"".
Things to Avoid: Do not annotate the ""kitchen counter"", ""sink"", ""stainless steel shelves"", or other kitchen items."
28012,"{""description"": ""A person is sitting outdoors, holding a smartphone, wearing a t-shirt that says 'LIVE SIMPLY', and appears to be engaged with their device."", ""details"": {""objects"": [""person"", ""smartphone"", ""t-shirt"", ""chair"", ""outdoor setting""], ""scene"": ""outdoor scene"", ""spatial_info"": {""person"": ""sitting on a chair"", ""smartphone"": ""held in both hands"", ""t-shirt"": ""visible on the person"", ""chair"": ""metallic with a grid pattern"", ""outdoor setting"": ""trees and natural light visible in the background""}}, ""confidence"": 0.945411797613947, ""recognition_status"": ""success"", ""processing_time"": 10.327290773391724}","Definition: In this task, draw tight bounding boxes around the ""person"" and ""smartphone"".
Emphasis & Caution: The ""person"" is sitting and holding the ""smartphone"" in both hands.
Things to Avoid: Do not annotate the ""chair"" or ""outdoor setting""."
28273,"{""description"": ""A small black kitten is nestled inside an open backpack, gazing directly at the camera."", ""details"": {""objects"": [""kitten"", ""backpack""], ""scene"": ""indoor scene"", ""spatial_info"": {""kitten"": ""inside the backpack"", ""backpack"": ""open and placed on a flat surface""}}, ""confidence"": 0.9634439589342475, ""recognition_status"": ""success"", ""processing_time"": 6.287138938903809}","Definition: In this task, draw tight bounding boxes around the ""kitten"".
Emphasis & Caution: The ""kitten"" is inside the open ""backpack"".
Things to Avoid: Do not annotate the ""backpack""."
28526,"{""description"": ""Two trains are connected at a station platform, with their doors aligned."", ""details"": {""objects"": [""trains"", ""station platform"", ""tracks""], ""scene"": ""railway station"", ""spatial_info"": {""trains"": [""left train"", ""right train""], ""platform"": ""station platform"", ""tracks"": [""left track"", ""right track""]}}, ""confidence"": 0.9384251814323467, ""recognition_status"": ""success"", ""processing_time"": 6.544167995452881}","Definition: In this task, draw tight bounding boxes around all ""trains"".
Emphasis & Caution: The ""trains"" are connected, with left and right trains aligned.
Things to Avoid: Do not annotate the ""station platform"" or ""tracks""."
28802,"{""description"": ""A modern kitchen with dark cabinets, stainless steel appliances, and a bar area with stools."", ""details"": {""objects"": [""dark wooden cabinets"", ""stainless steel refrigerator"", ""stainless steel microwave"", ""stainless steel oven"", ""granite countertops"", ""bar area with four wooden stools"", ""lighting fixtures"", ""wall-mounted light fixture"", ""tile backsplash"", ""couch corner visible on the right"", ""kitchen island with sink""], ""scene"": ""indoor scene"", ""spatial_info"": {""cabinets"": ""above the counter"", ""appliances"": ""against the wall"", ""countertops"": ""running along the wall"", ""stools"": ""placed at the bar area"", ""lighting"": ""hanging from the ceiling"", ""backsplash"": ""behind the stove"", ""couch"": ""in the foreground on the right"", ""island"": ""in the center of the room""}}, ""confidence"": 0.9267481673980991, ""recognition_status"": ""success"", ""processing_time"": 14.7440185546875}","Definition: In this task, draw tight bounding boxes around the ""bar area with four wooden stools"".
Emphasis & Caution: The stools are placed at the bar area.
Things to Avoid: Do not annotate ""dark wooden cabinets"", ""stainless steel refrigerator"", or other kitchen elements."
29020,"{""description"": ""A person is standing on a beach as a large wave crashes towards them, creating a dynamic and dramatic scene."", ""details"": {""objects"": [""person"", ""wave"", ""beach"", ""ocean"", ""mountains""], ""scene"": ""beach"", ""spatial_info"": {""person"": ""left side of the image, partially submerged by the wave"", ""wave"": ""center of the image, crashing towards the person"", ""beach"": ""bottom of the image, dark and wet"", ""ocean"": ""middle to upper part of the image, extending to the horizon"", ""mountains"": ""far right background, silhouetted against the sky""}}, ""confidence"": 0.9404572767796047, ""recognition_status"": ""success"", ""processing_time"": 12.157289743423462}","Definition: In this task, draw tight bounding boxes around the ""person"".
Emphasis & Caution: The ""person"" is on the left side, partially submerged by the ""wave"".
Things to Avoid: Do not annotate the ""wave"", ""beach"", ""ocean"", or ""mountains""."
29275,"{""description"": ""A black and white photograph captures a contemplative individual seated on a bench, with a backdrop featuring event signage and a person in the distance."", ""details"": {""objects"": [""a seated individual"", ""a bench"", ""event signage"", ""a person standing in the background""], ""scene"": ""urban street"", ""spatial_info"": {""seated individual"": ""on a bench, facing left"", ""bench"": ""in the foreground, slightly to the left"", ""event signage"": ""in the background, behind the seated individual"", ""person in the background"": ""standing near the event signage""}}, ""confidence"": 0.9322872562519494, ""recognition_status"": ""success"", ""processing_time"": 9.83328104019165}","Definition: In this task, draw tight bounding boxes around the ""a seated individual"".
Emphasis & Caution: Facing left, on a bench in the foreground.
Things to Avoid: Do not annotate ""a bench"", ""event signage"", or ""a person standing in the background""."
29509,"{""description"": ""A dog is running on a grassy field while carrying a blue frisbee in its mouth, with a person walking in the background holding another frisbee."", ""details"": {""objects"": [""Dog"", ""Blue frisbee"", ""Person"", ""Green grass"", ""Trees""], ""scene"": ""Outdoor park or field"", ""spatial_info"": {""Dog"": ""Foreground, running towards the camera"", ""Blue frisbee"": ""In the dog's mouth"", ""Person"": ""Background, walking away from the camera"", ""Green grass"": ""Surrounding the dog and person"", ""Trees"": ""Background, behind the person""}}, ""confidence"": 0.953514740173572, ""recognition_status"": ""success"", ""processing_time"": 10.622332334518433}","Definition: In this task, draw tight bounding boxes around the ""Dog"".
Emphasis & Caution: Foreground, running towards the camera.
Things to Avoid: Do not annotate ""Person"", ""Green grass"", or ""Trees""."
29732,"{""description"": ""A zebra stands under a tree in a zoo enclosure, surrounded by greenery and a red rock wall."", ""details"": {""objects"": [""zebra"", ""tree"", ""red rock wall"", ""green foliage""], ""scene"": ""zoo enclosure"", ""spatial_info"": {""zebra"": ""center-right"", ""tree"": ""left"", ""red rock wall"": ""background"", ""green foliage"": ""background""}}, ""confidence"": 0.964851834047358, ""recognition_status"": ""success"", ""processing_time"": 7.414454221725464}","Definition: In this task, draw tight bounding boxes around the ""zebra"".
Emphasis & Caution: Center-right of the image.
Things to Avoid: Do not annotate ""tree"", ""red rock wall"", or ""green foliage""."
30012,"{""description"": ""A close-up view of a freshly baked pizza topped with melted cheese, corn kernels, green bell peppers, black olives, and sausage pieces."", ""details"": {""objects"": [""Pizza"", ""Melted cheese"", ""Corn kernels"", ""Green bell peppers"", ""Black olives"", ""Sausage pieces""], ""scene"": ""Indoor scene"", ""spatial_info"": {""pizza"": ""Center of the image"", ""topping_distribution"": ""Evenly spread across the pizza surface""}}, ""confidence"": 0.9617426868236544, ""recognition_status"": ""success"", ""processing_time"": 8.577292442321777}","Definition: In this task, draw tight bounding boxes around the ""Pizza"".
Emphasis & Caution: Center of the image.
Things to Avoid: Do not annotate ""Melted cheese"", ""Corn kernels"", ""Green bell peppers"", ""Black olives"", or ""Sausage pieces""."
30261,"{""description"": ""Two individuals inside a train car, one standing holding luggage and a phone, the other sitting and looking at a phone, with a tunnel view through the window."", ""details"": {""objects"": [""Train car interior"", ""Two individuals"", ""Luggage"", ""Phone"", ""Window"", ""Tunnel view"", ""Signage"", ""Lighting""], ""scene"": ""Indoor scene"", ""spatial_info"": {""standing individual"": ""Left side of the image, near the front of the train car"", ""sitting individual"": ""Right side of the image, near the front of the train car"", ""luggage"": ""Between the two individuals"", ""window"": ""Center of the image, showing a tunnel view"", ""signage"": ""Above the window"", ""lighting"": ""Ceiling lights""}}, ""confidence"": 0.9338692509018178, ""recognition_status"": ""success"", ""processing_time"": 13.33253526687622}","Definition: In this task, draw tight bounding boxes around the ""Two individuals"".
Emphasis & Caution: One standing on the left side and one sitting on the right side.
Things to Avoid: Do not annotate ""Train car interior"", ""Luggage"", ""Phone"", ""Window"", ""Tunnel view"", ""Signage"", or ""Lighting""."
30446,"{""description"": ""A compact airplane restroom with a toilet, flush button, and a sign indicating proper usage."", ""details"": {""objects"": [""Toilet"", ""Flush button"", ""Sign"", ""Handrail""], ""scene"": ""Indoor scene"", ""spatial_info"": {""Toilet"": ""Center"", ""Flush button"": ""Left side of the toilet"", ""Sign"": ""Above the toilet"", ""Handrail"": ""Bottom left corner""}}, ""confidence"": 0.9448510364628986, ""recognition_status"": ""success"", ""processing_time"": 7.84201455116272}","Definition: In this task, draw tight bounding boxes around the ""Toilet"".
Emphasis & Caution: Center.
Things to Avoid: Do not annotate ""Flush button"", ""Sign"", or ""Handrail""."
30685,"{""description"": ""A motorcyclist wearing a high-visibility vest rides past a closed gate with a sign indicating restricted access, while cars are parked behind the gate."", ""details"": {""objects"": [""motorcycle"", ""motorcyclist"", ""high-visibility vest"", ""closed gate"", ""sign"", ""parked cars"", ""street lamps"", ""trees"", ""road""], ""scene"": ""urban street"", ""spatial_info"": {""motorcycle"": ""left side of the image, moving towards the right"", ""motorcyclist"": ""riding the motorcycle"", ""gate"": ""center-right of the image, partially open"", ""sign"": ""attached to the gate, near the center-right"", ""cars"": ""behind the gate, parked on the right side"", ""street lamps"": ""on both sides of the road, near the gate"", ""trees"": ""in the background, surrounding the area"", ""road"": ""extending from the bottom left to the bottom right of the image""}}, ""confidence"": 0.933903948861198, ""recognition_status"": ""success"", ""processing_time"": 15.176152229309082}","Definition: In this task, draw tight bounding boxes around the ""motorcyclist"" and ""motorcycle"".
Emphasis & Caution: Wearing ""high-visibility vest"", left side moving right.
Things to Avoid: Do not annotate ""closed gate"", ""sign"", ""parked cars"", ""street lamps"", ""trees"", or ""road""."
30944,"{""description"": ""A desk setup featuring a floral mouse pad, a black Microsoft mouse, a small numeric keypad, a calculator, and pens."", ""details"": {""objects"": [""floral mouse pad"", ""black Microsoft mouse"", ""small numeric keypad"", ""calculator"", ""pens""], ""scene"": ""indoor scene"", ""spatial_info"": {""mouse pad"": ""center"", ""mouse"": ""on top of mouse pad"", ""numeric keypad"": ""top left"", ""calculator"": ""top right"", ""pens"": ""top right""}}, ""confidence"": 0.9575703907357483, ""recognition_status"": ""success"", ""processing_time"": 9.216384410858154}","Definition: In this task, draw tight bounding boxes around the ""black Microsoft mouse"" and ""small numeric keypad"".
Emphasis & Caution: Mouse on top of mouse pad, keypad top left.
Things to Avoid: Do not annotate ""floral mouse pad"", ""calculator"", or ""pens""."
31235,"{""description"": ""A woman holding an umbrella smiles while standing on a wet urban street, with colorful murals and a shop named 'the bean' in the background."", ""details"": {""objects"": [""woman"", ""umbrella"", ""raincoat"", ""crosswalk"", ""shop"", ""murals"", ""fire hydrant"", ""pedestrian""], ""scene"": ""urban street"", ""spatial_info"": {""woman"": ""center"", ""umbrella"": ""in her hands"", ""raincoat"": ""on her"", ""crosswalk"": ""in front of her"", ""shop"": ""to the right"", ""murals"": ""on the building behind her"", ""fire hydrant"": ""on the sidewalk to the right"", ""pedestrian"": ""walking away in the background""}}, ""confidence"": 0.9492599524252958, ""recognition_status"": ""success"", ""processing_time"": 12.237355470657349}","Definition: In this task, draw tight bounding boxes around the ""woman"".
Emphasis & Caution: Center, holding an ""umbrella"".
Things to Avoid: Do not annotate ""crosswalk"", ""shop"", ""murals"", ""fire hydrant"", or ""pedestrian""."
31504,"{""description"": ""A woman is sitting on a bench outside, smoking a cigarette while looking at her phone."", ""details"": {""objects"": [""woman"", ""cigarette"", ""phone"", ""bench"", ""backpack"", ""brick wall"", ""window""], ""scene"": ""outdoor scene"", ""spatial_info"": {""woman"": ""sitting on a bench"", ""cigarette"": ""in hand"", ""phone"": ""held in the other hand"", ""bench"": ""black metal frame"", ""backpack"": ""placed on the bench"", ""brick wall"": ""behind the woman"", ""window"": ""partially visible above the bench""}}, ""confidence"": 0.9587138874015854, ""recognition_status"": ""success"", ""processing_time"": 10.974782943725586}","Definition: In this task, draw tight bounding boxes around the ""woman"".
Emphasis & Caution: Sitting on a bench.
Things to Avoid: Do not annotate ""cigarette"", ""phone"", ""bench"", ""backpack"", ""brick wall"", or ""window""."
31733,"{""description"": ""A small bird perches on a branch amidst vibrant orange fruits and lush green leaves, set against a blurred background suggesting an outdoor garden or park setting."", ""details"": {""objects"": [""bird"", ""orange fruits"", ""green leaves"", ""branch"", ""background""], ""scene"": ""outdoor garden"", ""spatial_info"": {""bird"": ""center-left"", ""orange fruits"": ""top-center"", ""green leaves"": ""throughout"", ""branch"": ""center"", ""background"": ""blurred behind""}}, ""confidence"": 0.942785543292477, ""recognition_status"": ""success"", ""processing_time"": 9.317198753356934}","Definition: In this task, draw tight bounding boxes around the ""bird"".
Emphasis & Caution: Center-left.
Things to Avoid: Do not annotate ""orange fruits"", ""green leaves"", ""branch"", or ""background""."
31993,"{""description"": ""Three sheep with curved horns are walking on a grassy field, with two in the background and one in the foreground."", ""details"": {""objects"": [""Three sheep"", ""Grassy field"", ""Fence in the background""], ""scene"": ""Outdoor rural scene"", ""spatial_info"": {""sheep_1"": {""position"": ""center-right""}, ""sheep_2"": {""position"": ""center-left""}, ""sheep_3"": {""position"": ""foreground""}}}, ""confidence"": 0.9565796095114918, ""recognition_status"": ""success"", ""processing_time"": 8.351461172103882}","Definition: In this task, draw tight bounding boxes around the ""Three sheep"".
Emphasis & Caution: One in the foreground, others center-left and center-right.
Things to Avoid: Do not annotate ""Grassy field"" or ""Fence in the background""."
32295,"{""description"": ""A busy urban street scene filled with cars, pedestrians, and traffic lights during daytime."", ""details"": {""objects"": [""cars"", ""pedestrians"", ""traffic lights"", ""buildings"", ""signboards"", ""street signs""], ""scene"": ""urban street"", ""spatial_info"": {""cars"": ""occupying the lower half of the image, moving along the road"", ""pedestrians"": ""walking on sidewalks and crossing streets"", ""traffic lights"": ""visible at intersections, showing red and green signals"", ""buildings"": ""tall structures lining both sides of the street"", ""signboards"": ""advertising and directional signs attached to poles"", ""street signs"": ""indicating directions and regulations for drivers and pedestrians""}}, ""confidence"": 0.9416088961827254, ""recognition_status"": ""success"", ""processing_time"": 11.760878324508667}","Definition: In this task, draw tight bounding boxes around the ""cars"" and ""pedestrians"".
Emphasis & Caution: Cars in the lower half, pedestrians on sidewalks and crossings.
Things to Avoid: Do not annotate ""traffic lights"", ""buildings"", ""signboards"", or ""street signs""."
32586,"{""description"": ""A gray tabby cat wearing a blue collar is lying on a tiled floor, with an orange object partially visible in the foreground."", ""details"": {""objects"": [""Gray tabby cat"", ""Blue collar"", ""Orange object"", ""Tiled floor"", ""Armchair"", ""Plastic container"", ""Potted plant""], ""scene"": ""Indoor scene"", ""spatial_info"": {""cat"": ""Center of the image, lying on the floor"", ""orange object"": ""Foreground, partially visible"", ""armchair"": ""Background, behind the cat"", ""plastic container"": ""Left side, near the armchair"", ""potted plant"": ""Left side, partially visible""}}, ""confidence"": 0.9499404884578152, ""recognition_status"": ""success"", ""processing_time"": 11.32374882698059}","Definition: In this task, draw tight bounding boxes around the ""Gray tabby cat"".
Emphasis & Caution: Wearing a ""Blue collar"", center.
Things to Avoid: Do not annotate ""Orange object"", ""Tiled floor"", ""Armchair"", ""Plastic container"", or ""Potted plant""."
32739,"{""description"": ""A cozy indoor living room scene where people are gathered, engaging in leisure activities such as watching TV and socializing."", ""details"": {""objects"": [""Television displaying a video game"", ""Coffee table with drinks and snacks"", ""Leather armchair"", ""Wooden floor"", ""Large windows"", ""Couches"", ""Floor mat"", ""Shopping bag"", ""Decorative items""], ""scene"": ""Indoor scene"", ""spatial_info"": {""Television"": ""On the right side of the image, facing the group of people"", ""Coffee table"": ""Centered in front of the television, near the group of people"", ""Leather armchair"": ""On the left side, occupied by a person"", ""Couches"": ""In the background, partially visible"", ""Windows"": ""On the back wall, showing reflections of the interior"", ""Floor mat"": ""On the floor, in front of the coffee table"", ""Shopping bag"": ""On the floor, near the center of the image""}}, ""confidence"": 0.9173307628154023, ""recognition_status"": ""success"", ""processing_time"": 15.153653383255005}","Definition: In this task, draw tight bounding boxes around the ""Leather armchair"".
Emphasis & Caution: Left side.
Things to Avoid: Do not annotate ""Television displaying a video game"", ""Coffee table with drinks and snacks"", ""Wooden floor"", ""Large windows"", ""Couches"", ""Floor mat"", ""Shopping bag"", or ""Decorative items""."
32984,"{""description"": ""A group of people is gathered around a wooden table, engaged in conversation and enjoying food and drinks."", ""details"": {""objects"": [""Wooden table"", ""Paper towels"", ""Snacks"", ""Cans"", ""Plates"", ""Food remnants"", ""People"", ""Wall with framed picture"", ""Wooden paneling""], ""scene"": ""Indoor scene"", ""spatial_info"": {""Wooden table"": ""Central focus of the image, where most activities are taking place."", ""Paper towels"": ""On the table, likely for cleaning up."", ""Snacks"": ""Placed on the table, possibly for sharing."", ""Cans"": ""Scattered on the table, suggesting beverages being consumed."", ""Plates"": ""With food remnants, indicating a meal or snack time."", ""People"": ""Sitting around the table, engaged in conversation."", ""Wall with framed picture"": ""Visible in the background, adding to the indoor setting."", ""Wooden paneling"": ""On the wall behind the people, contributing to the cozy atmosphere.""}}, ""confidence"": 0.9261782661773518, ""recognition_status"": ""success"", ""processing_time"": 15.749916315078735}","Definition: In this task, draw tight bounding boxes around all ""People"".
Emphasis & Caution: Focus on ""People"" sitting around the ""Wooden table"".
Things to Avoid: Do not annotate ""Wooden table"", ""Plates"", ""Cans"", ""Wall with framed picture"", or ""Wooden paneling""."
33215,"{""description"": ""A black-and-white urban street scene featuring a historic clock tower amidst modern buildings, with various street signs and vehicles in the foreground."", ""details"": {""objects"": [""Historic clock tower"", ""Modern buildings"", ""Street signs"", ""Vehicles"", ""Lamp posts"", ""Flags"", ""Clocks""], ""scene"": ""Urban street"", ""spatial_info"": {""clock tower"": ""Center"", ""modern buildings"": ""Surrounding the clock tower"", ""street signs"": ""Left side"", ""vehicles"": ""Foreground"", ""lamp posts"": ""Scattered throughout"", ""flags"": ""Attached to the clock tower""}}, ""confidence"": 0.9519985086412353, ""recognition_status"": ""success"", ""processing_time"": 10.309844255447388}","Definition: In this task, draw tight bounding boxes around all ""Vehicles"".
Emphasis & Caution: Focus on ""Vehicles"" in the foreground.
Things to Avoid: Do not annotate ""Historic clock tower"", ""Modern buildings"", ""Street signs"", ""Lamp posts"", or ""Flags""."
33499,"{""description"": ""A decorative clock with ornate details and two lanterns on either side, set against a clear blue sky."", ""details"": {""objects"": [""Clock"", ""Lanterns"", ""Decorative elements""], ""scene"": ""Outdoor scene"", ""spatial_info"": {""clock"": ""Center"", ""lanterns"": [""Left"", ""Right""], ""decorative elements"": [""Above clock"", ""Below clock""]}}, ""confidence"": 0.9432505039027597, ""recognition_status"": ""success"", ""processing_time"": 9.005870580673218}","Definition: In this task, draw tight bounding boxes around the ""Clock"" and ""Lanterns"".
Emphasis & Caution: Focus on the centered ""Clock"" with ""Lanterns"" on the left and right.
Things to Avoid: Do not annotate ""Decorative elements"" or the sky."
33731,"{""description"": ""A skateboarder performs a trick over a large rock on an urban street at night."", ""details"": {""objects"": [""Skateboarder"", ""Skateboard"", ""Large rock"", ""Street"", ""Traffic lights"", ""Buildings"", ""Street signs"", ""Cars"", ""Trees"", ""Sidewalk""], ""scene"": ""Urban street"", ""spatial_info"": {""Skateboarder"": ""In mid-air, above the rock"", ""Skateboard"": ""Underneath the skateboarder's feet"", ""Large rock"": ""On the sidewalk, serving as a jump"", ""Street"": ""Visible in the background"", ""Traffic lights"": ""Green, indicating go"", ""Buildings"": ""Line the street, suggesting a city environment"", ""Street signs"": ""Visible near the traffic lights"", ""Cars"": ""Stationed or moving along the street"", ""Trees"": ""Line the street, adding to the urban landscape"", ""Sidewalk"": ""Where the rock is located""}}, ""confidence"": 0.9383583648139331, ""recognition_status"": ""success"", ""processing_time"": 18.35277009010315}","Definition: In this task, draw tight bounding boxes around the ""Skateboarder"" and ""Skateboard"".
Emphasis & Caution: Focus on the ""Skateboarder"" in mid-air above the ""Large rock"".
Things to Avoid: Do not annotate ""Street"", ""Traffic lights"", ""Buildings"", ""Cars"", ""Trees"", or ""Sidewalk""."
33909,"{""description"": ""A small bathroom featuring a toilet, bathtub, and tiled walls with a shower curtain partially drawn."", ""details"": {""objects"": [""toilet"", ""bathtub"", ""shower curtain"", ""tile wall"", ""faucet"", ""tile floor""], ""scene"": ""indoor scene"", ""spatial_info"": {""toilet"": ""left side of the image"", ""bathtub"": ""center-right"", ""shower curtain"": ""curved from top-left to middle-right"", ""tile wall"": ""surrounding the bathtub and toilet"", ""tile floor"": ""visible at the bottom right corner""}}, ""confidence"": 0.9375521461032268, ""recognition_status"": ""success"", ""processing_time"": 12.085826396942139}","Definition: In this task, draw tight bounding boxes around the ""toilet"" and ""bathtub"".
Emphasis & Caution: Focus on the main fixtures: ""toilet"" on the left and ""bathtub"" on the center-right.
Things to Avoid: Do not annotate ""tile wall"", ""tile floor"", ""shower curtain"", or ""faucet""."
34141,"{""description"": ""A giraffe stands amidst sparse vegetation under a clear blue sky."", ""details"": {""objects"": [""giraffe"", ""trees"", ""grass"", ""sky""], ""scene"": ""wilderness"", ""spatial_info"": {""giraffe"": ""center"", ""trees"": ""surrounding"", ""grass"": ""ground"", ""sky"": ""background""}}, ""confidence"": 0.9740962656350357, ""recognition_status"": ""success"", ""processing_time"": 7.367204189300537}","Definition: In this task, draw tight bounding boxes around the ""giraffe"".
Emphasis & Caution: Focus on the ""giraffe"" at the center.
Things to Avoid: Do not annotate ""trees"", ""grass"", or ""sky""."
34428,"{""description"": ""A snowboarder is captured mid-action on a snowy slope, surrounded by a forested backdrop."", ""details"": {""objects"": [""Snowboarder wearing a green jacket, black pants, gloves, and goggles"", ""Snowboard"", ""Snow-covered ground"", ""Forest trees in the background""], ""scene"": ""Outdoor winter scene"", ""spatial_info"": {""snowboarder"": ""Center of the image, slightly angled to the left"", ""snowboard"": ""Attached to the snowboarder's feet, positioned horizontally"", ""ground"": ""Covered in snow, extending towards the horizon"", ""trees"": ""Line the background, creating a natural border""}}, ""confidence"": 0.9366510410082747, ""recognition_status"": ""success"", ""processing_time"": 10.508244514465332}","Definition: In this task, draw tight bounding boxes around the ""Snowboarder wearing a green jacket, black pants, gloves, and goggles"" and the ""Snowboard"".
Emphasis & Caution: Focus on the ""Snowboarder wearing a green jacket, black pants, gloves, and goggles"" in the center.
Things to Avoid: Do not annotate ""Snow-covered ground"" or ""Forest trees in the background""."
34629,"{""description"": ""A horse is seen exiting a small structure, with another horse standing nearby under a tree."", ""details"": {""objects"": [""Horse"", ""Small structure"", ""Tree"", ""Column""], ""scene"": ""Rural outdoor setting"", ""spatial_info"": {""Horse"": {""position"": ""Exiting structure"", ""orientation"": ""Moving forward""}, ""Small structure"": {""position"": ""Left side of image"", ""features"": [""Column"", ""Roof""]}, ""Tree"": {""position"": ""Right side of image"", ""features"": [""Leaves""]}, ""Column"": {""position"": ""In front of structure"", ""features"": [""Concrete""]}}}, ""confidence"": 0.9313667779231147, ""recognition_status"": ""success"", ""processing_time"": 12.109763145446777}","Definition: In this task, draw tight bounding boxes around all ""Horse"".
Emphasis & Caution: Focus on ""Horse"" exiting the structure and standing nearby.
Things to Avoid: Do not annotate ""Small structure"", ""Tree"", or ""Column""."
34854,"{""description"": ""A meal consisting of a sandwich, avocado slices, red onion, a lime wedge, and a bowl of soup on a metal plate."", ""details"": {""objects"": [""sandwich"", ""avocado slices"", ""red onion"", ""lime wedge"", ""bowl of soup"", ""metal plate""], ""scene"": ""indoor scene"", ""spatial_info"": {""sandwich"": ""left side of the plate"", ""avocado slices"": ""center-right of the plate"", ""red onion"": ""on top of the avocado slices"", ""lime wedge"": ""next to the avocado slices"", ""bowl of soup"": ""top-left of the plate"", ""metal plate"": ""entire surface""}}, ""confidence"": 0.958292767991613, ""recognition_status"": ""success"", ""processing_time"": 11.040653944015503}","Definition: In this task, draw tight bounding boxes around the ""sandwich"" and the ""bowl of soup"".
Emphasis & Caution: -
Things to Avoid: Do not annotate ""avocado slices"", ""red onion"", ""lime wedge"", or ""metal plate""."
35105,"{""description"": ""A red fire hydrant is prominently placed on a grassy sidewalk next to a street, with a small business building labeled 'ASE Print' in the background."", ""details"": {""objects"": [""Red fire hydrant"", ""Grass"", ""Sidewalk"", ""Street"", ""Business building"", ""Signboard"", ""Cars"", ""Bushes"", ""Trees"", ""Utility poles""], ""scene"": ""Urban street"", ""spatial_info"": {""fire_hydrant"": ""Center-left"", ""sidewalk"": ""Center"", ""street"": ""Right"", ""business_building"": ""Background"", ""signboard"": ""Attached to building"", ""cars"": ""Background, parked"", ""bushes"": ""Behind hydrant"", ""trees"": ""Background, right side"", ""utility_poles"": ""Scattered throughout""}}, ""confidence"": 0.9430150808249474, ""recognition_status"": ""success"", ""processing_time"": 13.347743034362793}","Definition: In this task, draw tight bounding boxes around the ""Red fire hydrant"".
Emphasis & Caution: Focus on the ""Red fire hydrant"" at center-left.
Things to Avoid: Do not annotate ""Grass"", ""Sidewalk"", ""Street"", ""Business building"", ""Cars"", ""Bushes"", ""Trees"", or ""Utility poles""."
35361,"{""description"": ""A person is gently holding and examining a baby wrapped in a towel, with various bathroom items visible in the background."", ""details"": {""objects"": [""Person"", ""Baby"", ""Towel"", ""Bathroom counter"", ""Toiletries"", ""Basket"", ""Mirror""], ""scene"": ""Indoor scene"", ""spatial_info"": {""Person"": ""Foreground, leaning over the counter"", ""Baby"": ""Wrapped in towel, being held by the person"", ""Bathroom counter"": ""Foreground, white surface"", ""Toiletries"": ""On the counter, including bottles and a basket"", ""Basket"": ""Left side of the counter"", ""Mirror"": ""Background, reflecting part of the room""}}, ""confidence"": 0.9329178181123334, ""recognition_status"": ""success"", ""processing_time"": 11.514116764068604}","Definition: In this task, draw tight bounding boxes around the ""Person"" and the ""Baby"".
Emphasis & Caution: Focus on the ""Baby"" wrapped in a ""Towel"" and held by the ""Person"".
Things to Avoid: Do not annotate ""Bathroom counter"", ""Toiletries"", ""Basket"", or ""Mirror""."
35580,"{""description"": ""Three skiers dressed in colorful winter gear stand on a snowy slope under a clear blue sky."", ""details"": {""objects"": [""Skiers wearing helmets, ski jackets, and pants"", ""Ski poles"", ""Snow-covered ground"", ""Clear blue sky""], ""scene"": ""Outdoor winter scene"", ""spatial_info"": {""skiers"": [""left"", ""center"", ""right""], ""sky"": ""background"", ""ground"": ""foreground""}}, ""confidence"": 0.9489804250620607, ""recognition_status"": ""success"", ""processing_time"": 8.012205123901367}","Definition: In this task, draw tight bounding boxes around all ""Skiers wearing helmets, ski jackets, and pants"".
Emphasis & Caution: Focus on the three skiers positioned left, center, and right.
Things to Avoid: Do not annotate ""Ski poles"", ""Snow-covered ground"", or ""Clear blue sky""."
35825,"{""description"": ""A woman is playing a video game using a Wii remote in a cozy, lived-in living room."", ""details"": {""objects"": [""woman holding a Wii remote"", ""black couch with floral pillows"", ""dark blue armchair"", ""wooden cabinet with glass doors"", ""wall-mounted picture frames"", ""curtains with patterned designs"", ""flower arrangement on the floor"", ""wooden flooring"", ""lamp on the wall""], ""scene"": ""indoor scene"", ""spatial_info"": {""woman"": ""standing near the center of the room"", ""couch"": ""on the right side of the image"", ""armchair"": ""on the left side of the image"", ""cabinet"": ""against the back wall"", ""curtains"": ""covering the window on the right"", ""flowers"": ""in the foreground on the left"", ""lamp"": ""attached to the wall above the armchair""}}, ""confidence"": 0.9326886636673469, ""recognition_status"": ""success"", ""processing_time"": 13.994907140731812}","Definition: In this task, draw tight bounding boxes around the ""woman holding a Wii remote"".
Emphasis & Caution: Focus on the woman standing near the center.
Things to Avoid: Do not annotate ""black couch with floral pillows"", ""dark blue armchair"", ""wooden cabinet with glass doors"", or other room items."
36049,"{""description"": ""Two workers wearing safety vests stand on railway tracks near a train, with another worker seated nearby."", ""details"": {""objects"": [""railway tracks"", ""train"", ""workers wearing safety vests"", ""signal lights"", ""platform edge""], ""scene"": ""railway station"", ""spatial_info"": {""railway tracks"": ""central focus, extending horizontally across the image"", ""train"": ""on the right side, partially visible"", ""workers"": ""standing and sitting on the tracks"", ""signal lights"": ""between the workers and the train"", ""platform edge"": ""on the left side, partially visible""}}, ""confidence"": 0.9214601340356461, ""recognition_status"": ""success"", ""processing_time"": 9.910633087158203}","Definition: In this task, draw tight bounding boxes around all ""workers wearing safety vests"".
Emphasis & Caution: Focus on workers standing and sitting on the tracks.
Things to Avoid: Do not annotate ""railway tracks"", ""train"", ""signal lights"", or ""platform edge""."
36322,"{""description"": ""A young boy is sitting on a couch, holding and eating a chocolate-covered donut."", ""details"": {""objects"": [""Young boy"", ""Chocolate-covered donut"", ""Couch"", ""Red object (possibly a toy or controller)""], ""scene"": ""Indoor scene"", ""spatial_info"": {""Boy"": ""Sitting on a couch"", ""Donut"": ""Held in the boy's hands"", ""Red object"": ""Placed on the couch behind the boy""}}, ""confidence"": 0.9556216363132781, ""recognition_status"": ""success"", ""processing_time"": 8.356627225875854}","Definition: In this task, draw tight bounding boxes around the ""Young boy"".
Emphasis & Caution: Focus on the ""Young boy"" sitting on the couch.
Things to Avoid: Do not annotate ""Chocolate-covered donut"", ""Couch"", or ""Red object (possibly a toy or controller)""."
36528,"{""description"": ""A black-and-white photograph of a vintage aircraft parked on a tarmac under a cloudy sky."", ""details"": {""objects"": [""vintage aircraft"", ""propeller"", ""cockpit"", ""cloudy sky"", ""tarmac""], ""scene"": ""outdoor aviation setting"", ""spatial_info"": {""aircraft"": ""centered in the frame, angled slightly to the left"", ""propeller"": ""attached to the front of the aircraft, partially visible"", ""cockpit"": ""located at the front of the aircraft, open"", ""cloudy sky"": ""overhead, creating a dramatic backdrop"", ""tarmac"": ""ground beneath the aircraft, visible in the lower part of the image""}}, ""confidence"": 0.9360493470743253, ""recognition_status"": ""success"", ""processing_time"": 11.429779767990112}","Definition: In this task, draw tight bounding boxes around all ""vintage aircraft"".
Emphasis & Caution: Centered in the frame, angled slightly to the left.
Things to Avoid: Do not annotate ""cloudy sky"" or ""tarmac""."
36773,"{""description"": ""A tennis player is in action on a grass court, preparing to hit the ball during a match."", ""details"": {""objects"": [""Tennis player"", ""Tennis racket"", ""Tennis ball"", ""Grass court"", ""Umpire"", ""Line judge""], ""scene"": ""Outdoor tennis match"", ""spatial_info"": {""Tennis player"": ""In the foreground, positioned on the grass court, actively engaged in play."", ""Tennis racket"": ""Held by the player, extended forward as they prepare to strike the ball."", ""Tennis ball"": ""Visible in mid-air near the player's racket."", ""Grass court"": ""The surface where the match is taking place."", ""Umpire"": ""Positioned behind the player, wearing a white jacket and cap, observing the game."", ""Line judge"": ""Standing further back, dressed in dark attire, monitoring the match.""}}, ""confidence"": 0.9371237355061198, ""recognition_status"": ""success"", ""processing_time"": 14.011178016662598}","Definition: In this task, draw tight bounding boxes around all ""Tennis player"".
Emphasis & Caution: In the foreground, actively engaged in play.
Things to Avoid: Do not annotate ""Grass court"", ""Umpire"", or ""Line judge""."
37017,"{""description"": ""A close-up of a black dog wearing a red collar, looking up at someone off-camera in a home setting."", ""details"": {""objects"": [""black dog"", ""red collar"", ""yellow tag"", ""kitchen appliances"", ""wooden cabinet"", ""trash can"", ""door"", ""person's leg""], ""scene"": ""indoor scene"", ""spatial_info"": {""dog"": ""center"", ""kitchen appliances"": ""left background"", ""wooden cabinet"": ""left background"", ""trash can"": ""background"", ""door"": ""background"", ""person's leg"": ""right side""}}, ""confidence"": 0.9539517921116254, ""recognition_status"": ""success"", ""processing_time"": 10.5504891872406}","Definition: In this task, draw tight bounding boxes around all ""black dog"".
Emphasis & Caution: Wearing a ""red collar"" with a ""yellow tag"".
Things to Avoid: Do not annotate ""kitchen appliances"", ""wooden cabinet"", ""trash can"", ""door"", or ""person's leg""."
37286,"{""description"": ""A group of people, likely runners or participants in an event, are gathered near a table filled with bananas, possibly for refreshment during an outdoor activity."", ""details"": {""objects"": [""People"", ""Bananas"", ""Table"", ""Penske Truck Rental truck"", ""Tents"", ""Buildings"", ""Fence""], ""scene"": ""Outdoor event"", ""spatial_info"": {""People"": ""Foreground"", ""Bananas"": ""On table"", ""Penske Truck Rental truck"": ""Background"", ""Tents"": ""Background"", ""Buildings"": ""Background"", ""Fence"": ""Between people and truck""}}, ""confidence"": 0.9409030300328315, ""recognition_status"": ""success"", ""processing_time"": 10.559260845184326}","Definition: In this task, draw tight bounding boxes around all ""People"".
Emphasis & Caution: In the foreground near the table.
Things to Avoid: Do not annotate ""Bananas"", ""Table"", ""Penske Truck Rental truck"", ""Tents"", ""Buildings"", or ""Fence""."
37616,"{""description"": ""A man is standing in a living room, interacting with a gaming console or similar device."", ""details"": {""objects"": [""Man wearing glasses and a beige jacket"", ""Wooden entertainment center with shelves containing speakers, CDs, and decorative items"", ""Coffee table with a few items on it"", ""Mirror on the wall"", ""Box labeled 'Sunbeam'"", ""Furniture including a couch and an ottoman""], ""scene"": ""Indoor scene"", ""spatial_info"": {""Man"": ""Left side of the image, facing right"", ""Entertainment center"": ""Center-right of the image"", ""Coffee table"": ""Behind the entertainment center"", ""Mirror"": ""Right side of the image"", ""Box"": ""On the floor near the couch"", ""Furniture"": ""Foreground, including a couch and ottoman""}}, ""confidence"": 0.9298877756825183, ""recognition_status"": ""success"", ""processing_time"": 12.689445734024048}","Definition: In this task, draw tight bounding boxes around all ""Man wearing glasses and a beige jacket"".
Emphasis & Caution: On the left side of the image, facing right.
Things to Avoid: Do not annotate ""Wooden entertainment center with shelves containing speakers, CDs, and decorative items"", ""Coffee table with a few items on it"", ""Mirror on the wall"", ""Box labeled 'Sunbeam'"", or ""Furniture including a couch and an ottoman""."
37847,"{""description"": ""Two individuals are engaged in wine tasting, each holding a glass of red wine."", ""details"": {""objects"": [""two people"", ""wine glasses"", ""red wine"", ""outdoor setting""], ""scene"": ""outdoor scene"", ""spatial_info"": {""people"": [""man on left"", ""woman on right""], ""wine glasses"": [""in front of man"", ""in front of woman""], ""background"": [""greenery"", ""building""]}}, ""confidence"": 0.9429531567935618, ""recognition_status"": ""success"", ""processing_time"": 7.987352132797241}","Definition: In this task, draw tight bounding boxes around all ""two people"".
Emphasis & Caution: Man on left, woman on right.
Things to Avoid: Do not annotate ""wine glasses"", ""red wine"", or ""outdoor setting""."
38083,"{""description"": ""A vibrant display of fresh vegetables and fruits arranged on a table, showcasing a variety of colors and textures."", ""details"": {""objects"": [""strawberries"", ""broccoli"", ""green beans"", ""carrots"", ""potatoes"", ""radishes"", ""cucumbers"", ""parsley"", ""green onions""], ""scene"": ""indoor scene"", ""spatial_info"": {""strawberries"": [""left basket""], ""broccoli"": [""center-left""], ""green beans"": [""center""], ""carrots"": [""right""], ""potatoes"": [""right""], ""radishes"": [""center-right""], ""cucumbers"": [""top-center""], ""parsley"": [""top-left""], ""green onions"": [""top""]}}, ""confidence"": 0.9611218266089127, ""recognition_status"": ""success"", ""processing_time"": 12.211856126785278}","Definition: In this task, draw tight bounding boxes around all ""strawberries"", ""broccoli"", ""green beans"", ""carrots"", ""potatoes"", ""radishes"", ""cucumbers"", ""parsley"", and ""green onions"".
Emphasis & Caution: -
Things to Avoid: -"
38355,"{""description"": ""A red-winged blackbird perched on a wooden railing against a blurred background."", ""details"": {""objects"": [""red-winged blackbird"", ""wooden railing"", ""blurred background""], ""scene"": ""outdoor scene"", ""spatial_info"": {""red-winged blackbird"": ""center"", ""wooden railing"": ""bottom"", ""blurred background"": ""top""}}, ""confidence"": 0.9740785595448129, ""recognition_status"": ""success"", ""processing_time"": 7.080639839172363}","Definition: In this task, draw tight bounding boxes around all ""red-winged blackbird"".
Emphasis & Caution: Center.
Things to Avoid: Do not annotate ""wooden railing"" or ""blurred background""."
38616,"{""description"": ""A dog is resting its head on a laptop keyboard, partially obscuring the screen."", ""details"": {""objects"": [""Dog"", ""Laptop""], ""scene"": ""Indoor scene"", ""spatial_info"": {""Dog"": ""Head on laptop keyboard"", ""Laptop"": ""On a surface, partially covered by the dog's head""}}, ""confidence"": 0.9498504537976241, ""recognition_status"": ""success"", ""processing_time"": 6.3039820194244385}","Definition: In this task, draw tight bounding boxes around all ""Dog"" and ""Laptop"".
Emphasis & Caution: Dog head on laptop keyboard.
Things to Avoid: -"
38828,"{""description"": ""A woman is riding a brown horse on a grassy field surrounded by trees."", ""details"": {""objects"": [""woman"", ""brown horse"", ""saddle"", ""bridle"", ""grass"", ""trees""], ""scene"": ""outdoor rural scene"", ""spatial_info"": {""woman"": ""sitting on horseback, facing right"", ""brown horse"": ""standing on grass, grazing"", ""saddle"": ""on horse's back"", ""bridle"": ""attached to horse's head"", ""grass"": ""covering ground"", ""trees"": ""in background""}}, ""confidence"": 0.9571040072590203, ""recognition_status"": ""success"", ""processing_time"": 9.574362754821777}","Definition: In this task, draw tight bounding boxes around all ""woman"" and ""brown horse"".
Emphasis & Caution: Woman sitting on horseback, facing right.
Things to Avoid: Do not annotate ""grass"" or ""trees""."
39064,"{""description"": ""A hockey player interacts with a mascot on an ice rink, surrounded by stuffed animals and a hockey stick lying on the ice."", ""details"": {""objects"": [""Hockey player wearing a helmet and jersey"", ""Mascot resembling a yellow bird with a red beak"", ""Stuffed animals including bears, a tiger, and a dog"", ""Hockey stick on the ice"", ""Ice rink surface"", ""Spectators in the background""], ""scene"": ""Indoor sports arena"", ""spatial_info"": {""Hockey player"": ""Center-right of the image, standing on the ice"", ""Mascot"": ""Left side of the image, interacting with the hockey player"", ""Stuffed animals"": ""Scattered on the ice in front of the hockey player"", ""Hockey stick"": ""Lying horizontally on the ice near the bottom left corner"", ""Spectators"": ""In the background, seated in the stands""}}, ""confidence"": 0.929831043460367, ""recognition_status"": ""success"", ""processing_time"": 14.428899765014648}","Definition: In this task, draw tight bounding boxes around all ""Hockey player wearing a helmet and jersey"" and ""Mascot resembling a yellow bird with a red beak"".
Emphasis & Caution: Center-right hockey player; left-side mascot.
Things to Avoid: Do not annotate ""Stuffed animals"", ""Hockey stick on the ice"", or ""Spectators in the background""."
39312,"{""description"": ""A lush tropical scene featuring a banana tree with green bananas, surrounded by dense foliage and misty mountains in the background."", ""details"": {""objects"": [""banana tree"", ""green bananas"", ""dense foliage"", ""misty mountains""], ""scene"": ""tropical landscape"", ""spatial_info"": {""banana tree"": ""center"", ""green bananas"": ""hanging from the tree"", ""dense foliage"": ""surrounding the tree"", ""misty mountains"": ""in the background""}}, ""confidence"": 0.9612305338148532, ""recognition_status"": ""success"", ""processing_time"": 8.690114498138428}","Definition: In this task, draw tight bounding boxes around all ""banana tree"".
Emphasis & Caution: Center.
Things to Avoid: Do not annotate ""dense foliage"" or ""misty mountains""."
39542,"{""description"": ""A fire truck is actively spraying water under a bridge, with firefighters on the vehicle and another person observing from the ground."", ""details"": {""objects"": [""Fire truck"", ""Firefighters"", ""Water spray"", ""Bridge"", ""Streetlight"", ""Trees"", ""Person standing on the ground""], ""scene"": ""Urban street"", ""spatial_info"": {""Fire truck"": ""Center of the image, facing forward"", ""Firefighters"": ""On top of the fire truck"", ""Water spray"": ""Extending from the front of the fire truck"", ""Bridge"": ""Above the fire truck"", ""Streetlight"": ""Left side of the image"", ""Trees"": ""Left side of the image"", ""Person standing on the ground"": ""Right side of the image""}}, ""confidence"": 0.9345624175644243, ""recognition_status"": ""success"", ""processing_time"": 12.574530601501465}","Definition: In this task, draw tight bounding boxes around all ""Fire truck"", ""Firefighters"", and ""Person standing on the ground"".
Emphasis & Caution: Fire truck centered; firefighters on top.
Things to Avoid: Do not annotate ""Bridge"", ""Streetlight"", ""Trees"", or ""Water spray""."
39770,"{""description"": ""A dimly lit kitchen counter featuring a kettle, a pot, and various utensils."", ""details"": {""objects"": [""kettle"", ""pot"", ""ladle"", ""spatula"", ""knife block""], ""scene"": ""indoor scene"", ""spatial_info"": {""kettle"": ""center-right"", ""pot"": ""right"", ""ladle"": ""top-left"", ""spatula"": ""left"", ""knife block"": ""far left""}}, ""confidence"": 0.9549839752912244, ""recognition_status"": ""success"", ""processing_time"": 8.43130111694336}","Definition: In this task, draw tight bounding boxes around all ""kettle"" and ""pot"".
Emphasis & Caution: -
Things to Avoid: Do not annotate ""ladle"", ""spatula"", or ""knife block""."
40037,"{""description"": ""A historic stone clock tower stands prominently against a cloudy sky, attached to a building with arched entrances and a green-topped dome in the background."", ""details"": {""objects"": [""Stone clock tower"", ""Building with arched entrances"", ""Green-topped dome structure"", ""People walking on the street""], ""scene"": ""Urban street"", ""spatial_info"": {""clock tower"": ""Central focus, extending vertically"", ""building"": ""Attached to the left side of the clock tower"", ""dome structure"": ""In the background, slightly to the right"", ""people"": ""Walking along the street in front of the building""}}, ""confidence"": 0.9367846249352619, ""recognition_status"": ""success"", ""processing_time"": 9.856734275817871}","Definition: In this task, draw tight bounding boxes around all ""People walking on the street"".
Emphasis & Caution: In front of the building.
Things to Avoid: Do not annotate ""Stone clock tower"", ""Building with arched entrances"", or ""Green-topped dome structure""."
40304,"{""description"": ""A cluttered desk setup with multiple laptops, a desktop monitor, books, and office supplies arranged in a home office environment."", ""details"": {""objects"": [""Multiple laptops"", ""Desktop computer monitor"", ""Books"", ""Office supplies"", ""Desk"", ""Chair"", ""Window with curtains"", ""Wall""], ""scene"": ""Indoor scene"", ""spatial_info"": {""laptops"": [""left"", ""center"", ""right""], ""desktop monitor"": [""center-right""], ""books"": [""left""], ""office supplies"": [""left""], ""desk"": [""central""], ""chair"": [""front-right""], ""window"": [""right""], ""wall"": [""left""]}}, ""confidence"": 0.9404444769639035, ""recognition_status"": ""success"", ""processing_time"": 11.200904607772827}","Definition: In this task, draw tight bounding boxes around all ""Multiple laptops"" and ""Desktop computer monitor"".
Emphasis & Caution: Focus on devices placed ""left"", ""center"", and ""right"" on the desk.
Things to Avoid: Do not annotate background elements like ""Desk"", ""Chair"", ""Window with curtains"", or ""Wall""."
40593,"{""description"": ""A large dam spans across a wide river, with a few small boats visible on the water near the dam."", ""details"": {""objects"": [""dam"", ""river"", ""boats"", ""people on boats"", ""bridge"", ""trees"", ""sky""], ""scene"": ""outdoor"", ""spatial_info"": {""dam"": ""center"", ""river"": ""foreground"", ""boats"": [""left"", ""right""], ""people on boats"": [""left"", ""right""], ""bridge"": ""top right"", ""trees"": ""background left"", ""sky"": ""top""}}, ""confidence"": 0.9414802933316943, ""recognition_status"": ""success"", ""processing_time"": 9.73739767074585}","Definition: In this task, draw tight bounding boxes around all ""boats"" and ""people on boats"".
Emphasis & Caution: Focus on targets located on the water in the ""foreground"".
Things to Avoid: Do not annotate background elements like ""dam"", ""river"", ""bridge"", ""trees"", or ""sky""."
40886,"{""description"": ""A baseball pitcher in a San Francisco uniform is captured mid-pitch on the mound during a game."", ""details"": {""objects"": [""baseball pitcher"", ""baseball glove"", ""baseball uniform"", ""baseball field"", ""spectators in the background""], ""scene"": ""baseball game"", ""spatial_info"": {""pitcher"": ""center"", ""baseball field"": ""background"", ""spectators"": ""further back""}}, ""confidence"": 0.953085669695105, ""recognition_status"": ""success"", ""processing_time"": 7.952599048614502}","Definition: In this task, draw tight bounding boxes around the ""baseball pitcher"".
Emphasis & Caution: Focus on the subject positioned at the ""center"".
Things to Avoid: Do not annotate ""baseball field"" or ""spectators in the background""."
41079,"{""description"": ""A vibrant kite festival takes place on a grassy hill under a clear blue sky, with numerous colorful kites flying high above the crowd."", ""details"": {""objects"": [""kites"", ""people"", ""grass"", ""hill"", ""bicycles"", ""sky""], ""scene"": ""outdoor event"", ""spatial_info"": {""kites"": ""floating in the sky"", ""people"": ""standing or walking on the hillside"", ""grass"": ""covering the ground"", ""hill"": ""a sloping area where people gather"", ""bicycles"": ""parked near the hill"", ""sky"": ""clear and blue""}}, ""confidence"": 0.940486319249148, ""recognition_status"": ""success"", ""processing_time"": 10.489762306213379}","Definition: In this task, draw tight bounding boxes around all ""people"" and ""kites"".
Emphasis & Caution: Focus on ""kites"" floating in the sky and ""people"" on the hillside.
Things to Avoid: Do not annotate background elements like ""grass"", ""hill"", ""bicycles"", or ""sky""."
41319,"{""description"": ""A person wearing a suit and glasses is standing indoors, posing for the camera."", ""details"": {""objects"": [""suit"", ""glasses"", ""tie"", ""shirt"", ""chair"", ""tablecloth"", ""picture frame"", ""wall""], ""scene"": ""indoor scene"", ""spatial_info"": {""person"": ""center"", ""chair"": ""right background"", ""tablecloth"": ""right background"", ""picture frame"": ""top center"", ""wall"": ""background""}}, ""confidence"": 0.957388307219481, ""recognition_status"": ""success"", ""processing_time"": 8.507594108581543}","Definition: In this task, draw tight bounding boxes around the ""person"".
Emphasis & Caution: Focus on the subject wearing a ""suit"" and ""glasses"".
Things to Avoid: Do not annotate background elements like ""chair"", ""tablecloth"", ""picture frame"", or ""wall""."
41575,"{""description"": ""A cozy bedroom with a bed, nightstand, chair, and a framed picture on the wall."", ""details"": {""objects"": [""bed"", ""nightstand"", ""chair"", ""lamp"", ""framed picture"", ""coat rack"", ""door"", ""rug""], ""scene"": ""indoor scene"", ""spatial_info"": {""bed"": ""center-right"", ""nightstand"": ""next to bed"", ""chair"": ""left side"", ""lamp"": ""on nightstand"", ""framed picture"": ""wall above bed"", ""coat rack"": ""near door"", ""door"": ""open, leading to another room"", ""rug"": ""on floor near door""}}, ""confidence"": 0.9540306610598225, ""recognition_status"": ""success"", ""processing_time"": 10.694448232650757}","Definition: In this task, draw tight bounding boxes around the ""bed"" and ""chair"".
Emphasis & Caution: Focus on the ""bed"" at ""center-right"".
Things to Avoid: Do not annotate ""nightstand"", ""lamp"", ""framed picture"", ""coat rack"", ""door"", or ""rug""."
41832,"{""description"": ""A homemade pizza topped with mozzarella, olives, ham, and herbs is displayed on a stovetop."", ""details"": {""objects"": [""Pizza"", ""Stovetop"", ""Fork"", ""Plate"", ""Glass container""], ""scene"": ""Indoor scene"", ""spatial_info"": {""Pizza"": ""Center of the image"", ""Stovetop"": ""Background"", ""Fork"": ""Top left corner"", ""Plate"": ""Top left corner"", ""Glass container"": ""Top right corner""}}, ""confidence"": 0.9575722169566964, ""recognition_status"": ""success"", ""processing_time"": 8.999669075012207}","Definition: In this task, draw tight bounding boxes around the ""Pizza"".
Emphasis & Caution: Focus on the ""Pizza"" at the ""Center of the image"".
Things to Avoid: Do not annotate ""Stovetop"", ""Fork"", ""Plate"", or ""Glass container""."
42079,"{""description"": ""A man stands beside a red pickup truck with two dogs in the back, holding a bag of food near a restaurant sign advertising 'All Day at Food Specials'."", ""details"": {""objects"": [""man wearing blue cap and striped shirt"", ""red pickup truck"", ""two golden retrievers in the truck bed"", ""bag of food held by the man"", ""restaurant sign"", ""trees and bushes in the background"", ""road and parking lot""], ""scene"": ""Outdoor, daytime, casual setting"", ""spatial_info"": {""man"": ""standing on the left side of the image, facing the truck"", ""truck"": ""on the right side of the image, parked on the road"", ""dogs"": ""in the back of the truck, leaning over the edge"", ""sign"": ""attached to a pole behind the truck"", ""background elements"": ""trees and bushes along the roadside""}}, ""confidence"": 0.91941340432902, ""recognition_status"": ""success"", ""processing_time"": 14.057458639144897}","Definition: In this task, draw tight bounding boxes around the ""man wearing blue cap and striped shirt"", ""red pickup truck"", and ""two golden retrievers in the truck bed"".
Emphasis & Caution: Focus on the ""red pickup truck"" and dogs ""in the back of the truck"".
Things to Avoid: Do not annotate ""restaurant sign"", ""trees and bushes in the background"", or ""road and parking lot""."
42341,"{""description"": ""A black dog lounging on a white boat seat surrounded by lush greenery."", ""details"": {""objects"": [""black dog"", ""white boat seat"", ""green water"", ""trees"", ""boat""], ""scene"": ""outdoor"", ""spatial_info"": {""dog"": ""on white boat seat"", ""water"": ""behind boat"", ""trees"": ""in background"", ""boat"": ""in foreground""}}, ""confidence"": 0.9501592369801257, ""recognition_status"": ""success"", ""processing_time"": 7.795686483383179}","Definition: In this task, draw tight bounding boxes around the ""black dog"".
Emphasis & Caution: Focus on the dog ""on white boat seat"".
Things to Avoid: Do not annotate ""white boat seat"", ""green water"", ""trees"", or ""boat""."
42540,"{""description"": ""A breakfast setting featuring two slices of banana toast on a decorative plate, accompanied by a cup of coffee."", ""details"": {""objects"": [""Two slices of banana toast"", ""A cup of coffee"", ""A decorative plate"", ""A strawberry-patterned placemat""], ""scene"": ""Indoor scene"", ""spatial_info"": {""banana toast"": [""center of the plate""], ""coffee cup"": [""top left corner""], ""plate"": [""main focus""], ""placemat"": [""underneath the plate""]}}, ""confidence"": 0.9446867410134383, ""recognition_status"": ""success"", ""processing_time"": 8.865508079528809}","Definition: In this task, draw tight bounding boxes around ""Two slices of banana toast"" and ""A cup of coffee"".
Emphasis & Caution: -
Things to Avoid: Do not annotate ""A decorative plate"" or ""A strawberry-patterned placemat""."
42752,"{""description"": ""A man is seated at a table in a cafe, working on a laptop with a cup of coffee beside him."", ""details"": {""objects"": [""Man wearing a black jacket, red scarf, and cap"", ""Laptop"", ""Coffee cup"", ""Table"", ""Chair"", ""Wall art depicting leaves and a map"", ""Window"", ""Bag on the table""], ""scene"": ""Indoor scene"", ""spatial_info"": {""Man"": ""Sitting at a table"", ""Laptop"": ""On the table"", ""Coffee cup"": ""Beside the laptop"", ""Table"": ""In front of the man"", ""Chair"": ""Next to the table"", ""Wall art"": ""On the wall behind the man"", ""Window"": ""To the right of the man"", ""Bag"": ""On the table next to the man""}}, ""confidence"": 0.947604970488297, ""recognition_status"": ""success"", ""processing_time"": 13.171711683273315}","Definition: In this task, draw tight bounding boxes around the ""Man wearing a black jacket, red scarf, and cap"", ""Laptop"", and ""Coffee cup"".
Emphasis & Caution: Focus on the man ""Sitting at a table"" with items ""On the table"".
Things to Avoid: Do not annotate ""Table"", ""Chair"", ""Wall art depicting leaves and a map"", ""Window"", or ""Bag on the table""."
42972,"{""description"": ""The image shows a cozy living room with a white couch, a striped sofa, a coffee table, a bookshelf filled with books and DVDs, and a colorful rug on the floor."", ""details"": {""objects"": [""bookshelf"", ""couch"", ""coffee table"", ""rug"", ""television""], ""scene"": ""bookshelf"", ""spatial_info"": ""Main elements distributed in the image""}, ""confidence"": 0.952663615171154, ""recognition_status"": ""success"", ""processing_time"": 21.278423070907593}","Definition: In this task, draw tight bounding boxes around the ""couch"", ""coffee table"", and ""television"".
Emphasis & Caution: -
Things to Avoid: Do not annotate ""bookshelf"" or ""rug""."
43279,"{""description"": ""A colorful street scene featuring pastel-colored houses, a horse-drawn cart, and a quiet urban atmosphere."", ""details"": {""objects"": [""pastel-colored houses"", ""horse-drawn cart"", ""electric poles"", ""power lines"", ""street"", ""sidewalks"", ""brick pavement""], ""scene"": ""urban street"", ""spatial_info"": {""houses"": [""left side"", ""center""], ""cart"": [""center-left""], ""electric poles"": [""center""], ""street"": [""middle""], ""sidewalks"": [""left"", ""right""]}}, ""confidence"": 0.9388819085541961, ""recognition_status"": ""success"", ""processing_time"": 9.96981954574585}","Definition: In this task, draw tight bounding boxes around the ""horse-drawn cart"".
Emphasis & Caution: Focus on the cart at ""center-left"".
Things to Avoid: Do not annotate ""pastel-colored houses"", ""electric poles"", ""power lines"", ""street"", ""sidewalks"", or ""brick pavement""."
43510,"{""description"": ""A baseball player in a red uniform is at bat during a game, with spectators in the background seated in stadium seats."", ""details"": {""objects"": [""Baseball player"", ""Bat"", ""Catcher"", ""Baseball glove"", ""Umpire"", ""Spectators"", ""Stadium seats"", ""Baseball field""], ""scene"": ""Baseball game"", ""spatial_info"": {""Baseball player"": ""Center of the image, standing on the batter's box"", ""Catcher"": ""Left side of the image, crouched behind home plate"", ""Umpire"": ""Not clearly visible but likely positioned behind the catcher"", ""Spectators"": ""Background, seated in stadium seats"", ""Stadium seats"": ""Filled with spectators"", ""Baseball field"": ""Grass and dirt areas visible""}}, ""confidence"": 0.9457949722127575, ""recognition_status"": ""success"", ""processing_time"": 13.189367771148682}","Definition: In this task, draw tight bounding boxes around the ""Baseball player"" and ""Catcher"".
Emphasis & Caution: Focus on the ""Baseball player"" at the ""Center of the image"".
Things to Avoid: Do not annotate ""Spectators"", ""Stadium seats"", or ""Baseball field""."
43742,"{""description"": ""Two individuals are engaged in a wine tasting event outdoors, with one person actively smelling the wine while another holds a glass."", ""details"": {""objects"": [""Two individuals holding wine glasses"", ""A third person partially visible in the background"", ""Buildings and greenery in the background"", ""Outdoor setting with a railing""], ""scene"": ""Outdoor event"", ""spatial_info"": {""Foreground"": [""Two individuals holding wine glasses""], ""Background"": [""Buildings and greenery""]}}, ""confidence"": 0.9238383187782109, ""recognition_status"": ""success"", ""processing_time"": 8.118281602859497}","Definition: In this task, draw tight bounding boxes around the ""Two individuals holding wine glasses"".
Emphasis & Caution: -
Things to Avoid: Do not annotate ""A third person partially visible in the background"" or ""Buildings and greenery in the background""."
43997,"{""description"": ""A row of sinks with mirrors above them in a public restroom setting."", ""details"": {""objects"": [""sinks"", ""mirrors"", ""soap dispensers"", ""tile wall"", ""ceiling lights"", ""pipes""], ""scene"": ""indoor scene"", ""spatial_info"": {""sinks"": [""left"", ""center"", ""right""], ""mirrors"": [""left"", ""center"", ""right""], ""soap dispensers"": [""left"", ""center"", ""right""], ""tile wall"": ""behind sinks"", ""ceiling lights"": ""above mirrors"", ""pipes"": ""underneath sinks""}}, ""confidence"": 0.956509509768039, ""recognition_status"": ""success"", ""processing_time"": 10.070908069610596}","Definition: In this task, draw tight bounding boxes around all ""sinks"".
Emphasis & Caution: Focus on ""sinks"" located at ""left"", ""center"", and ""right"".
Things to Avoid: Do not annotate ""mirrors"", ""soap dispensers"", ""tile wall"", ""ceiling lights"", or ""pipes""."
44250,"{""description"": ""A polar bear is captured mid-action, diving into water with its head submerged, creating splashes around it."", ""details"": {""objects"": [""Polar bear"", ""Water"", ""Rocky background""], ""scene"": ""Outdoor zoo or wildlife enclosure"", ""spatial_info"": {""polar_bear"": ""Centered, facing downwards towards the water"", ""water"": ""Foreground, where the polar bear is diving"", ""rocky_background"": ""Surrounding the water, forming the enclosure's backdrop""}}, ""confidence"": 0.9294349241110287, ""recognition_status"": ""success"", ""processing_time"": 8.90911865234375}","Definition: In this task, draw tight bounding boxes around the ""Polar bear"".
Emphasis & Caution: Focus on the ""Polar bear"" centered and facing downwards.
Things to Avoid: Do not annotate ""Water"" or ""Rocky background""."
44491,"{""description"": ""A vintage van with a motorcycle loaded in its bed is parked on a grassy field under a clear sky."", ""details"": {""objects"": [""vintage van"", ""motorcycle"", ""luggage"", ""grass field"", ""trees"", ""white van"", ""parked cars""], ""scene"": ""outdoor event or gathering"", ""spatial_info"": {""van"": ""center of the image, facing right"", ""motorcycle"": ""in the back of the van's bed"", ""luggage"": ""on top of the van"", ""grass field"": ""surrounding the van"", ""trees"": ""in the background"", ""white van"": ""far left background"", ""parked cars"": ""in the distance""}}, ""confidence"": 0.9443019184089739, ""recognition_status"": ""success"", ""processing_time"": 14.288504362106323}","Definition: In this task, draw tight bounding boxes around the ""vintage van"" and the ""motorcycle"".
Emphasis & Caution: Focus on the ""vintage van"" at the center and the ""motorcycle"" in the back of the van's bed.
Things to Avoid: Do not annotate ""grass field"", ""trees"", ""white van"", or ""parked cars""."
44718,"{""description"": ""Two sport motorcycles, one blue and one yellow, parked side by side on a paved area with greenery in the background."", ""details"": {""objects"": [""Blue motorcycle"", ""Yellow motorcycle"", ""Paved area"", ""Green bushes"", ""Red car""], ""scene"": ""Outdoor parking area"", ""spatial_info"": {""blue motorcycle"": ""left"", ""yellow motorcycle"": ""right"", ""paved area"": ""ground"", ""green bushes"": ""behind motorcycles"", ""red car"": ""far left background""}}, ""confidence"": 0.9628111907200037, ""recognition_status"": ""success"", ""processing_time"": 11.009718418121338}","Definition: In this task, draw tight bounding boxes around the ""Blue motorcycle"" and the ""Yellow motorcycle"".
Emphasis & Caution: Focus on the ""Blue motorcycle"" on the left and the ""Yellow motorcycle"" on the right.
Things to Avoid: Do not annotate ""Paved area"", ""Green bushes"", or ""Red car""."
44928,"{""description"": ""A kitchen cabinet under construction with a microwave installed but still wrapped in plastic."", ""details"": {""objects"": [""Kitchen cabinet"", ""Microwave oven"", ""Plastic wrap"", ""Tools and materials"", ""Flooring material""], ""scene"": ""Indoor scene"", ""spatial_info"": {""microwave"": ""Installed within the cabinet, partially covered by plastic"", ""cabinet"": ""Wooden structure forming part of the kitchen"", ""plastic wrap"": ""Covering the microwave for protection during installation"", ""tools and materials"": ""Scattered around the workspace"", ""flooring material"": ""Exposed floor with protective covering""}}, ""confidence"": 0.921681402701067, ""recognition_status"": ""success"", ""processing_time"": 12.330379009246826}","Definition: In this task, draw tight bounding boxes around the ""Kitchen cabinet"" and the ""Microwave oven"".
Emphasis & Caution: Focus on the ""Microwave oven"" installed within the cabinet and covered by ""Plastic wrap"".
Things to Avoid: Do not annotate ""Tools and materials"" or ""Flooring material""."
45148,"{""description"": ""A person is standing behind a bakery counter filled with various pastries, smiling at the camera."", ""details"": {""objects"": [""bakery counter"", ""pastries"", ""person"", ""menu board"", ""clock"", ""magazines"", ""baskets"", ""coffee cup"", ""donuts"", ""bakery items"", ""cash register""], ""scene"": ""indoor scene"", ""spatial_info"": {""bakery counter"": ""in front of the person"", ""pastries"": ""on the counter"", ""person"": ""standing behind the counter"", ""menu board"": ""above the counter"", ""clock"": ""on the wall"", ""magazines"": ""on the wall"", ""baskets"": ""on the counter"", ""coffee cup"": ""on the menu board"", ""donuts"": ""on the menu board"", ""bakery items"": ""on the counter"", ""cash register"": ""behind the counter""}}, ""confidence"": 0.9454407316473783, ""recognition_status"": ""success"", ""processing_time"": 17.877504348754883}","Definition: In this task, draw tight bounding boxes around the ""person"".
Emphasis & Caution: Focus on the ""person"" standing behind the counter.
Things to Avoid: Do not annotate ""bakery counter"", ""pastries"", ""menu board"", ""clock"", ""magazines"", ""baskets"", ""coffee cup"", ""donuts"", ""bakery items"", or ""cash register""."
45383,"{""description"": ""A rustic stone wall with a window displaying colorful ceramic eggs and a potted plant."", ""details"": {""objects"": [""stone wall"", ""window"", ""ceramic eggs"", ""potted plant""], ""scene"": ""rural setting"", ""spatial_info"": {""stone wall"": ""surrounding the window"", ""window"": ""centered in the image"", ""ceramic eggs"": ""placed on the window sill"", ""potted plant"": ""to the left of the window""}}, ""confidence"": 0.9473552781798197, ""recognition_status"": ""success"", ""processing_time"": 8.976439952850342}","Definition: In this task, draw tight bounding boxes around the ""window"" and the ""ceramic eggs"".
Emphasis & Caution: Focus on the ""window"" centered in the image and the ""ceramic eggs"" on the window sill.
Things to Avoid: Do not annotate the ""stone wall"" or the ""potted plant""."
45587,"{""description"": ""A group of people and a dog are enjoying surfing activities in the ocean, with one person riding a wave on a surfboard."", ""details"": {""objects"": [""Surfboards"", ""People wearing wetsuits"", ""Dog"", ""Ocean waves""], ""scene"": ""Outdoor water activity"", ""spatial_info"": {""Surfboards"": [""In the water near the people""], ""People"": [""In the water near the surfboards""], ""Dog"": [""On a surfboard being ridden by a person""]}}, ""confidence"": 0.9328071055020717, ""recognition_status"": ""success"", ""processing_time"": 8.702397584915161}","Definition: In this task, draw tight bounding boxes around all ""People wearing wetsuits"", the ""Dog"", and the ""Surfboards"".
Emphasis & Caution: Focus on targets in the water, especially the ""Dog"" on a surfboard.
Things to Avoid: Do not annotate ""Ocean waves""."
45836,"{""description"": ""Two teddy bears wearing colorful scarves are sitting side by side on a plain surface."", ""details"": {""objects"": [""White teddy bear"", ""Brown teddy bear"", ""Multicolored scarf""], ""scene"": ""Indoor scene"", ""spatial_info"": {""white_teddy_bear"": ""left"", ""brown_teddy_bear"": ""right""}}, ""confidence"": 0.9679481934610656, ""recognition_status"": ""success"", ""processing_time"": 7.010053873062134}","Definition: In this task, draw tight bounding boxes around the ""White teddy bear"" and the ""Brown teddy bear"".
Emphasis & Caution: Focus on the ""White teddy bear"" on the left and the ""Brown teddy bear"" on the right.
Things to Avoid: -"
46090,"{""description"": ""A fluffy white cat is lounging on a wooden surface next to a green plate with a sandwich and a bottle of Gatorade."", ""details"": {""objects"": [""fluffy white cat"", ""green plate with sandwich"", ""bottle of Gatorade"", ""wooden surface"", ""computer monitor""], ""scene"": ""indoor scene"", ""spatial_info"": {""cat"": ""right side of the image, lying down"", ""plate with sandwich"": ""bottom left corner of the image"", ""Gatorade bottle"": ""left side of the image"", ""computer monitor"": ""background, top left corner""}}, ""confidence"": 0.9570757711027816, ""recognition_status"": ""success"", ""processing_time"": 10.099271774291992}","Definition: In this task, draw tight bounding boxes around the ""fluffy white cat"".
Emphasis & Caution: Focus on the ""fluffy white cat"" on the right side of the image.
Things to Avoid: Do not annotate ""green plate with sandwich"", ""bottle of Gatorade"", ""wooden surface"", or ""computer monitor""."
46329,"{""description"": ""A skateboarder performs a trick on a staircase while a crowd watches from above."", ""details"": {""objects"": [""skateboarder"", ""skateboard"", ""staircase"", ""railing"", ""audience""], ""scene"": ""indoor scene"", ""spatial_info"": {""skateboarder"": ""mid-air, performing trick"", ""skateboard"": ""underneath skateboarder's feet"", ""staircase"": ""inclined, leading upwards"", ""railing"": ""metallic, separating skateboarder from audience"", ""audience"": ""standing on upper level, watching performance""}}, ""confidence"": 0.9404777967239127, ""recognition_status"": ""success"", ""processing_time"": 9.714460611343384}","Definition: In this task, draw tight bounding boxes around the ""skateboarder"" and the ""skateboard"".
Emphasis & Caution: Focus on the ""skateboarder"" mid-air.
Things to Avoid: Do not annotate ""staircase"", ""railing"", or ""audience""."
46580,"{""description"": ""A person is lying on a bed, reading a book under a dimly lit environment, creating a cozy and introspective atmosphere."", ""details"": {""objects"": [""person"", ""book"", ""bed"", ""blanket"", ""light source""], ""scene"": ""indoor scene"", ""spatial_info"": {""person"": ""lying on the bed, holding the book"", ""book"": ""being read by the person"", ""bed"": ""the surface the person is lying on"", ""blanket"": ""covering the person and the bed"", ""light source"": ""creating a soft glow around the person""}}, ""confidence"": 0.9484626218387058, ""recognition_status"": ""success"", ""processing_time"": 9.95334506034851}","Definition: In this task, draw tight bounding boxes around the ""person"".
Emphasis & Caution: Focus on the ""person"" lying on the bed.
Things to Avoid: Do not annotate ""book"", ""bed"", ""blanket"", or ""light source""."
46883,"{""description"": ""A close-up view of a traffic light displaying a green signal, set against a backdrop of modern urban architecture."", ""details"": {""objects"": [""Traffic light"", ""Buildings""], ""scene"": ""Urban street"", ""spatial_info"": {""traffic_light"": ""Centered in the image, hanging from a pole"", ""buildings"": ""Surrounding the traffic light, with one tall building on the left and another on the right""}}, ""confidence"": 0.9404468578818258, ""recognition_status"": ""success"", ""processing_time"": 7.585883378982544}","Definition: In this task, draw tight bounding boxes around the ""Traffic light"".
Emphasis & Caution: Focus on the green signal on the ""Traffic light"".
Things to Avoid: Do not annotate ""Buildings""."
47173,"{""description"": ""Two individuals are engaged in an activity involving controllers, possibly playing a video game, in a well-lit indoor setting."", ""details"": {""objects"": [""Controllers"", ""Wii remote"", ""Wii nunchuk"", ""Casual clothing"", ""Indoor furniture"", ""Decorative wall""], ""scene"": ""Indoor scene"", ""spatial_info"": {""Controllers"": [""In hands of individuals""], ""Wii remote"": [""Held by individual on right""], ""Wii nunchuk"": [""Attached to Wii remote held by individual on right""], ""Casual clothing"": [""Worn by both individuals""], ""Indoor furniture"": [""Partially visible behind individuals""], ""Decorative wall"": [""With floral pattern""]}}, ""confidence"": 0.9388830517862541, ""recognition_status"": ""success"", ""processing_time"": 11.584518432617188}","Definition: In this task, draw tight bounding boxes around the ""Controllers"", ""Wii remote"", and ""Wii nunchuk"".
Emphasis & Caution: Focus on items held in hands.
Things to Avoid: Do not annotate ""Casual clothing"", ""Indoor furniture"", or ""Decorative wall""."
47395,"{""description"": ""A bus route sign is mounted on a pole in front of a multi-story building, indicating directions for public transportation."", ""details"": {""objects"": [""Bus route sign"", ""Traffic light"", ""Multi-story building"", ""Pole""], ""scene"": ""Urban street"", ""spatial_info"": {""bus route sign"": ""Attached to a black pole, positioned at the forefront of the image."", ""traffic light"": ""Located above and to the left of the bus route sign."", ""multi-story building"": ""Occupies the background, featuring multiple windows and a brick facade."", ""pole"": ""Supports the bus route sign and traffic light.""}}, ""confidence"": 0.9469699756178143, ""recognition_status"": ""success"", ""processing_time"": 10.237283706665039}","Definition: In this task, draw tight bounding boxes around the ""Bus route sign"".
Emphasis & Caution: Focus on the sign attached to the pole at the forefront.
Things to Avoid: Do not annotate ""Traffic light"", ""Multi-story building"", or ""Pole""."
47617,"{""description"": ""A scenic highway stretches towards snow-capped mountains under a clear blue sky."", ""details"": {""objects"": [""road"", ""truck"", ""mountains"", ""snow"", ""trees"", ""sky""], ""scene"": ""outdoor landscape"", ""spatial_info"": {""road"": ""center of the image, leading towards the mountains"", ""truck"": ""on the right side of the road, heading away from the viewer"", ""mountains"": ""in the background, covered in snow"", ""snow"": ""covering the ground and parts of the mountains"", ""trees"": ""scattered along the roadside"", ""sky"": ""clear and blue, occupying the upper part of the image""}}, ""confidence"": 0.9471357568888444, ""recognition_status"": ""success"", ""processing_time"": 10.961501598358154}","Definition: In this task, draw tight bounding boxes around all ""truck"".
Emphasis & Caution: Focus on the ""truck"" on the right side of the road, heading away from the viewer.
Things to Avoid: Do not annotate background elements like ""road"", ""mountains"", ""snow"", ""trees"", or ""sky""."
47807,"{""description"": ""A peeled banana on a wooden cutting board, partially sliced into rounds."", ""details"": {""objects"": [""peeled banana"", ""sliced banana rounds"", ""wooden cutting board"", ""knife""], ""scene"": ""indoor scene"", ""spatial_info"": {""peeled banana"": ""center of the cutting board"", ""sliced banana rounds"": ""to the right of the peeled banana"", ""wooden cutting board"": ""entire background"", ""knife"": ""partially visible behind the sliced banana rounds""}}, ""confidence"": 0.9597248535538744, ""recognition_status"": ""success"", ""processing_time"": 8.802369832992554}","Definition: In this task, draw tight bounding boxes around all ""peeled banana"" and ""sliced banana rounds"".
Emphasis & Caution: Focus on the banana items located at the center and right of the cutting board.
Things to Avoid: Do not annotate ""wooden cutting board"" or ""knife""."
48063,"{""description"": ""A historic stone clock tower stands prominently against a clear blue sky, showcasing intricate architectural details."", ""details"": {""objects"": [""Clock tower"", ""Arched windows"", ""Stone construction"", ""Cross at the top"", ""Clock face""], ""scene"": ""Historical architecture"", ""spatial_info"": {""tower"": ""Central focus"", ""sky"": ""Background"", ""cross"": ""Atop the tower""}}, ""confidence"": 0.9398404801092405, ""recognition_status"": ""success"", ""processing_time"": 7.847222805023193}","Definition: In this task, draw tight bounding boxes around the ""Clock tower"".
Emphasis & Caution: Focus on the central stone structure with a visible ""Clock face"".
Things to Avoid: Do not annotate the ""sky""."
48287,"{""description"": ""A person is captured mid-action throwing a frisbee in an outdoor park setting."", ""details"": {""objects"": [""person"", ""frisbee""], ""scene"": ""outdoor park"", ""spatial_info"": {""person"": ""center-right"", ""frisbee"": ""left-center""}}, ""confidence"": 0.9649326391070209, ""recognition_status"": ""success"", ""processing_time"": 5.875870227813721}","Definition: In this task, draw tight bounding boxes around all ""person"" and ""frisbee"".
Emphasis & Caution: Focus on the ""person"" at center-right and the ""frisbee"" at left-center.
Things to Avoid: -"
48601,"{""description"": ""A pair of scissors with 'Congratulations!' engraved on the blade rests on lined notebook paper."", ""details"": {""objects"": [""scissors"", ""lined notebook paper""], ""scene"": ""indoor scene"", ""spatial_info"": {""scissors"": ""on top of lined notebook paper"", ""lined notebook paper"": ""underneath scissors""}}, ""confidence"": 0.9641770979015083, ""recognition_status"": ""success"", ""processing_time"": 6.424768447875977}","Definition: In this task, draw tight bounding boxes around the ""scissors"".
Emphasis & Caution: Focus on the ""scissors"" resting on paper with engraved text.
Things to Avoid: Do not annotate ""lined notebook paper""."
48795,"{""description"": ""A book titled 'Our Crowd' is placed on a wooden bench, with a note attached indicating it's free for anyone to take."", ""details"": {""objects"": [""Book titled 'Our Crowd'"", ""Note attached to the book"", ""Wooden bench""], ""scene"": ""Outdoor scene"", ""spatial_info"": {""book"": ""On the left side of the bench"", ""note"": ""Attached to the book"", ""bench"": ""Occupying most of the frame""}}, ""confidence"": 0.9492976738994864, ""recognition_status"": ""success"", ""processing_time"": 8.79685091972351}","Definition: In this task, draw tight bounding boxes around the ""Book titled 'Our Crowd'"" and ""Note attached to the book"".
Emphasis & Caution: Focus on the book on the left side of the bench with the attached note.
Things to Avoid: Do not annotate the ""Wooden bench""."
49062,"{""description"": ""A ginger cat is lounging on a blue wooden chair, surrounded by green foliage."", ""details"": {""objects"": [""ginger cat"", ""blue wooden chair"", ""green foliage""], ""scene"": ""outdoor scene"", ""spatial_info"": {""ginger cat"": ""resting on the chair"", ""blue wooden chair"": ""occupied by the cat"", ""green foliage"": ""behind the chair""}}, ""confidence"": 0.9668423798875239, ""recognition_status"": ""success"", ""processing_time"": 7.360627889633179}","Definition: In this task, draw tight bounding boxes around the ""ginger cat"".
Emphasis & Caution: Focus on the cat resting on the ""blue wooden chair"".
Things to Avoid: Do not annotate the ""blue wooden chair"" or ""green foliage""."
49327,"{""description"": ""A bustling urban street scene with pedestrians, cyclists, and skateboarders navigating tram tracks under historic architecture."", ""details"": {""objects"": [""pedestrians"", ""cyclists"", ""skateboarders"", ""tram tracks"", ""historic buildings"", ""street lamps"", ""trees"", ""signage""], ""scene"": ""urban street"", ""spatial_info"": {""pedestrians"": ""walking along the sidewalks and crossing the street"", ""cyclists"": ""riding bicycles on the road"", ""skateboarders"": ""skateboarding on the tram tracks"", ""tram tracks"": ""running through the center of the street"", ""historic buildings"": ""located on both sides of the street"", ""street lamps"": ""lined up along the sidewalks"", ""trees"": ""lining the street on the left side"", ""signage"": ""visible on the buildings""}}, ""confidence"": 0.949994544343556, ""recognition_status"": ""success"", ""processing_time"": 13.388657093048096}","Definition: In this task, draw tight bounding boxes around all ""pedestrians"", ""cyclists"", and ""skateboarders"".
Emphasis & Caution: Focus on moving people on the street and tram tracks.
Things to Avoid: Do not annotate ""tram tracks"", ""historic buildings"", ""street lamps"", ""trees"", or ""signage""."
49603,"{""description"": ""A person walks past a red train adorned with graffiti at a station platform."", ""details"": {""objects"": [""red train"", ""graffiti on the train"", ""person walking"", ""station platform""], ""scene"": ""railway station"", ""spatial_info"": {""train"": ""center-left"", ""person"": ""right"", ""platform"": ""bottom""}}, ""confidence"": 0.9596844955029326, ""recognition_status"": ""success"", ""processing_time"": 6.642411947250366}","Definition: In this task, draw tight bounding boxes around the ""red train"" and ""person walking"".
Emphasis & Caution: Focus on the red-colored train and the person on the right side.
Things to Avoid: Do not annotate the ""station platform""."
49881,"{""description"": ""Two individuals are riding motorcycles on a road, with one person wearing a helmet and the other not, suggesting a casual or informal setting."", ""details"": {""objects"": [""motorcycles"", ""people"", ""road"", ""signboard"", ""trees"", ""buildings""], ""scene"": ""urban street"", ""spatial_info"": {""motorcycles"": [""center-right"", ""left""], ""people"": [""center"", ""left""], ""road"": [""foreground"", ""background""], ""signboard"": [""right""], ""trees"": [""top-left"", ""top-right""], ""buildings"": [""top-center""]}}, ""confidence"": 0.9431678829595875, ""recognition_status"": ""success"", ""processing_time"": 10.251931428909302}","Definition: In this task, draw tight bounding boxes around all ""motorcycles"" and ""people"".
Emphasis & Caution: Focus on riders located at center-right and left of the road.
Things to Avoid: Do not annotate ""road"", ""signboard"", ""trees"", or ""buildings""."
50151,"{""description"": ""An old wooden door with a 'PULL' sign above it, featuring a pair of vintage scissors resting on its surface."", ""details"": {""objects"": [""wooden door"", ""metallic 'PULL' sign"", ""vintage scissors""], ""scene"": ""indoor scene"", ""spatial_info"": {""wooden door"": ""central focus"", ""metallic 'PULL' sign"": ""above the door"", ""vintage scissors"": ""resting on the door's surface""}}, ""confidence"": 0.9533076568396195, ""recognition_status"": ""success"", ""processing_time"": 8.48194670677185}","Definition: In this task, draw tight bounding boxes around the ""vintage scissors"".
Emphasis & Caution: -
Things to Avoid: Do not annotate the ""wooden door"" or ""metallic 'PULL' sign""."
50385,"{""description"": ""Two individuals are in a room, one appears to be interacting with an object on the floor while the other looks on, with a cluttered shelf and scattered items in the background."", ""details"": {""objects"": [""shoes"", ""bookshelf"", ""man"", ""box"", ""floor""], ""scene"": ""shoes"", ""spatial_info"": ""Main elements distributed in the image""}, ""confidence"": 0.9134317323466723, ""recognition_status"": ""success"", ""processing_time"": 15.80454134941101}","Definition: In this task, draw tight bounding boxes around the ""man"" and ""box"".
Emphasis & Caution: -
Things to Avoid: Do not annotate ""shoes"", ""bookshelf"", or ""floor""."
50601,"{""description"": ""A fenced enclosure containing two black animals resting on the ground, with a concrete structure and dry grass in the background."", ""details"": {""objects"": [""Two black animals"", ""Concrete structure"", ""Fence"", ""Dry grass"", ""Wooden poles""], ""scene"": ""Outdoor rural setting"", ""spatial_info"": {""animals"": [""animal1"", ""animal2""], ""concrete_structure"": ""left side"", ""fence"": ""center and right"", ""dry_grass"": ""foreground and background"", ""wooden_poles"": ""behind fence""}}, ""confidence"": 0.9323991796064673, ""recognition_status"": ""success"", ""processing_time"": 9.768954515457153}","Definition: In this task, draw tight bounding boxes around the ""Two black animals"".
Emphasis & Caution: -
Things to Avoid: Do not annotate ""Concrete structure"", ""Fence"", ""Dry grass"", or ""Wooden poles""."
50846,"{""description"": ""A close-up of a hot dog topped with melted cheese, crumbled blue cheese, and red peppers served in a paper tray."", ""details"": {""objects"": [""hot dog"", ""melted cheese"", ""crumbled blue cheese"", ""red peppers"", ""paper tray""], ""scene"": ""indoor scene"", ""spatial_info"": {""hot dog"": ""center"", ""melted cheese"": ""top"", ""crumbled blue cheese"": ""middle"", ""red peppers"": ""bottom"", ""paper tray"": ""surrounding the hot dog""}}, ""confidence"": 0.962191682224928, ""recognition_status"": ""success"", ""processing_time"": 9.926129579544067}","Definition: In this task, draw tight bounding boxes around the ""hot dog"".
Emphasis & Caution: -
Things to Avoid: Do not annotate ""melted cheese"", ""crumbled blue cheese"", ""red peppers"", or ""paper tray""."
51083,"{""description"": ""A person is sitting on a couch, using a laptop surrounded by various items including books, glasses, and a cat."", ""details"": {""objects"": [""laptop"", ""books"", ""glasses"", ""remote control"", ""cat"", ""couch"", ""coffee table"", ""calendar"", ""pet carrier"", ""blanket""], ""scene"": ""indoor scene"", ""spatial_info"": {""laptop"": ""on the person's lap"", ""books"": ""scattered on the couch and coffee table"", ""glasses"": ""on the coffee table"", ""remote control"": ""on the coffee table"", ""cat"": ""partially visible on the right side"", ""couch"": ""occupied by the person and scattered items"", ""coffee table"": ""in front of the couch"", ""calendar"": ""on the wall"", ""pet carrier"": ""in the background"", ""blanket"": ""draped over the couch""}}, ""confidence"": 0.948754252403779, ""recognition_status"": ""success"", ""processing_time"": 14.673898696899414}","Definition: In this task, draw tight bounding boxes around the ""laptop"" and ""cat"".
Emphasis & Caution: -
Things to Avoid: Do not annotate ""books"", ""glasses"", ""remote control"", ""couch"", ""coffee table"", ""calendar"", ""pet carrier"", or ""blanket""."
51324,"{""description"": ""A person is sitting on a train, applying makeup while looking out the window."", ""details"": {""objects"": [""person"", ""train seat"", ""train door"", ""window"", ""makeup bag"", ""poster""], ""scene"": ""public transportation"", ""spatial_info"": {""person"": ""sitting on the train seat"", ""train seat"": ""occupied by the person"", ""train door"": ""closed behind the person"", ""window"": ""visible to the right of the person"", ""makeup bag"": ""placed next to the person"", ""poster"": ""attached to the train door""}}, ""confidence"": 0.9457551108823808, ""recognition_status"": ""success"", ""processing_time"": 10.96979022026062}","Definition: In this task, draw tight bounding boxes around all ""person"".
Emphasis & Caution: The ""person"" is ""sitting on the train seat"" and visible next to the ""window"".
Things to Avoid: Do not annotate ""train seat"", ""train door"", ""window"", ""makeup bag"", or ""poster""."
51583,"{""description"": ""A vintage-style bathroom featuring a clawfoot bathtub, a pedestal sink, and a hanging shower curtain."", ""details"": {""objects"": [""clawfoot bathtub"", ""pedestal sink"", ""hanging shower curtain"", ""mirror"", ""toilet"", ""rug"", ""cabinet"", ""window with lace curtains"", ""light fixture""], ""scene"": ""indoor scene"", ""spatial_info"": {""clawfoot bathtub"": ""center"", ""pedestal sink"": ""left"", ""hanging shower curtain"": ""above bathtub"", ""mirror"": ""top left"", ""toilet"": ""below mirror"", ""rug"": ""floor near bathtub"", ""cabinet"": ""left side"", ""window with lace curtains"": ""right"", ""light fixture"": ""ceiling""}}, ""confidence"": 0.9538832968822529, ""recognition_status"": ""success"", ""processing_time"": 13.13991403579712}","Definition: In this task, draw tight bounding boxes around all ""clawfoot bathtub"" and ""pedestal sink"".
Emphasis & Caution: The ""clawfoot bathtub"" is in the ""center"" and the ""pedestal sink"" is on the ""left"".
Things to Avoid: Do not annotate ""mirror"", ""toilet"", ""rug"", ""cabinet"", ""window with lace curtains"", or ""light fixture""."
51851,"{""description"": ""An abandoned bathroom with broken fixtures, missing tiles, and scattered debris."", ""details"": {""objects"": [""broken toilet"", ""missing tiled wall"", ""broken sinks"", ""broken mirror"", ""broken chair"", ""broken window"", ""debris on floor""], ""scene"": ""abandoned bathroom"", ""spatial_info"": {""toilet"": ""bottom right corner"", ""sinks"": ""center-right"", ""chair"": ""left side"", ""window"": ""back wall"", ""debris"": ""scattered on floor""}}, ""confidence"": 0.9271782994713968, ""recognition_status"": ""success"", ""processing_time"": 9.33509087562561}","Definition: In this task, draw tight bounding boxes around all ""broken toilet"" and ""broken sinks"".
Emphasis & Caution: The ""broken toilet"" is in the ""bottom right corner"" and ""broken sinks"" are ""center-right"".
Things to Avoid: Do not annotate ""broken mirror"", ""broken chair"", ""broken window"", or ""debris on floor""."
52107,"{""description"": ""Three individuals are walking on a tennis court, each holding a tennis racket, with a green fence and trees in the background."", ""details"": {""objects"": [""Three people"", ""Tennis rackets"", ""Green fence"", ""Trees"", ""Benches""], ""scene"": ""Outdoor tennis court"", ""spatial_info"": {""people"": [""left person"", ""middle person"", ""right person""], ""rackets"": [""left hand"", ""middle hand"", ""right hand""], ""fence"": ""surrounding the court"", ""trees"": ""behind the fence"", ""benches"": ""against the fence""}}, ""confidence"": 0.9478665243559253, ""recognition_status"": ""success"", ""processing_time"": 9.79799199104309}","Definition: In this task, draw tight bounding boxes around all ""Three people"".
Emphasis & Caution: Each person is ""walking on a tennis court"" and holding ""Tennis rackets"".
Things to Avoid: Do not annotate ""Green fence"", ""Trees"", or ""Benches""."
52341,"{""description"": ""A group of people, including a man in uniform, standing near a bus on a sunny day."", ""details"": {""objects"": [""bus"", ""people wearing red hats"", ""man in white shirt and black pants"", ""woman in red jacket and beige pants"", ""bus stop sign"", ""shopping bags""], ""scene"": ""outdoor public transportation setting"", ""spatial_info"": {""bus"": ""center of the image"", ""people"": ""in front of the bus"", ""man in uniform"": ""standing next to the bus"", ""woman in red jacket"": ""to the right of the bus"", ""shopping bags"": ""being held by some individuals""}}, ""confidence"": 0.9299139212037949, ""recognition_status"": ""success"", ""processing_time"": 10.658349514007568}","Definition: In this task, draw tight bounding boxes around all ""bus"" and ""people wearing red hats"".
Emphasis & Caution: The ""bus"" is in the ""center of the image"" with ""people"" standing ""in front of the bus"".
Things to Avoid: Do not annotate ""bus stop sign"" or ""shopping bags""."
52611,"{""description"": ""A public restroom with a sink, toilet, trash can, and a person taking a selfie in the mirror."", ""details"": {""objects"": [""sink"", ""toilet"", ""trash can"", ""mirror"", ""soap dispenser"", ""handrail"", ""tile floor"", ""wall art"", ""plumbing fixtures""], ""scene"": ""indoor scene"", ""spatial_info"": {""sink"": ""left side"", ""toilet"": ""right side"", ""trash can"": ""center"", ""mirror"": ""above sink"", ""soap dispenser"": ""next to sink"", ""handrail"": ""beside toilet"", ""tile floor"": ""entire floor"", ""wall art"": ""behind toilet"", ""plumbing fixtures"": ""under sink and toilet""}}, ""confidence"": 0.9489422186855798, ""recognition_status"": ""success"", ""processing_time"": 12.29467248916626}","Definition: In this task, draw tight bounding boxes around all ""sink"" and ""toilet"".
Emphasis & Caution: The ""sink"" is on the ""left side"" and the ""toilet"" is on the ""right side"".
Things to Avoid: Do not annotate ""mirror"", ""trash can"", ""soap dispenser"", ""handrail"", ""tile floor"", or ""wall art""."
52849,"{""description"": ""A food truck event is taking place in an outdoor parking lot during dusk, with people gathered around the trucks."", ""details"": {""objects"": [""Food trucks"", ""People"", ""Parking lot"", ""Buildings"", ""Streetlights""], ""scene"": ""Outdoor event"", ""spatial_info"": {""food_trucks"": [""left"", ""center"", ""right""], ""people"": [""standing near trucks"", ""walking""], ""parking_lot"": [""large open space""], ""buildings"": [""in background""]}}, ""confidence"": 0.9365301542163794, ""recognition_status"": ""success"", ""processing_time"": 8.823167085647583}","Definition: In this task, draw tight bounding boxes around all ""Food trucks"" and ""People"".
Emphasis & Caution: ""Food trucks"" appear at ""left"", ""center"", and ""right"" with ""People"" standing near them.
Things to Avoid: Do not annotate ""Parking lot"", ""Buildings"", or ""Streetlights""."
53108,"{""description"": ""A residential driveway featuring a red gate, a parked car, and a boat stored on a trailer."", ""details"": {""objects"": [""red metal gate"", ""silver sedan"", ""boat on trailer"", ""white building"", ""concrete driveway""], ""scene"": ""residential driveway"", ""spatial_info"": {""gate"": ""center-right"", ""car"": ""left-center"", ""boat"": ""right-center"", ""building"": ""background-left"", ""driveway"": ""foreground""}}, ""confidence"": 0.9430323037378348, ""recognition_status"": ""success"", ""processing_time"": 8.533661127090454}","Definition: In this task, draw tight bounding boxes around all ""silver sedan"" and ""boat on trailer"".
Emphasis & Caution: The ""silver sedan"" is ""left-center"" and the ""boat on trailer"" is ""right-center"".
Things to Avoid: Do not annotate ""red metal gate"", ""white building"", or ""concrete driveway""."
53364,"{""description"": ""A vibrant cultural parade featuring participants in traditional attire, holding colorful parasols, with spectators observing in the background."", ""details"": {""objects"": [""traditional costumes"", ""colorful parasols"", ""people in the background""], ""scene"": ""parade"", ""spatial_info"": {""parasols"": [""in the foreground""], ""costumes"": [""worn by participants""], ""spectators"": [""in the background""]}}, ""confidence"": 0.9354630426753479, ""recognition_status"": ""success"", ""processing_time"": 7.628788948059082}","Definition: In this task, draw tight bounding boxes around all ""colorful parasols"".
Emphasis & Caution: The ""colorful parasols"" are ""in the foreground"".
Things to Avoid: Do not annotate ""people in the background""."
53597,"{""description"": ""A giraffe stands amidst a forested area with scattered branches, surrounded by trees and wooden structures."", ""details"": {""objects"": [""giraffe"", ""trees"", ""wooden fence"", ""branches"", ""grass""], ""scene"": ""forest"", ""spatial_info"": {""giraffe"": ""center-right"", ""trees"": ""surrounding"", ""wooden fence"": ""background"", ""branches"": ""foreground-left"", ""grass"": ""ground""}}, ""confidence"": 0.949801869357433, ""recognition_status"": ""success"", ""processing_time"": 8.035239696502686}","Definition: In this task, draw tight bounding boxes around all ""giraffe"".
Emphasis & Caution: The ""giraffe"" is at the ""center-right"".
Things to Avoid: Do not annotate ""trees"", ""wooden fence"", ""branches"", or ""grass""."
53802,"{""description"": ""A group of people is seated at a table, seemingly engaged in a casual gathering or event, with a stage area visible in the background."", ""details"": {""objects"": [""people"", ""table"", ""stage"", ""curtains"", ""wallpaper"", ""furniture"", ""drinks"", ""signage""], ""scene"": ""indoor scene"", ""spatial_info"": {""people"": [""seated at table"", ""on stage""], ""table"": [""in foreground"", ""with drinks""], ""stage"": [""in background"", ""with curtains""], ""curtains"": [""dark purple"", ""covering stage""], ""wallpaper"": [""patterned"", ""behind stage""], ""furniture"": [""wooden railing"", ""around table""]}}, ""confidence"": 0.9253178751781892, ""recognition_status"": ""success"", ""processing_time"": 11.850257396697998}","Definition: In this task, draw tight bounding boxes around all ""people"".
Emphasis & Caution: Focus on ""people"" seated at the ""table"" and on the ""stage"".
Things to Avoid: Do not annotate ""table"", ""stage"", ""curtains"", ""wallpaper"", ""furniture"", ""drinks"", or ""signage""."
54065,"{""description"": ""A baseball game is in progress, with players on the field and a batter preparing to hit."", ""details"": {""objects"": [""baseball players"", ""batter"", ""catcher"", ""umpire"", ""baseball bat"", ""home plate"", ""baseball field"", ""dugout"", ""camera equipment""], ""scene"": ""baseball game"", ""spatial_info"": {""batter"": ""standing at home plate, holding bat"", ""catcher"": ""kneeling behind home plate, wearing protective gear"", ""umpire"": ""standing behind catcher, observing the play"", ""baseball players"": ""in the dugout, watching the game"", ""baseball bat"": ""held by the batter"", ""home plate"": ""at the center of the batter's box"", ""baseball field"": ""green grass and dirt areas"", ""dugout"": ""behind the field, with players seated"", ""camera equipment"": ""visible near the dugout""}}, ""confidence"": 0.9425220305912367, ""recognition_status"": ""success"", ""processing_time"": 15.15600061416626}","Definition: In this task, draw tight bounding boxes around all ""batter"", ""catcher"", ""umpire"", and ""baseball players"".
Emphasis & Caution: The ""batter"" is at ""home plate"", the ""catcher"" is ""kneeling behind home plate"", and the ""umpire"" is ""standing behind catcher"".
Things to Avoid: Do not annotate ""baseball bat"", ""home plate"", ""baseball field"", ""dugout"", or ""camera equipment""."
54308,"{""description"": ""A green street sign indicating 'N21 Jorge Washington' with directions E1-63 and E1-01, set against an urban backdrop with buildings and vehicles."", ""details"": {""objects"": [""Green street sign"", ""Buildings"", ""Yellow bus"", ""Power lines"", ""Overcast sky""], ""scene"": ""Urban street"", ""spatial_info"": {""street_sign"": ""Centered and prominent"", ""buildings"": ""Background, varying heights"", ""bus"": ""Lower right corner"", ""power_lines"": ""Top left corner""}}, ""confidence"": 0.9452731002593944, ""recognition_status"": ""success"", ""processing_time"": 9.33684515953064}","Definition: In this task, draw tight bounding boxes around all ""Green street sign"".
Emphasis & Caution: The ""Green street sign"" is ""Centered and prominent"".
Things to Avoid: Do not annotate ""Buildings"", ""Yellow bus"", ""Power lines"", or ""Overcast sky""."
54521,"{""description"": ""A black-and-white cat is standing inside an open refrigerator, surrounded by various food items."", ""details"": {""objects"": [""black-and-white cat"", ""milk bottle"", ""juice bottle"", ""salsa jar""], ""scene"": ""indoor scene"", ""spatial_info"": {""cat"": ""standing on the shelf of the refrigerator"", ""milk bottle"": ""positioned behind the cat"", ""juice bottle"": ""to the right of the milk bottle"", ""salsa jar"": ""next to the juice bottle""}}, ""confidence"": 0.9627288463743036, ""recognition_status"": ""success"", ""processing_time"": 9.064789295196533}","Definition: In this task, draw tight bounding boxes around all ""black-and-white cat"".
Emphasis & Caution: The ""black-and-white cat"" is ""standing on the shelf of the refrigerator"".
Things to Avoid: Do not annotate ""milk bottle"", ""juice bottle"", or ""salsa jar""."
54749,"{""description"": ""A protest or demonstration scene in an urban area, featuring signs with political messages in Chinese."", ""details"": {""objects"": [""Protest signs"", ""People on scooters"", ""Buildings"", ""Street signs"", ""Bicycles"", ""Pedestrians""], ""scene"": ""Urban street"", ""spatial_info"": {""Protest signs"": [""Foreground""], ""People on scooters"": [""Left side""], ""Buildings"": [""Background""], ""Street signs"": [""Right side""], ""Bicycles"": [""Background""], ""Pedestrians"": [""Background""]}}, ""confidence"": 0.9490368286020071, ""recognition_status"": ""success"", ""processing_time"": 9.433377504348755}","Definition: In this task, draw tight bounding boxes around all ""People on scooters"" and ""Pedestrians"".
Emphasis & Caution: ""People on scooters"" appear on the ""Left side"".
Things to Avoid: Do not annotate ""Protest signs"", ""Buildings"", ""Street signs"", or ""Bicycles""."
55010,"{""description"": ""A plate featuring roasted meat, seasoned carrots, and a piece of bread."", ""details"": {""objects"": [""roasted meat"", ""seasoned carrots"", ""piece of bread""], ""scene"": ""indoor meal setting"", ""spatial_info"": {""roasted meat"": ""left side of the plate"", ""seasoned carrots"": ""right side of the plate"", ""piece of bread"": ""top left corner of the plate""}}, ""confidence"": 0.9723566788216044, ""recognition_status"": ""success"", ""processing_time"": 7.316931962966919}","Definition: In this task, draw tight bounding boxes around all ""roasted meat"", ""seasoned carrots"", and ""piece of bread"".
Emphasis & Caution: Use the positions ""left side of the plate"", ""right side of the plate"", and ""top left corner of the plate"".
Things to Avoid: Do not annotate the ""plate"" or the ""indoor meal setting""."
55295,"{""description"": ""A person is watching a video game on a television screen, which shows a first-person view of a tank aiming at a target."", ""details"": {""objects"": [""Television screen"", ""Video game content"", ""Person's head"", ""Hand holding a controller""], ""scene"": ""Indoor scene"", ""spatial_info"": {""Television screen"": ""Centered in the image"", ""Person's head"": ""In the foreground, facing away from the camera"", ""Hand holding a controller"": ""Visible on the right side of the screen""}}, ""confidence"": 0.9348409126013268, ""recognition_status"": ""success"", ""processing_time"": 9.102873086929321}","Definition: In this task, draw tight bounding boxes around the ""Television screen"", ""Person's head"", and ""Hand holding a controller"".
Emphasis & Caution: Focus on the ""Television screen"" centered in the image and the ""Person's head"" in the foreground.
Things to Avoid: Do not annotate ""Video game content"" inside the screen or other indoor background elements."
55527,"{""description"": ""A cozy bedroom with a window, a bed, a guitar, and a bookshelf filled with items."", ""details"": {""objects"": [""bed"", ""guitar"", ""bookshelf"", ""window"", ""curtains"", ""rug"", ""vase"", ""picture frames"", ""boxes""], ""scene"": ""indoor scene"", ""spatial_info"": {""bed"": ""right side of the image"", ""guitar"": ""center-right"", ""bookshelf"": ""center-right"", ""window"": ""left side"", ""curtains"": ""around the window"", ""rug"": ""floor"", ""vase"": ""on the windowsill"", ""picture frames"": ""on the bookshelf"", ""boxes"": ""on the bookshelf""}}, ""confidence"": 0.9527904709223298, ""recognition_status"": ""success"", ""processing_time"": 12.508849382400513}","Definition: In this task, draw tight bounding boxes around the ""bed"", ""guitar"", and ""bookshelf"".
Emphasis & Caution: Pay attention to objects on the ""right side of the image"" and ""center-right"".
Things to Avoid: Do not annotate ""window"", ""curtains"", ""rug"", ""vase"", ""picture frames"", or ""boxes""."
55737,"{""description"": ""A group of people cross-country skiing on a snow-covered field with a dog in the background."", ""details"": {""objects"": [""people skiing"", ""dog"", ""snow-covered bushes"", ""trees"", ""ski poles""], ""scene"": ""outdoor winter scene"", ""spatial_info"": {""people skiing"": [""left"", ""center"", ""right""], ""dog"": [""center-right""], ""snow-covered bushes"": [""background""], ""trees"": [""background""]}}, ""confidence"": 0.945924655886625, ""recognition_status"": ""success"", ""processing_time"": 8.123903274536133}","Definition: In this task, draw tight bounding boxes around all ""people skiing"" and the ""dog"".
Emphasis & Caution: Include targets located on the ""left"", ""center"", ""right"", and ""center-right"".
Things to Avoid: Do not annotate ""snow-covered bushes"", ""trees"", or other background elements."
56007,"{""description"": ""A cozy, well-lit dining area with wooden furniture and large windows allowing natural light to flood the space."", ""details"": {""objects"": [""wooden dining table"", ""chairs"", ""lamp"", ""flowers in vase"", ""bookshelf"", ""windows"", ""floor lamp"", ""rug""], ""scene"": ""indoor scene"", ""spatial_info"": {""dining table"": ""center of the room"", ""chairs"": ""around the table"", ""lamp"": ""hanging above the table"", ""flowers"": ""on the table"", ""bookshelf"": ""left side of the room"", ""windows"": ""back wall"", ""floor lamp"": ""near the window"", ""rug"": ""partially visible at the bottom of the image""}}, ""confidence"": 0.9520603104347256, ""recognition_status"": ""success"", ""processing_time"": 14.75912594795227}","Definition: In this task, draw tight bounding boxes around the ""wooden dining table"" and ""chairs"".
Emphasis & Caution: Focus on the ""center of the room"" and objects ""around the table"".
Things to Avoid: Do not annotate ""lamp"", ""flowers in vase"", ""bookshelf"", ""windows"", ""floor lamp"", or ""rug""."
56283,"{""description"": ""A man is sitting on a bench outdoors, wearing sunglasses and a brown jacket, appearing relaxed under sunlight."", ""details"": {""objects"": [""man"", ""bench"", ""sunglasses"", ""brown jacket"", ""striped cushion"", ""grass"", ""sunlight""], ""scene"": ""outdoor"", ""spatial_info"": {""man"": ""sitting on bench"", ""bench"": ""on grass"", ""sunlight"": ""casting shadows on ground""}}, ""confidence"": 0.9468831293885559, ""recognition_status"": ""success"", ""processing_time"": 9.53857159614563}","Definition: In this task, draw tight bounding boxes around the ""man"".
Emphasis & Caution: Focus on the ""man"" sitting on the bench, wearing ""sunglasses"" and a ""brown jacket"".
Things to Avoid: Do not annotate ""bench"", ""striped cushion"", ""grass"", or ""sunlight""."
56510,"{""description"": ""A surfer rides a wave on a river, surrounded by lush greenery and onlookers watching from the shore."", ""details"": {""objects"": [""Surfer"", ""Wave"", ""River"", ""Trees"", ""People"", ""Shore""], ""scene"": ""Outdoor"", ""spatial_info"": {""Surfer"": ""Center-left"", ""Wave"": ""Center"", ""River"": ""Foreground"", ""Trees"": ""Top-left and right"", ""People"": ""Right-center"", ""Shore"": ""Right""}}, ""confidence"": 0.9422103442292973, ""recognition_status"": ""success"", ""processing_time"": 10.132417440414429}","Definition: In this task, draw tight bounding boxes around the ""Surfer"" and ""People"".
Emphasis & Caution: Use positions ""Center-left"" for the ""Surfer"" and ""Right-center"" for ""People"".
Things to Avoid: Do not annotate ""Wave"", ""River"", ""Trees"", or ""Shore""."
56713,"{""description"": ""A close-up view of a zebra's head and neck, showcasing its distinctive black-and-white stripes."", ""details"": {""objects"": [""zebra""], ""scene"": ""animal enclosure"", ""spatial_info"": {""zebra"": ""centered in the frame, viewed from behind""}}, ""confidence"": 0.95054682952219, ""recognition_status"": ""success"", ""processing_time"": 5.683305025100708}","Definition: In this task, draw tight bounding boxes around the ""zebra"".
Emphasis & Caution: Focus on the centered subject with black-and-white stripes.
Things to Avoid: -"
56963,"{""description"": ""A small private airplane is parked on an airport tarmac under a clear blue sky."", ""details"": {""objects"": [""small private airplane"", ""airport tarmac"", ""clear blue sky"", ""airport buildings in the distance""], ""scene"": ""airport tarmac"", ""spatial_info"": {""airplane"": ""centered, facing forward"", ""tarmac"": ""wide expanse, marked with yellow lines"", ""airport buildings"": ""in the background, slightly blurred""}}, ""confidence"": 0.9415784308437286, ""recognition_status"": ""success"", ""processing_time"": 8.259685754776001}","Definition: In this task, draw tight bounding boxes around the ""small private airplane"".
Emphasis & Caution: Focus on the centered airplane facing forward.
Things to Avoid: Do not annotate ""airport tarmac"", ""clear blue sky"", or ""airport buildings in the distance""."
57274,"{""description"": ""Two individuals sit on a bench under an umbrella, overlooking a misty coastal landscape featuring dramatic cliffs and a body of water."", ""details"": {""objects"": [""two people sitting on a bench"", ""an umbrella"", ""a bench"", ""cliffs"", ""body of water"", ""overcast sky""], ""scene"": ""coastal scene"", ""spatial_info"": {""people"": [""sitting on the bench""], ""bench"": [""in front of the people""], ""umbrella"": [""held by the people""], ""cliffs"": [""to the left of the people""], ""water"": [""in front of the people""]}}, ""confidence"": 0.9436116259365036, ""recognition_status"": ""success"", ""processing_time"": 10.491728782653809}","Definition: In this task, draw tight bounding boxes around ""two people sitting on a bench"".
Emphasis & Caution: Focus on the people sitting together under ""an umbrella"".
Things to Avoid: Do not annotate ""cliffs"", ""body of water"", or ""overcast sky""."
57523,"{""description"": ""A skateboarder performs a trick mid-air over a wooden ramp in a lush, green outdoor setting."", ""details"": {""objects"": [""Skateboarder"", ""Skateboard"", ""Wooden ramp"", ""Trees"", ""Greenery""], ""scene"": ""Outdoor skate park"", ""spatial_info"": {""Skateboarder"": ""In mid-air above the ramp"", ""Skateboard"": ""Attached to the skateboarder's feet"", ""Wooden ramp"": ""Curved and positioned at an angle"", ""Trees"": ""Surrounding the area"", ""Greenery"": ""Abundant in the background""}}, ""confidence"": 0.9518042771689748, ""recognition_status"": ""success"", ""processing_time"": 10.338687658309937}","Definition: In this task, draw tight bounding boxes around the ""Skateboarder"".
Emphasis & Caution: In mid-air above the ramp.
Things to Avoid: Do not annotate ""Skateboard"", ""Wooden ramp"", ""Trees"", or ""Greenery""."
57782,"{""description"": ""A person is cutting a pizza topped with greens on a wooden table in a kitchen setting."", ""details"": {""objects"": [""pizza"", ""knife"", ""green vegetables"", ""bottle"", ""napkin"", ""table"", ""chair"", ""plant"", ""cabinet""], ""scene"": ""indoor scene"", ""spatial_info"": {""pizza"": ""center of the table"", ""knife"": ""in the person's hand"", ""green vegetables"": ""on top of the pizza"", ""bottle"": ""to the right of the pizza"", ""napkin"": ""to the left of the pizza"", ""table"": ""under the pizza"", ""chair"": ""behind the person"", ""plant"": ""in the background"", ""cabinet"": ""in the background""}}, ""confidence"": 0.9540418742830268, ""recognition_status"": ""success"", ""processing_time"": 12.549826383590698}","Definition: In this task, draw tight bounding boxes around the ""pizza"".
Emphasis & Caution: Center of the table.
Things to Avoid: Do not annotate ""knife"", ""bottle"", ""napkin"", ""table"", ""chair"", ""plant"", or ""cabinet""."
58041,"{""description"": ""A close-up view of a box filled with glazed donuts, prominently featuring the Krispy Kreme logo."", ""details"": {""objects"": [""Glazed donuts"", ""Krispy Kreme box""], ""scene"": ""Indoor scene"", ""spatial_info"": {""glazed_donuts"": ""Filling the majority of the box"", ""Krispy_Kreme_box"": ""Surrounding the donuts""}}, ""confidence"": 0.9567523568398084, ""recognition_status"": ""success"", ""processing_time"": 7.385518550872803}","Definition: In this task, draw tight bounding boxes around the ""Glazed donuts"".
Emphasis & Caution: -
Things to Avoid: Do not annotate ""Krispy Kreme box""."
58254,"{""description"": ""A close-up view of a remote control with a television screen displaying a colorful image in the background, partially blurred."", ""details"": {""objects"": [""remote control"", ""television screen""], ""scene"": ""indoor scene"", ""spatial_info"": {""remote control"": ""in focus, foreground"", ""television screen"": ""blurred, background""}}, ""confidence"": 0.9498950698022399, ""recognition_status"": ""success"", ""processing_time"": 6.820374011993408}","Definition: In this task, draw tight bounding boxes around the ""remote control"".
Emphasis & Caution: In focus, foreground.
Things to Avoid: Do not annotate ""television screen""."
58524,"{""description"": ""A husky dog is lounging on a black seat, surrounded by various objects including a red vehicle tire and a yellow piece of material."", ""details"": {""objects"": [""husky dog"", ""black seat"", ""red vehicle tire"", ""yellow piece of material""], ""scene"": ""indoor scene"", ""spatial_info"": {""husky dog"": ""center"", ""black seat"": ""underneath the dog"", ""red vehicle tire"": ""left side"", ""yellow piece of material"": ""in front of the dog""}}, ""confidence"": 0.9452052553270678, ""recognition_status"": ""success"", ""processing_time"": 9.428614377975464}","Definition: In this task, draw tight bounding boxes around the ""husky dog"".
Emphasis & Caution: Center.
Things to Avoid: Do not annotate ""black seat"", ""red vehicle tire"", or ""yellow piece of material""."
58754,"{""description"": ""A skier is captured mid-air performing a jump on a snowy mountain slope."", ""details"": {""objects"": [""Skier"", ""Snowy mountain"", ""Ski poles""], ""scene"": ""Outdoor winter sports scene"", ""spatial_info"": {""skier"": ""In the air, above the snow-covered slope"", ""snowy mountain"": ""Surrounding the skier, forming a rugged backdrop"", ""ski poles"": ""Held by the skier, extending behind them""}}, ""confidence"": 0.9373375452023017, ""recognition_status"": ""success"", ""processing_time"": 9.379791021347046}","Definition: In this task, draw tight bounding boxes around the ""Skier"".
Emphasis & Caution: Focus on the ""Skier"" in the air above the snow-covered slope.
Things to Avoid: Do not annotate ""Snowy mountain"" or other background elements."
59005,"{""description"": ""A food truck is parked on a sidewalk next to a brick building with peeling paint, surrounded by people and urban elements."", ""details"": {""objects"": [""Food truck"", ""Brick building"", ""People standing near the truck"", ""Street lamps"", ""Trash can"", ""Cone markers"", ""Sidewalk"", ""Grass area""], ""scene"": ""Urban street"", ""spatial_info"": {""Food truck"": ""Centered on the sidewalk"", ""People"": ""Standing near the truck"", ""Street lamps"": ""On the left side of the image"", ""Trash can"": ""To the right of the truck"", ""Cone markers"": ""Placed around the truck for safety"", ""Sidewalk"": ""Extending from the bottom left to the middle of the image"", ""Grass area"": ""At the bottom of the image""}}, ""confidence"": 0.9481212097375731, ""recognition_status"": ""success"", ""processing_time"": 14.569747924804688}","Definition: In this task, draw tight bounding boxes around the ""Food truck"" and ""People standing near the truck"".
Emphasis & Caution: Focus on the ""Food truck"" centered on the sidewalk and nearby ""People"".
Things to Avoid: Do not annotate ""Brick building"", ""Street lamps"", ""Trash can"", ""Cone markers"", ""Sidewalk"", or ""Grass area""."
59231,"{""description"": ""Two parking meters with a McDonald's coffee cup placed between them, set against an urban street backdrop during dusk."", ""details"": {""objects"": [""Parking meters"", ""McDonald's coffee cup"", ""Urban street elements""], ""scene"": ""Urban street"", ""spatial_info"": {""Parking meters"": ""Centered in the foreground"", ""McDonald's coffee cup"": ""Placed between the two parking meters"", ""Urban street elements"": ""Background includes vehicles and buildings""}}, ""confidence"": 0.9515105961092557, ""recognition_status"": ""success"", ""processing_time"": 8.475769519805908}","Definition: In this task, draw tight bounding boxes around the ""Parking meters"" and the ""McDonald's coffee cup"".
Emphasis & Caution: Focus on the two ""Parking meters"" in the foreground with the cup placed between them.
Things to Avoid: Do not annotate ""Urban street elements"" in the background."
59471,"{""description"": ""A small, well-lit kitchen with light-colored cabinets, a gas stove, a sink, and a door leading outside."", ""details"": {""objects"": [""Light-colored cabinets"", ""Gas stove with black burners"", ""Sink with faucet"", ""Trash can with white liner"", ""Door with window and curtains"", ""Window with blinds"", ""White wall"", ""Tiled floor""], ""scene"": ""Indoor scene"", ""spatial_info"": {""cabinets"": [""top right corner""], ""stove"": [""right side""], ""sink"": [""center-right""], ""trash can"": [""bottom left""], ""door"": [""left side""], ""window"": [""center-right""]}}, ""confidence"": 0.9391230363773846, ""recognition_status"": ""success"", ""processing_time"": 11.84912633895874}","Definition: In this task, draw tight bounding boxes around the ""Gas stove with black burners"" and the ""Sink with faucet"".
Emphasis & Caution: -
Things to Avoid: Do not annotate ""Light-colored cabinets"", ""Door with window and curtains"", ""Window with blinds"", ""White wall"", or ""Tiled floor""."
59693,"{""description"": ""A small bathroom featuring a wall-mounted sink and an open toilet with a closed lid, set against a light yellow wall."", ""details"": {""objects"": [""Wall-mounted sink"", ""Open toilet"", ""Mirror"", ""Pipe"", ""Floor""], ""scene"": ""Indoor scene"", ""spatial_info"": {""sink"": ""Left side of the image, mounted on the wall"", ""toilet"": ""Right side of the image, next to the sink"", ""mirror"": ""Above the sink"", ""pipe"": ""Connected to the sink"", ""floor"": ""Visible beneath the sink and toilet""}}, ""confidence"": 0.9431645154917571, ""recognition_status"": ""success"", ""processing_time"": 9.946956634521484}","Definition: In this task, draw tight bounding boxes around the ""Wall-mounted sink"" and the ""Open toilet"".
Emphasis & Caution: -
Things to Avoid: Do not annotate the ""Mirror"", ""Pipe"", or ""Floor""."
59987,"{""description"": ""Two zebras are standing close to each other under a wooden shelter in a naturalistic enclosure."", ""details"": {""objects"": [""two zebras"", ""wooden shelter"", ""trees"", ""fence"", ""dirt ground""], ""scene"": ""naturalistic enclosure"", ""spatial_info"": {""zebras"": [""standing close together""], ""shelter"": [""behind the zebras""], ""trees"": [""surrounding the area""], ""fence"": [""in the background""]}}, ""confidence"": 0.9537273094867504, ""recognition_status"": ""success"", ""processing_time"": 8.562173843383789}","Definition: In this task, draw tight bounding boxes around the ""two zebras"".
Emphasis & Caution: Focus on the ""two zebras"" standing close together.
Things to Avoid: Do not annotate ""wooden shelter"", ""trees"", ""fence"", or ""dirt ground""."
60245,"{""description"": ""A rectangular pizza topped with mushrooms, melted cheese, and herbs is placed on a black cutting board."", ""details"": {""objects"": [""Pizza"", ""Black cutting board"", ""Wooden table"", ""Glass of beer""], ""scene"": ""Indoor scene"", ""spatial_info"": {""Pizza"": ""Centered on the black cutting board"", ""Black cutting board"": ""On a wooden table"", ""Wooden table"": ""Underneath the cutting board"", ""Glass of beer"": ""In the top right corner of the image""}}, ""confidence"": 0.9584717007999368, ""recognition_status"": ""success"", ""processing_time"": 8.927643299102783}","Definition: In this task, draw tight bounding boxes around the ""Pizza"".
Emphasis & Caution: Focus on the ""Pizza"" centered on the black cutting board.
Things to Avoid: Do not annotate ""Black cutting board"", ""Wooden table"", or ""Glass of beer""."
60496,"{""description"": ""A person is cooking on a stove in a kitchen, viewed from an overhead perspective."", ""details"": {""objects"": [""person"", ""stove"", ""kitchen counter"", ""cabinets"", ""tile backsplash"", ""coffee maker"", ""spatula"", ""utensils""], ""scene"": ""indoor scene"", ""spatial_info"": {""person"": ""standing at the stove"", ""stove"": ""centered in the image"", ""kitchen counter"": ""to the left of the stove"", ""cabinets"": ""surrounding the stove"", ""tile backsplash"": ""behind the stove"", ""coffee maker"": ""on the counter to the left"", ""spatula"": ""in the person's hand"", ""utensils"": ""on the counter""}}, ""confidence"": 0.9561066553547498, ""recognition_status"": ""success"", ""processing_time"": 12.746326208114624}","Definition: In this task, draw tight bounding boxes around the ""person"".
Emphasis & Caution: Focus on the ""person"" standing at the stove.
Things to Avoid: Do not annotate ""stove"", ""kitchen counter"", ""cabinets"", ""tile backsplash"", ""coffee maker"", ""spatula"", or ""utensils""."
60775,"{""description"": ""A skateboarder performs a trick on a ramp while another person watches in a skate park setting."", ""details"": {""objects"": [""skateboarders"", ""skateboard"", ""concrete ramp"", ""concrete wall"", ""people sitting on wall"", ""concrete ground"", ""shadow""], ""scene"": ""outdoor skate park"", ""spatial_info"": {""skateboarders"": [""performing trick"", ""watching""], ""skateboard"": [""in motion"", ""on ramp""], ""concrete ramp"": [""center of image"", ""curved""], ""concrete wall"": [""background"", ""stone""], ""people sitting on wall"": [""background"", ""seated""], ""concrete ground"": [""entire image"", ""flat""]}}, ""confidence"": 0.9322332225930946, ""recognition_status"": ""success"", ""processing_time"": 11.69905710220337}","Definition: In this task, draw tight bounding boxes around the ""skateboarders"".
Emphasis & Caution: Focus on ""skateboarders"" performing a trick and watching.
Things to Avoid: Do not annotate ""concrete ramp"", ""concrete wall"", ""people sitting on wall"", ""concrete ground"", or ""shadow""."
61052,"{""description"": ""A neatly trimmed hedge forms a curved wall in a grassy area, with a red fire hydrant positioned in front."", ""details"": {""objects"": [""neatly trimmed hedge"", ""red fire hydrant""], ""scene"": ""outdoor park or garden"", ""spatial_info"": {""hedge"": ""curved along the edge of the grassy area"", ""fire hydrant"": ""placed in the foreground on the left side""}}, ""confidence"": 0.9319675547389308, ""recognition_status"": ""success"", ""processing_time"": 7.619082927703857}","Definition: In this task, draw tight bounding boxes around the ""red fire hydrant"".
Emphasis & Caution: Focus on the ""red fire hydrant"" in the foreground on the left side.
Things to Avoid: Do not annotate ""neatly trimmed hedge""."
61338,"{""description"": ""A serene beach scene featuring straw umbrellas, colorful lounge chairs, and a clear blue ocean under a bright sky."", ""details"": {""objects"": [""straw umbrellas"", ""lounge chairs"", ""ocean"", ""sky""], ""scene"": ""beach"", ""spatial_info"": {""umbrellas"": ""aligned in a row on the left side"", ""lounge chairs"": ""placed beneath the umbrellas"", ""ocean"": ""in the background"", ""sky"": ""above the ocean""}}, ""confidence"": 0.9477335009771136, ""recognition_status"": ""success"", ""processing_time"": 8.543635129928589}","Definition: In this task, draw tight bounding boxes around the ""straw umbrellas"" and ""lounge chairs"".
Emphasis & Caution: Focus on objects aligned on the left side and beneath the umbrellas.
Things to Avoid: Do not annotate ""ocean"" or ""sky""."
61585,"{""description"": ""A person skateboarding on a street with confetti scattered around, while others walk by under a festive canopy."", ""details"": {""objects"": [""person skateboarding"", ""confetti"", ""people walking"", ""canopy"", ""bicycle"", ""street""], ""scene"": ""urban street"", ""spatial_info"": {""skateboarder"": ""center of the image, moving forward"", ""confetti"": ""scattered across the ground"", ""people"": ""walking to the right side of the image"", ""canopy"": ""overhead, extending from left to right"", ""bicycle"": ""being ridden by a person on the right side of the image""}}, ""confidence"": 0.9317457619645864, ""recognition_status"": ""success"", ""processing_time"": 10.9318687915802}","Definition: In this task, draw tight bounding boxes around the ""person skateboarding"" and ""people walking"".
Emphasis & Caution: Focus on the skateboarder in the center and people on the right side.
Things to Avoid: Do not annotate ""confetti"", ""canopy"", ""bicycle"", or ""street""."
61803,"{""description"": ""Two children are riding a horse in a rural setting, with a house and greenery in the background."", ""details"": {""objects"": [""two children"", ""horse"", ""saddle"", ""bridle"", ""house"", ""grass"", ""trees"", ""road""], ""scene"": ""rural"", ""spatial_info"": {""children"": [""sitting on horseback""], ""horse"": [""standing on grass""], ""saddle"": [""attached to horse""], ""bridle"": [""on horse's head""], ""house"": [""in background""], ""grass"": [""covering ground""], ""trees"": [""surrounding area""], ""road"": [""leading to house""]}}, ""confidence"": 0.9505758017797343, ""recognition_status"": ""success"", ""processing_time"": 11.024100065231323}","Definition: In this task, draw tight bounding boxes around the ""two children"" and the ""horse"".
Emphasis & Caution: Focus on children sitting on horseback.
Things to Avoid: Do not annotate ""house"", ""grass"", ""trees"", or ""road""."
61983,"{""description"": ""A person is lying on a bed, using a laptop, surrounded by a cozy bedroom setting."", ""details"": {""objects"": [""person"", ""laptop"", ""bed"", ""white blanket"", ""pillows"", ""red wall"", ""black cat statue"", ""curtains"", ""decorative items""], ""scene"": ""indoor scene"", ""spatial_info"": {""person"": ""lying on bed, using laptop"", ""laptop"": ""on person's lap"", ""bed"": ""occupied by person"", ""white blanket"": ""covering most of the bed"", ""pillows"": ""placed against the headboard"", ""red wall"": ""behind the person"", ""black cat statue"": ""to the left side of the image"", ""curtains"": ""partially visible behind the person"", ""decorative items"": ""placed on the nightstand to the left""}}, ""confidence"": 0.945940876767543, ""recognition_status"": ""success"", ""processing_time"": 13.427494287490845}","Definition: In this task, draw tight bounding boxes around the ""person"" and the ""laptop"".
Emphasis & Caution: Focus on the person lying on the bed using the laptop.
Things to Avoid: Do not annotate ""bed"", ""white blanket"", ""pillows"", ""red wall"", ""black cat statue"", ""curtains"", or ""decorative items""."
62244,"{""description"": ""A black-and-white photograph captures a close-up of a hand holding a piece of food, with a glass of water in the foreground."", ""details"": {""objects"": [""hand holding food"", ""piece of food"", ""glass of water""], ""scene"": ""indoor scene"", ""spatial_info"": {""hand holding food"": ""center-right"", ""piece of food"": ""in hand"", ""glass of water"": ""left side""}}, ""confidence"": 0.9588345324937217, ""recognition_status"": ""success"", ""processing_time"": 7.887173652648926}","Definition: In this task, draw tight bounding boxes around the ""hand holding food"" and the ""glass of water"".
Emphasis & Caution: Focus on the hand at center-right and the glass on the left side.
Things to Avoid: -"
62443,"{""description"": ""A rustic stone building adorned with red flowering vines, featuring a window with wooden shutters and a small garden area in front."", ""details"": {""objects"": [""stone wall"", ""red flowering vines"", ""window with wooden shutters"", ""small potted plants"", ""table with patterned tablecloth"", ""wooden bench""], ""scene"": ""rural outdoor setting"", ""spatial_info"": {""stone wall"": ""left side of the image"", ""red flowering vines"": ""climbing up the stone wall"", ""window with wooden shutters"": ""center of the image"", ""small potted plants"": ""in front of the window"", ""table with patterned tablecloth"": ""bottom right corner"", ""wooden bench"": ""next to the table""}}, ""confidence"": 0.9488507072526081, ""recognition_status"": ""success"", ""processing_time"": 12.06125807762146}","Definition: In this task, draw tight bounding boxes around the ""window with wooden shutters"".
Emphasis & Caution: Center of the image.
Things to Avoid: Do not annotate ""stone wall"", ""red flowering vines"", ""small potted plants"", ""table with patterned tablecloth"", or ""wooden bench""."
62703,"{""description"": ""A person is lying on a bed, interacting with a laptop."", ""details"": {""objects"": [""laptop"", ""bed"", ""person""], ""scene"": ""indoor scene"", ""spatial_info"": {""laptop"": ""in front of the person"", ""bed"": ""underneath the person"", ""person"": ""lying on the bed""}}, ""confidence"": 0.9650492955812475, ""recognition_status"": ""success"", ""processing_time"": 6.706037282943726}","Definition: In this task, draw tight bounding boxes around the ""person"" and the ""laptop"".
Emphasis & Caution: ""person"" lying on the bed with the ""laptop"" in front.
Things to Avoid: Do not annotate the ""bed""."
62942,"{""description"": ""A vintage blue Volkswagen van is parked in front of a Home Depot store on a cloudy day."", ""details"": {""objects"": [""vintage blue Volkswagen van"", ""Home Depot store"", ""orange-roofed building"", ""parking lot"", ""cloudy sky"", ""parking sign"", ""shopping cart""], ""scene"": ""urban street"", ""spatial_info"": {""van"": ""center of the image, facing forward"", ""Home Depot store"": ""behind the van"", ""parking sign"": ""to the right of the van"", ""shopping cart"": ""partially visible to the left of the van""}}, ""confidence"": 0.9463634251343522, ""recognition_status"": ""success"", ""processing_time"": 10.304167985916138}","Definition: In this task, draw tight bounding boxes around the ""vintage blue Volkswagen van"".
Emphasis & Caution: Blue van at the center of the image, facing forward.
Things to Avoid: Do not annotate ""Home Depot store"", ""orange-roofed building"", ""parking lot"", ""cloudy sky"", ""parking sign"", or ""shopping cart""."
63252,"{""description"": ""A small dog sits on a wooden porch, looking through an open door into a house."", ""details"": {""objects"": [""small dog"", ""wooden porch"", ""doormat"", ""open door"", ""grass"", ""fallen leaves""], ""scene"": ""outdoor residential setting"", ""spatial_info"": {""dog"": ""sitting on porch"", ""doormat"": ""in front of dog"", ""open door"": ""frame of image"", ""grass"": ""behind porch"", ""fallen leaves"": ""scattered on grass""}}, ""confidence"": 0.9496826140714816, ""recognition_status"": ""success"", ""processing_time"": 9.557126760482788}","Definition: In this task, draw tight bounding boxes around the ""small dog"".
Emphasis & Caution: Dog sitting on the wooden porch.
Things to Avoid: Do not annotate ""wooden porch"", ""doormat"", ""open door"", ""grass"", or ""fallen leaves""."
63503,"{""description"": ""A person is lying on the snow with a snowboard, surrounded by a snowy landscape with trees in the background."", ""details"": {""objects"": [""person wearing winter gear"", ""snowboard"", ""snow-covered ground"", ""trees"", ""clear blue sky""], ""scene"": ""outdoor winter scene"", ""spatial_info"": {""person"": ""lying on the snow"", ""snowboard"": ""placed next to the person"", ""trees"": ""in the background"", ""sky"": ""clear and blue""}}, ""confidence"": 0.9518842644335084, ""recognition_status"": ""success"", ""processing_time"": 8.38584303855896}","Definition: In this task, draw tight bounding boxes around the ""person wearing winter gear"" and the ""snowboard"".
Emphasis & Caution: Person lying on the snow with the snowboard next to them.
Things to Avoid: Do not annotate ""snow-covered ground"", ""trees"", or ""clear blue sky""."
63764,"{""description"": ""A close-up view of overripe bananas in a green plastic crate."", ""details"": {""objects"": [""Overripe bananas"", ""Green plastic crate""], ""scene"": ""Indoor scene"", ""spatial_info"": {""overripe bananas"": ""Inside the green plastic crate"", ""green plastic crate"": ""Foreground, occupying most of the frame""}}, ""confidence"": 0.9595547166441308, ""recognition_status"": ""success"", ""processing_time"": 6.239889621734619}","Definition: In this task, draw tight bounding boxes around ""Overripe bananas"".
Emphasis & Caution: Inside the ""Green plastic crate"".
Things to Avoid: ""Green plastic crate""."
64001,"{""description"": ""A red ball of yarn, a pair of yellow-handled scissors, and a piece of burlap fabric are placed on grass."", ""details"": {""objects"": [""Red ball of yarn"", ""Pair of yellow-handled scissors"", ""Piece of burlap fabric""], ""scene"": ""Outdoor scene"", ""spatial_info"": {""red ball of yarn"": ""centered on the burlap fabric"", ""pair of yellow-handled scissors"": ""placed on top of the red ball of yarn"", ""piece of burlap fabric"": ""lies on the grass""}}, ""confidence"": 0.9584459627312847, ""recognition_status"": ""success"", ""processing_time"": 9.390719652175903}","Definition: In this task, draw tight bounding boxes around ""Red ball of yarn"" and ""Pair of yellow-handled scissors"".
Emphasis & Caution: ""Pair of yellow-handled scissors"" placed on top of the ""Red ball of yarn"".
Things to Avoid: ""Piece of burlap fabric""."
64239,"{""description"": ""A freshly baked pizza topped with arugula, a poached egg, and tomato sauce is served on a white plate with a glass of orange juice and a cup of milk in the background."", ""details"": {""objects"": [""Pizza"", ""White plate"", ""Poached egg"", ""Arugula"", ""Tomato sauce"", ""Orange juice"", ""Milk"", ""Tablecloth""], ""scene"": ""Indoor scene"", ""spatial_info"": {""Pizza"": ""Center of the image, placed on a white plate"", ""White plate"": ""Underneath the pizza"", ""Poached egg"": ""On top of the pizza"", ""Arugula"": ""Scattered over the pizza"", ""Tomato sauce"": ""Covering the pizza base"", ""Orange juice"": ""In a glass to the right"", ""Milk"": ""In a cup behind the glass"", ""Tablecloth"": ""Underneath the plate and glass""}}, ""confidence"": 0.9530095143625418, ""recognition_status"": ""success"", ""processing_time"": 14.543628215789795}","Definition: In this task, draw tight bounding boxes around ""Pizza"".
Emphasis & Caution: Center of the image on the ""White plate"".
Things to Avoid: ""Orange juice"", ""Milk"", ""Tablecloth""."
64442,"{""description"": ""A close-up of a chestnut horse with a white blaze standing in a grassy field, with a smaller foal and a red barn in the background."", ""details"": {""objects"": [""chestnut horse"", ""small foal"", ""red barn"", ""trees"", ""grass"", ""pathway""], ""scene"": ""rural farm setting"", ""spatial_info"": {""chestnut horse"": ""center foreground"", ""small foal"": ""behind the horse, left side"", ""red barn"": ""left background"", ""trees"": ""surrounding the area"", ""grass"": ""covering the ground"", ""pathway"": ""leading to the barn""}}, ""confidence"": 0.9515805180668845, ""recognition_status"": ""success"", ""processing_time"": 10.921501874923706}","Definition: In this task, draw tight bounding boxes around ""chestnut horse"" and ""small foal"".
Emphasis & Caution: ""chestnut horse"" in the center foreground.
Things to Avoid: ""red barn"", ""trees"", ""grass"", ""pathway""."
64705,"{""description"": ""A skier is navigating a snowy slope, surrounded by a forested mountain landscape under an overcast sky."", ""details"": {""objects"": [""Skier wearing dark clothing and sunglasses"", ""Ski poles"", ""Snow-covered slope"", ""Forest of trees"", ""Overcast sky"", ""Mountain peaks in the background""], ""scene"": ""Outdoor winter sports scene"", ""spatial_info"": {""skier"": ""Center-left of the image, leaning into a turn"", ""ski poles"": ""Extended behind the skier"", ""snow-covered slope"": ""Dominates the foreground and middle ground"", ""forest"": ""Extends across the middle ground"", ""mountain peaks"": ""Visible in the background""}}, ""confidence"": 0.9293279727597261, ""recognition_status"": ""success"", ""processing_time"": 11.20966124534607}","Definition: In this task, draw tight bounding boxes around ""Skier wearing dark clothing and sunglasses"".
Emphasis & Caution: Center-left of the image.
Things to Avoid: ""Snow-covered slope"", ""Forest of trees"", ""Overcast sky"", ""Mountain peaks in the background""."
64902,"{""description"": ""Two individuals walk across a street under bright sunlight, with a speed bump sign visible in the background."", ""details"": {""objects"": [""two people walking"", ""speed bump sign"", ""street"", ""road markings"", ""bright sunlight""], ""scene"": ""urban street"", ""spatial_info"": {""people"": [""center-right"", ""right""], ""speed bump sign"": ""top-right"", ""street"": ""bottom-center"", ""road markings"": ""bottom-center""}}, ""confidence"": 0.9391211671379873, ""recognition_status"": ""success"", ""processing_time"": 7.851479530334473}","Definition: In this task, draw tight bounding boxes around ""two people walking"".
Emphasis & Caution: Center-right and right.
Things to Avoid: ""speed bump sign"", ""street"", ""road markings"", ""bright sunlight""."
65179,"{""description"": ""A child shoveling snow near a stop sign on a residential street."", ""details"": {""objects"": [""Child shoveling snow"", ""Red stop sign"", ""Snow-covered street"", ""Snowbank"", ""Fire hydrant"", ""Shovel""], ""scene"": ""Residential street"", ""spatial_info"": {""Child"": ""Center-right, actively shoveling snow"", ""Stop sign"": ""Left-center, mounted on a pole"", ""Snowbank"": ""Foreground, extending across the image"", ""Fire hydrant"": ""Background, slightly left of center"", ""Street"": ""Background, partially cleared of snow""}}, ""confidence"": 0.9348859909684201, ""recognition_status"": ""success"", ""processing_time"": 10.287662506103516}","Definition: In this task, draw tight bounding boxes around ""Child shoveling snow"".
Emphasis & Caution: Center-right, actively shoveling snow.
Things to Avoid: ""Red stop sign"", ""Snow-covered street"", ""Snowbank"", ""Fire hydrant""."
65375,"{""description"": ""A festive scene at a marina featuring a decorated boat adorned with Canadian flags, a small toy boat, and larger yachts in the background."", ""details"": {""objects"": [""Decorated boat with Canadian flags"", ""Small toy boat with person operating it"", ""Larger yachts"", ""Marina setting""], ""scene"": ""Marina"", ""spatial_info"": {""Decorated boat"": ""Foreground left"", ""Small toy boat"": ""Center-right"", ""Larger yachts"": ""Background right""}}, ""confidence"": 0.9375101509411662, ""recognition_status"": ""success"", ""processing_time"": 8.650182008743286}","Definition: In this task, draw tight bounding boxes around ""Decorated boat with Canadian flags"" and ""Small toy boat with person operating it"".
Emphasis & Caution: Foreground left and center-right.
Things to Avoid: ""Larger yachts"", ""Marina setting""."
65610,"{""description"": ""A colorful bathroom featuring a fish-themed shower curtain, a toilet, a sink, and a fish-shaped bath mat on a tiled floor."", ""details"": {""objects"": [""shower curtain"", ""toilet"", ""sink"", ""bath mat"", ""tile floor"", ""cabinet""], ""scene"": ""indoor scene"", ""spatial_info"": {""shower curtain"": ""attached to the wall"", ""toilet"": ""centered between the sink and the cabinet"", ""sink"": ""on the right side"", ""bath mat"": ""in front of the toilet"", ""tile floor"": ""covering the entire floor"", ""cabinet"": ""next to the sink""}}, ""confidence"": 0.9530738014111977, ""recognition_status"": ""success"", ""processing_time"": 11.011322021484375}","Definition: In this task, draw tight bounding boxes around ""-"".
Emphasis & Caution: -
Things to Avoid: -"
65901,"{""description"": ""A surfer is riding a wave on a blue surfboard, wearing green shorts and a watch."", ""details"": {""objects"": [""surfer"", ""surfboard"", ""wave"", ""ocean""], ""scene"": ""beach"", ""spatial_info"": {""surfer"": ""mid-air, leaning forward on surfboard"", ""surfboard"": ""underneath the surfer, cutting through the wave"", ""wave"": ""crashing behind the surfer"", ""ocean"": ""blue and dynamic, with white foam from the wave""}}, ""confidence"": 0.9351196020416371, ""recognition_status"": ""success"", ""processing_time"": 9.084715127944946}","Definition: In this task, draw tight bounding boxes around ""surfer"" and ""surfboard"".
Emphasis & Caution: Mid-air, leaning forward on surfboard.
Things to Avoid: ""wave"", ""ocean""."
66129,"{""description"": ""A large pizza on a red table in a restaurant setting, with a person sitting at the table in the background."", ""details"": {""objects"": [""Large pizza"", ""Red table"", ""Person sitting at the table"", ""Candle holders"", ""Chair"", ""Tableware"", ""Bottles""], ""scene"": ""Indoor scene"", ""spatial_info"": {""pizza"": ""Center of the table"", ""person"": ""Sitting behind the pizza"", ""candle holders"": ""On the table around the pizza"", ""chair"": ""Around the table"", ""tableware"": ""Next to the pizza"", ""bottles"": ""On the table""}}, ""confidence"": 0.9413592457683713, ""recognition_status"": ""success"", ""processing_time"": 10.714593648910522}","Definition: In this task, draw tight bounding boxes around all ""Large pizza"" and ""Person sitting at the table"".
Emphasis & Caution: ""Large pizza"" at the center of the table; ""Person sitting at the table"" behind the pizza.
Things to Avoid: Do not annotate ""Red table"", ""Candle holders"", ""Chair"", ""Tableware"", or ""Bottles""."
66348,"{""description"": ""A truck carrying pineapples is driving on a rural road under an overcast sky."", ""details"": {""objects"": [""truck"", ""pineapples"", ""road"", ""overcast sky"", ""power lines"", ""trees"", ""grass""], ""scene"": ""rural road"", ""spatial_info"": {""truck"": ""center of the image, facing away from the camera"", ""pineapples"": ""loaded into the back of the truck"", ""road"": ""curved and extending into the distance"", ""power lines"": ""running parallel to the road"", ""trees"": ""on both sides of the road"", ""grass"": ""alongside the road""}}, ""confidence"": 0.9555255254737681, ""recognition_status"": ""success"", ""processing_time"": 10.571702241897583}","Definition: In this task, draw tight bounding boxes around all ""truck"".
Emphasis & Caution: ""truck"" in the center of the image, facing away from the camera.
Things to Avoid: Do not annotate ""road"", ""overcast sky"", ""power lines"", ""trees"", or ""grass""."
66556,"{""description"": ""A tabby cat with white markings sits on a weathered wooden bench surrounded by autumn leaves, with trees in the background."", ""details"": {""objects"": [""tabby cat"", ""wooden bench"", ""fallen leaves"", ""trees""], ""scene"": ""outdoor setting"", ""spatial_info"": {""cat"": ""sitting on the bench"", ""bench"": ""in the foreground"", ""leaves"": ""scattered around the bench"", ""trees"": ""in the background""}}, ""confidence"": 0.9578531437582004, ""recognition_status"": ""success"", ""processing_time"": 8.48563814163208}","Definition: In this task, draw tight bounding boxes around all ""tabby cat"".
Emphasis & Caution: ""tabby cat"" sitting on the ""wooden bench"".
Things to Avoid: Do not annotate ""wooden bench"", ""fallen leaves"", or ""trees""."
66827,"{""description"": ""A small, well-lit kitchen with white cabinets, a microwave, and a sink area."", ""details"": {""objects"": [""white cabinets"", ""microwave"", ""sink"", ""paper towels"", ""window with blinds"", ""shelves with jars"", ""door"", ""kitchen utensils"", ""countertop""], ""scene"": ""indoor scene"", ""spatial_info"": {""cabinets"": ""under the counter"", ""microwave"": ""above the sink"", ""sink"": ""centered under the window"", ""paper towels"": ""next to the sink"", ""window"": ""above the sink"", ""shelves"": ""left side of the image"", ""door"": ""behind the shelves"", ""kitchen utensils"": ""hanging on the wall"", ""countertop"": ""connecting the cabinets and microwave""}}, ""confidence"": 0.9396632104226406, ""recognition_status"": ""success"", ""processing_time"": 13.336057662963867}","Definition: In this task, draw tight bounding boxes around all ""microwave"" and ""sink"".
Emphasis & Caution: ""microwave"" above the ""sink""; ""sink"" centered under the window.
Things to Avoid: Do not annotate ""white cabinets"", ""paper towels"", ""window with blinds"", ""shelves with jars"", ""door"", ""kitchen utensils"", or ""countertop""."
67099,"{""description"": ""A person is sitting at a table in a restaurant, holding a food item wrapped in paper, with a surprised or excited expression."", ""details"": {""objects"": [""person"", ""table"", ""food item"", ""paper"", ""restaurant interior"", ""chairs"", ""tables"", ""signage""], ""scene"": ""indoor scene"", ""spatial_info"": {""person"": ""center"", ""table"": ""in front of person"", ""food item"": ""in person's hands"", ""chairs"": ""around tables"", ""tables"": ""in background"", ""signage"": ""on wall""}}, ""confidence"": 0.9492894668791441, ""recognition_status"": ""success"", ""processing_time"": 10.045367002487183}","Definition: In this task, draw tight bounding boxes around all ""person"" and ""food item"".
Emphasis & Caution: ""person"" at the center; ""food item"" in the person's hands.
Things to Avoid: Do not annotate ""table"", ""chairs"", ""tables"", ""restaurant interior"", or ""signage""."
67347,"{""description"": ""A blue train approaches a station platform surrounded by lush greenery under an overpass."", ""details"": {""objects"": [""blue train"", ""station platform"", ""overpass"", ""trees"", ""signboard"", ""signal lights"", ""tracks""], ""scene"": ""railway station"", ""spatial_info"": {""train"": ""center"", ""platform"": ""left"", ""trees"": ""background"", ""overpass"": ""top"", ""signboard"": ""left"", ""signal lights"": ""right"", ""tracks"": ""center and right""}}, ""confidence"": 0.9544358947196132, ""recognition_status"": ""success"", ""processing_time"": 9.423806190490723}","Definition: In this task, draw tight bounding boxes around all ""blue train"".
Emphasis & Caution: ""blue train"" at the center.
Things to Avoid: Do not annotate ""station platform"", ""overpass"", ""trees"", ""signboard"", ""signal lights"", or ""tracks""."
67571,"{""description"": ""A lively kite festival takes place under a cloudy sky, with numerous kites flying high above a crowded gathering of people on a grassy field."", ""details"": {""objects"": [""kites"", ""people"", ""grass"", ""trees"", ""cloudy sky"", ""tent"", ""flying kites""], ""scene"": ""outdoor event"", ""spatial_info"": {""kites"": ""scattered across the sky"", ""people"": ""gathered on the ground"", ""grass"": ""covers the ground"", ""trees"": ""in the background"", ""tent"": ""on the left side"", ""flying kites"": ""distributed throughout the sky""}}, ""confidence"": 0.9420462637897298, ""recognition_status"": ""success"", ""processing_time"": 10.443037271499634}","Definition: In this task, draw tight bounding boxes around all ""people"".
Emphasis & Caution: ""people"" gathered on the ground.
Things to Avoid: Do not annotate ""kites"", ""grass"", ""trees"", ""cloudy sky"", or ""tent""."
67814,"{""description"": ""A weathered wooden bench with a red seat and armrests is positioned against a vibrant blue, peeling wall, creating a striking contrast."", ""details"": {""objects"": [""wooden bench"", ""blue wall""], ""scene"": ""outdoor scene"", ""spatial_info"": {""bench"": ""center"", ""wall"": ""behind bench""}}, ""confidence"": 0.9449482439185467, ""recognition_status"": ""success"", ""processing_time"": 6.470248222351074}","Definition: In this task, draw tight bounding boxes around all ""wooden bench"".
Emphasis & Caution: ""wooden bench"" at the center.
Things to Avoid: Do not annotate ""blue wall""."
68041,"{""description"": ""A surfer walks into the ocean at sunset, silhouetted against a vibrant sky."", ""details"": {""objects"": [""surfer"", ""surfboard"", ""ocean waves"", ""sunset"", ""trees"", ""rocky cliff""], ""scene"": ""beach"", ""spatial_info"": {""surfer"": ""walking towards the water"", ""surfboard"": ""being carried under the arm"", ""ocean waves"": ""rolling in"", ""sunset"": ""in the background"", ""trees"": ""on the left side"", ""rocky cliff"": ""on the right side""}}, ""confidence"": 0.9519355100142716, ""recognition_status"": ""success"", ""processing_time"": 10.517153978347778}","Definition: In this task, draw tight bounding boxes around all ""surfer"" and ""surfboard"".
Emphasis & Caution: ""surfer"" walking towards the water; ""surfboard"" carried under the arm.
Things to Avoid: Do not annotate ""ocean waves"", ""sunset"", ""trees"", or ""rocky cliff""."
68235,"{""description"": ""The image shows a cozy living room with wooden flooring, a recliner chair, a flat-screen TV on a stand, and a ceiling fan with a light fixture."", ""details"": {""objects"": [""Objects: ceiling fan"", ""light bulb"", ""wall clock"", ""picture frame"", ""television""], ""scene"": ""Objects: ceiling fan"", ""spatial_info"": ""Main elements distributed in the image""}, ""confidence"": 0.9440192078907759, ""recognition_status"": ""success"", ""processing_time"": 21.936883211135864}","Definition: In this task, draw tight bounding boxes around all ""Objects: ceiling fan"" and ""television"".
Emphasis & Caution: -
Things to Avoid: Do not annotate ""light bulb"", ""wall clock"", or ""picture frame""."
68482,"{""description"": ""A meal consisting of breaded chicken, roasted vegetables, a small container of dip, lemon slices, and an orange is arranged on a wooden surface."", ""details"": {""objects"": [""Breaded chicken"", ""Roasted broccoli"", ""Roasted carrots"", ""Small container of dip"", ""Lemon slices"", ""Orange"", ""Glass plate"", ""Glass container""], ""scene"": ""Indoor scene"", ""spatial_info"": {""Breaded chicken"": ""On a glass plate"", ""Roasted broccoli"": ""In a glass container"", ""Roasted carrots"": ""In a glass container"", ""Small container of dip"": ""On a glass plate"", ""Lemon slices"": ""On a glass plate"", ""Orange"": ""To the left of the glass plate"", ""Glass plate"": ""On a wooden surface"", ""Glass container"": ""On a wooden surface""}}, ""confidence"": 0.9570684552282258, ""recognition_status"": ""success"", ""processing_time"": 13.583096504211426}","Definition: In this task, draw tight bounding boxes around all ""Breaded chicken"".
Emphasis & Caution: -
Things to Avoid: -"
68745,"{""description"": ""A cozy picnic setup featuring teddy bears, a wicker basket filled with picnic items, and a book titled 'Drumming' by Sally Farley."", ""details"": {""objects"": [""Teddy bear holding a blue hat"", ""Wicker picnic basket containing green cups, spoons, forks, and a red plaid blanket"", ""Teddy bear sitting inside the basket"", ""Book titled 'Drumming' by Sally Farley"", ""Green cup on the table""], ""scene"": ""Indoor scene"", ""spatial_info"": {""Teddy bear holding a blue hat"": ""Foreground, right side"", ""Wicker picnic basket"": ""Center-left"", ""Teddy bear sitting inside the basket"": ""Inside the basket"", ""Book titled 'Drumming' by Sally Farley"": ""Right side, next to the teddy bear"", ""Green cup on the table"": ""Foreground, left side""}}, ""confidence"": 0.931838160838317, ""recognition_status"": ""success"", ""processing_time"": 14.990798234939575}","Definition: In this task, draw tight bounding boxes around all ""Teddy bear holding a blue hat"" and ""Teddy bear sitting inside the basket"".
Emphasis & Caution: ""blue hat"".
Things to Avoid: -"
69015,"{""description"": ""A monochrome image of a laptop on a bed, surrounded by various household items and a potted plant."", ""details"": {""objects"": [""laptop"", ""bedspread"", ""mouse"", ""potted plant"", ""air conditioning unit"", ""plastic bottle"", ""cable"", ""speaker""], ""scene"": ""indoor scene"", ""spatial_info"": {""laptop"": ""center"", ""bedspread"": ""underneath"", ""mouse"": ""next to laptop"", ""potted plant"": ""behind laptop"", ""air conditioning unit"": ""wall"", ""plastic bottle"": ""left side"", ""cable"": ""behind laptop"", ""speaker"": ""top left corner""}}, ""confidence"": 0.9491431434647873, ""recognition_status"": ""success"", ""processing_time"": 14.193393468856812}","Definition: In this task, draw tight bounding boxes around all ""laptop"".
Emphasis & Caution: ""laptop"" at the center.
Things to Avoid: -"
69293,"{""description"": ""A small, tiled bathroom featuring a toilet, sink, and various personal care items arranged on shelves."", ""details"": {""objects"": [""Toilet"", ""Sink"", ""Cabinet"", ""Shelves with toiletries"", ""Towel rack"", ""Scale""], ""scene"": ""Indoor scene"", ""spatial_info"": {""Toilet"": ""Centered between the sink and the wall"", ""Sink"": ""Left side of the image, adjacent to the toilet"", ""Cabinet"": ""Below the sink"", ""Shelves with toiletries"": ""Above the toilet"", ""Towel rack"": ""Right side of the image"", ""Scale"": ""On the floor near the right corner""}}, ""confidence"": 0.9488213705024184, ""recognition_status"": ""success"", ""processing_time"": 13.687422513961792}","Definition: In this task, draw tight bounding boxes around all ""Toilet"" and ""Sink"".
Emphasis & Caution: -
Things to Avoid: -"
69523,"{""description"": ""A small, clean bathroom with a window, sink, toilet, and various personal care items."", ""details"": {""objects"": [""Window"", ""Sink"", ""Toilet"", ""Towel rack"", ""Trash can"", ""Soap dispenser"", ""Toothbrush holder"", ""Toothbrush"", ""Towels""], ""scene"": ""Indoor scene"", ""spatial_info"": {""Window"": ""Above the sink"", ""Sink"": ""Below the window"", ""Toilet"": ""To the right of the sink"", ""Towel rack"": ""On the left wall"", ""Trash can"": ""On the floor near the sink"", ""Soap dispenser"": ""On the sink"", ""Toothbrush holder"": ""On the sink"", ""Toothbrush"": ""In the toothbrush holder"", ""Towels"": ""Hanging on the towel rack""}}, ""confidence"": 0.9598745403107425, ""recognition_status"": ""success"", ""processing_time"": 15.148154497146606}","Definition: In this task, draw tight bounding boxes around all ""Toilet"" and ""Sink"".
Emphasis & Caution: -
Things to Avoid: -"
69798,"{""description"": ""A quiet urban street scene featuring a bus stop sign, a sidewalk, and buildings on either side."", ""details"": {""objects"": [""Bus stop sign"", ""Sidewalk"", ""Buildings"", ""Street"", ""Cars"", ""Trees"", ""Traffic lights""], ""scene"": ""Urban street"", ""spatial_info"": {""bus_stop_sign"": ""Attached to a pole on the right side of the sidewalk"", ""sidewalk"": ""Running along the left side of the street"", ""buildings"": [""On the left side of the street"", ""On the right side of the street""], ""street"": ""Center of the image, with vehicles parked or moving"", ""cars"": [""On the street""], ""trees"": [""Line the sidewalk on the left side""], ""traffic_lights"": [""Visible near the center of the image""]}}, ""confidence"": 0.9338997888498198, ""recognition_status"": ""success"", ""processing_time"": 12.902026891708374}","Definition: In this task, draw tight bounding boxes around all ""Bus stop sign"" and ""Cars"".
Emphasis & Caution: Focus on the ""Bus stop sign"" attached to a pole on the right side and ""Cars"" on the street.
Things to Avoid: Do not annotate ""Sidewalk"", ""Buildings"", ""Trees"", ""Traffic lights"", or ""Street""."
70067,"{""description"": ""A clock with 'TOO LATE' written on it is placed inside a window, overlooking a snowy outdoor scene."", ""details"": {""objects"": [""Clock"", ""Window"", ""Snow-covered landscape"", ""Trees"", ""Bedspread""], ""scene"": ""Indoor scene"", ""spatial_info"": {""Clock"": ""Inside the window frame, facing outward"", ""Window"": ""Frame surrounding the clock"", ""Snow-covered landscape"": ""Visible through the window"", ""Trees"": ""Outside the window, near the snow"", ""Bedspread"": ""Partially visible at the bottom of the image""}}, ""confidence"": 0.9410367719458328, ""recognition_status"": ""success"", ""processing_time"": 9.908307552337646}","Definition: In this task, draw tight bounding boxes around the ""Clock"".
Emphasis & Caution: Focus on the ""Clock"" with text inside the window frame.
Things to Avoid: Do not annotate ""Window"", ""Snow-covered landscape"", ""Trees"", or ""Bedspread""."
70321,"{""description"": ""A lively urban street scene featuring pedestrians, cyclists, and vehicles in a European city setting."", ""details"": {""objects"": [""pedestrians"", ""cyclists"", ""motorcycle"", ""cars"", ""traffic lights"", ""street signs"", ""buildings"", ""crosswalk"", ""sidewalk""], ""scene"": ""urban street"", ""spatial_info"": {""pedestrians"": [""standing on sidewalk"", ""walking across crosswalk""], ""cyclists"": [""riding bicycles""], ""motorcycle"": [""driving down street""], ""cars"": [""parked along street"", ""driving down street""], ""traffic lights"": [""red light for pedestrians"", ""green light for vehicles""], ""street signs"": [""blue directional signs"", ""white pedestrian crossing signs""], ""buildings"": [""brick buildings with multiple windows"", ""white building with arched entryway""], ""crosswalk"": [""white stripes marking pedestrian crossing""], ""sidewalk"": [""adjacent to street with people standing""]}}, ""confidence"": 0.9353924014071066, ""recognition_status"": ""success"", ""processing_time"": 15.41793417930603}","Definition: In this task, draw tight bounding boxes around all ""pedestrians"", ""cyclists"", ""motorcycle"", and ""cars"".
Emphasis & Caution: Focus on moving or standing road users on the street and crosswalk.
Things to Avoid: Do not annotate ""traffic lights"", ""street signs"", ""buildings"", ""crosswalk"", or ""sidewalk""."
70566,"{""description"": ""A tennis player is captured mid-swing on a grass court, with a ball girl standing in the background."", ""details"": {""objects"": [""Tennis player"", ""Tennis racket"", ""Grass court"", ""Ball girl"", ""Blue backdrop"", ""White line on the court""], ""scene"": ""Outdoor tennis match"", ""spatial_info"": {""Tennis player"": ""In the foreground, actively swinging the racket."", ""Tennis racket"": ""Held by the player, positioned to hit the ball."", ""Grass court"": ""The surface where the player is standing."", ""Ball girl"": ""Positioned against the backdrop, observing the game."", ""Blue backdrop"": ""Located behind the player and ball girl, displaying text."", ""White line on the court"": ""Visible on the ground, marking the boundary.""}}, ""confidence"": 0.9361554848775655, ""recognition_status"": ""success"", ""processing_time"": 12.84907603263855}","Definition: In this task, draw tight bounding boxes around the ""Tennis player"" and the ""Ball girl"".
Emphasis & Caution: Focus on the ""Tennis player"" in the foreground and the ""Ball girl"" against the backdrop.
Things to Avoid: Do not annotate ""Tennis racket"", ""Grass court"", ""Blue backdrop"", or ""White line on the court""."
70829,"{""description"": ""A young person stands near a stop sign under a tree with vibrant red leaves, set against a suburban backdrop."", ""details"": {""objects"": [""Stop sign"", ""Tree with red leaves"", ""Young person wearing a dark shirt with 'Emperor' written on it"", ""Suburban houses and trees in the background""], ""scene"": ""Urban street"", ""spatial_info"": {""Stop sign"": ""On the left side of the image, slightly behind the person"", ""Tree with red leaves"": ""Center-right, partially obscuring the stop sign"", ""Young person"": ""Center of the image, standing between the stop sign and the tree"", ""Suburban houses and trees"": ""Background, extending across the image""}}, ""confidence"": 0.9419137004487339, ""recognition_status"": ""success"", ""processing_time"": 10.995929718017578}","Definition: In this task, draw tight bounding boxes around the ""Young person wearing a dark shirt with 'Emperor' written on it"" and the ""Stop sign"".
Emphasis & Caution: Focus on the centered ""Young person wearing a dark shirt with 'Emperor' written on it"".
Things to Avoid: Do not annotate ""Tree with red leaves"" or ""Suburban houses and trees in the background""."
71109,"{""description"": ""A bright orange locomotive labeled 'SUNOCO' travels along a railway track under a clear blue sky, with a billboard and leafless trees in the background."", ""details"": {""objects"": [""orange locomotive"", ""railway tracks"", ""billboard"", ""leafless trees"", ""clear blue sky""], ""scene"": ""rural railway"", ""spatial_info"": {""locomotive"": ""center"", ""tracks"": ""center"", ""billboard"": ""right"", ""trees"": ""right"", ""sky"": ""background""}}, ""confidence"": 0.9421977427175543, ""recognition_status"": ""success"", ""processing_time"": 9.446280002593994}","Definition: In this task, draw tight bounding boxes around the ""orange locomotive"".
Emphasis & Caution: Focus on the bright orange body labeled ""SUNOCO"" at the center.
Things to Avoid: Do not annotate ""railway tracks"", ""billboard"", ""leafless trees"", or ""clear blue sky""."
71330,"{""description"": ""A giraffe is feeding from a tree in a zoo enclosure, with an ostrich visible in the background."", ""details"": {""objects"": [""giraffe"", ""tree"", ""ostrich"", ""rock wall"", ""enclosure netting""], ""scene"": ""zoo enclosure"", ""spatial_info"": {""giraffe"": ""standing near the tree, reaching for leaves"", ""tree"": ""leaning against the rock wall"", ""ostrich"": ""standing on the ground, partially obscured by rocks"", ""rock wall"": ""large, textured, forming part of the enclosure"", ""enclosure netting"": ""visible on the right side of the image""}}, ""confidence"": 0.9418785326398786, ""recognition_status"": ""success"", ""processing_time"": 10.977294921875}","Definition: In this task, draw tight bounding boxes around the ""giraffe"".
Emphasis & Caution: Focus on the tall ""giraffe"" reaching for leaves near the tree.
Things to Avoid: Do not annotate ""tree"", ""ostrich"", ""rock wall"", or ""enclosure netting""."
71603,"{""description"": ""A lively urban street scene featuring two individuals riding Segways, a city bus, pedestrians, and modern buildings in the background."", ""details"": {""objects"": [""Segways"", ""City bus"", ""Pedestrians"", ""Modern buildings"", ""Street lamp"", ""Information kiosk"", ""Banners""], ""scene"": ""Urban street"", ""spatial_info"": {""Segways"": [""center-left""], ""City bus"": [""left-center""], ""Pedestrians"": [""right""], ""Modern buildings"": [""background""], ""Street lamp"": [""center""], ""Information kiosk"": [""right""], ""Banners"": [""right""]}}, ""confidence"": 0.9572185641589965, ""recognition_status"": ""success"", ""processing_time"": 10.618114233016968}","Definition: In this task, draw tight bounding boxes around all ""Segways"", ""City bus"", and ""Pedestrians"".
Emphasis & Caution: Focus on targets in the street area at center-left and right.
Things to Avoid: Do not annotate ""Modern buildings"", ""Street lamp"", ""Information kiosk"", or ""Banners""."
71845,"{""description"": ""A calico cat is lying on its back on a maroon armchair, appearing relaxed and comfortable."", ""details"": {""objects"": [""Calico cat"", ""Maroon armchair""], ""scene"": ""Indoor scene"", ""spatial_info"": {""cat"": ""On the backrest and seat of the armchair"", ""armchair"": ""Filling the frame, positioned against a neutral background""}}, ""confidence"": 0.9520983821234499, ""recognition_status"": ""success"", ""processing_time"": 7.281119108200073}","Definition: In this task, draw tight bounding boxes around the ""Calico cat"".
Emphasis & Caution: Focus on the ""Calico cat"" lying on its back on the maroon surface.
Things to Avoid: Do not annotate the ""Maroon armchair""."
72096,"{""description"": ""A person is seated at a dining table set for breakfast, featuring pastries, fruit, juice, and a floral tablecloth."", ""details"": {""objects"": [""person"", ""dining table"", ""plates"", ""pastries"", ""juice"", ""fruit"", ""milk jug"", ""spoons"", ""cups"", ""tablecloth""], ""scene"": ""indoor scene"", ""spatial_info"": {""person"": ""seated on left side of table"", ""dining table"": ""centered in the image"", ""plates"": ""on table"", ""pastries"": ""on plates"", ""juice"": ""in glasses"", ""fruit"": ""on plates"", ""milk jug"": ""on right side of table"", ""spoons"": ""on table"", ""cups"": ""on table"", ""tablecloth"": ""covering table""}}, ""confidence"": 0.9438427941594326, ""recognition_status"": ""success"", ""processing_time"": 14.069496870040894}","Definition: In this task, draw tight bounding boxes around the ""person"".
Emphasis & Caution: Focus on the seated ""person"" on the left side of the table.
Things to Avoid: Do not annotate ""dining table"", ""plates"", ""pastries"", ""juice"", ""fruit"", ""milk jug"", ""spoons"", ""cups"", or ""tablecloth""."
72397,"{""description"": ""A vibrant urban street scene featuring a yellow fire hydrant, a green payphone booth, and pedestrians walking along the sidewalk."", ""details"": {""objects"": [""yellow fire hydrant"", ""green payphone booth"", ""pedestrians"", ""sidewalk"", ""cars"", ""buildings"", ""trees""], ""scene"": ""urban street"", ""spatial_info"": {""fire hydrant"": ""foreground left"", ""payphone booth"": ""center"", ""pedestrians"": ""background left"", ""cars"": ""background right"", ""buildings"": ""background right"", ""trees"": ""background left""}}, ""confidence"": 0.9632694068429424, ""recognition_status"": ""success"", ""processing_time"": 9.958248853683472}","Definition: In this task, draw tight bounding boxes around all ""pedestrians"".
Emphasis & Caution: -
Things to Avoid: ""yellow fire hydrant"", ""green payphone booth"", ""sidewalk"", ""cars"", ""buildings"", ""trees""."
72621,"{""description"": ""A seagull is perched on a piece of driftwood, its beak open as if calling out, while another seagull stands nearby on a sandy beach."", ""details"": {""objects"": [""seagulls"", ""driftwood"", ""sand"", ""water""], ""scene"": ""beach"", ""spatial_info"": {""seagulls"": [""perched on driftwood"", ""standing on sand""], ""driftwood"": [""on sand""], ""sand"": [""covering the foreground""], ""water"": [""in the background""]}}, ""confidence"": 0.9542686168422867, ""recognition_status"": ""success"", ""processing_time"": 9.169748067855835}","Definition: In this task, draw tight bounding boxes around all ""seagulls"".
Emphasis & Caution: -
Things to Avoid: ""driftwood"", ""sand"", ""water""."
72839,"{""description"": ""A rainy urban street scene featuring a person playing an organ under umbrellas, while pedestrians walk by in the background."", ""details"": {""objects"": [""Organist playing an organ"", ""Pedestrians holding umbrellas"", ""Umbrellas"", ""Bench"", ""Stone building"", ""Signpost"", ""Wet pavement""], ""scene"": ""Urban street"", ""spatial_info"": {""Organist"": ""Left side, near the center"", ""Pedestrians"": ""Right side, walking past"", ""Umbrellas"": ""Held by pedestrians"", ""Bench"": ""Center-right"", ""Stone building"": ""Background"", ""Signpost"": ""Above the bench"", ""Wet pavement"": ""Foreground""}}, ""confidence"": 0.935999803491472, ""recognition_status"": ""success"", ""processing_time"": 12.25544261932373}","Definition: In this task, draw tight bounding boxes around the ""Organist playing an organ"" and ""Pedestrians holding umbrellas"".
Emphasis & Caution: Focus on the ""Organist playing an organ"" on the left side.
Things to Avoid: ""Umbrellas"", ""Bench"", ""Stone building"", ""Signpost"", ""Wet pavement""."
73022,"{""description"": ""A baseball game is in progress, with players on the field and spectators seated in the stands."", ""details"": {""objects"": [""baseball players"", ""umpire"", ""catcher"", ""batter"", ""field"", ""stands"", ""spectators""], ""scene"": ""baseball game"", ""spatial_info"": {""baseball players"": [""batter"", ""catcher"", ""fielder""], ""umpire"": [""standing behind catcher""], ""field"": [""dugout"", ""home plate"", ""baseball diamond""], ""stands"": [""seated spectators""]}}, ""confidence"": 0.9468928330202682, ""recognition_status"": ""success"", ""processing_time"": 10.073902368545532}","Definition: In this task, draw tight bounding boxes around all ""baseball players"", ""umpire"", ""catcher"", and ""batter"".
Emphasis & Caution: -
Things to Avoid: ""field"", ""stands"", ""spectators""."
73276,"{""description"": ""A white Scania truck is parked outside a warehouse, with its flatbed trailer attached."", ""details"": {""objects"": [""white Scania truck"", ""flatbed trailer"", ""warehouse building"", ""closed garage door"", ""concrete wall"", ""metal poles""], ""scene"": ""industrial area"", ""spatial_info"": {""truck"": ""center"", ""warehouse"": ""background"", ""garage door"": ""left side"", ""concrete wall"": ""behind truck"", ""metal poles"": ""left side""}}, ""confidence"": 0.9427432679851614, ""recognition_status"": ""success"", ""processing_time"": 9.179961919784546}","Definition: In this task, draw tight bounding boxes around the ""white Scania truck"" and the ""flatbed trailer"".
Emphasis & Caution: Focus on the ""white Scania truck"" at the center.
Things to Avoid: ""warehouse building"", ""closed garage door"", ""concrete wall"", ""metal poles""."
73554,"{""description"": ""A close-up of a sheep looking directly at the camera, with people and wooden structures in the background under a clear blue sky."", ""details"": {""objects"": [""sheep"", ""wooden fence"", ""people"", ""buildings"", ""sky""], ""scene"": ""outdoor rural setting"", ""spatial_info"": {""sheep"": ""center foreground"", ""wooden fence"": ""in front of sheep"", ""people"": ""background left"", ""buildings"": ""background right"", ""sky"": ""above everything""}}, ""confidence"": 0.9573765669777179, ""recognition_status"": ""success"", ""processing_time"": 8.731526374816895}","Definition: In this task, draw tight bounding boxes around all ""sheep"" and ""people"".
Emphasis & Caution: Focus on the ""sheep"" in the center foreground.
Things to Avoid: Do not annotate ""wooden fence"", ""buildings"", or ""sky""."
73782,"{""description"": ""A historic building featuring an ornate clock tower against a clear blue sky."", ""details"": {""objects"": [""Clock tower"", ""Building facade"", ""Windows"", ""Rusty section"", ""Blue sky""], ""scene"": ""Urban street"", ""spatial_info"": {""clock_tower"": ""Right side, prominent feature"", ""building_facades"": ""Left side, extending horizontally"", ""windows"": ""On the building facades"", ""rusty_section"": ""Part of the building facade"", ""blue_sky"": ""Background, clear and unobstructed""}}, ""confidence"": 0.9367379406274783, ""recognition_status"": ""success"", ""processing_time"": 9.40665078163147}","Definition: In this task, draw tight bounding boxes around all ""Clock tower"" and ""Building facade"".
Emphasis & Caution: Focus on the prominent ""Clock tower"" on the right side.
Things to Avoid: Do not annotate ""Windows"", ""Rusty section"", or ""Blue sky""."
74017,"{""description"": ""A skier is standing on a snowy slope surrounded by a forested mountainous area."", ""details"": {""objects"": [""Skier wearing dark clothing"", ""Snow-covered slope"", ""Trees with snow-laden branches"", ""Mountainous terrain""], ""scene"": ""Outdoor winter scene"", ""spatial_info"": {""skier"": ""Center of the image, slightly to the right"", ""trees"": ""Surrounding the skier, extending into the background"", ""mountains"": ""Visible in the background, partially obscured by trees""}}, ""confidence"": 0.9373030531013054, ""recognition_status"": ""success"", ""processing_time"": 9.018568754196167}","Definition: In this task, draw tight bounding boxes around all ""Skier wearing dark clothing"".
Emphasis & Caution: Focus on the ""Skier wearing dark clothing"" near the center.
Things to Avoid: Do not annotate ""Snow-covered slope"", ""Trees with snow-laden branches"", or ""Mountainous terrain""."
74217,"{""description"": ""A group of police officers on motorcycles and horses is lined up in an urban street setting, ready for duty."", ""details"": {""objects"": [""Police officers"", ""Motorcycles"", ""Horses"", ""Street"", ""Buildings"", ""Pedestrians""], ""scene"": ""Urban street"", ""spatial_info"": {""Police officers"": ""lined up in the center of the image"", ""Motorcycles"": ""aligned in two rows, facing forward"", ""Horses"": ""positioned behind the motorcycles, also facing forward"", ""Street"": ""wet, suggesting recent rain"", ""Buildings"": ""visible in the background, indicating an urban environment"", ""Pedestrians"": ""walking along the sidewalks in the background""}}, ""confidence"": 0.941603944245242, ""recognition_status"": ""success"", ""processing_time"": 11.734684705734253}","Definition: In this task, draw tight bounding boxes around all ""Police officers"", ""Motorcycles"", and ""Horses"".
Emphasis & Caution: Focus on the lined-up ""Police officers"" in the center.
Things to Avoid: Do not annotate ""Street"", ""Buildings"", or ""Pedestrians""."
74460,"{""description"": ""Two horses graze on a lush green pasture surrounded by trees under a clear sky."", ""details"": {""objects"": [""two horses"", ""green grass"", ""trees"", ""fence"", ""sky""], ""scene"": ""rural pasture"", ""spatial_info"": {""horses"": [""center-left"", ""center-right""], ""grass"": ""foreground"", ""trees"": [""background""], ""fence"": [""right background""]}}, ""confidence"": 0.9564406384586067, ""recognition_status"": ""success"", ""processing_time"": 7.807918310165405}","Definition: In this task, draw tight bounding boxes around all ""two horses"".
Emphasis & Caution: Focus on the two targets at ""center-left"" and ""center-right"".
Things to Avoid: Do not annotate ""green grass"", ""trees"", ""fence"", or ""sky""."
74759,"{""description"": ""A circus performance featuring three elephants balancing on stools, each carrying a performer on their back."", ""details"": {""objects"": [""Three elephants"", ""Performers sitting on the elephants' backs"", ""Stools under the elephants"", ""Circus ringmasters"", ""Audience in the background""], ""scene"": ""Indoor circus performance"", ""spatial_info"": {""Elephants"": [""Center stage""], ""Performers"": [""On top of the elephants""], ""Ringmasters"": [""At the front of the stage""], ""Audience"": [""In the background""]}}, ""confidence"": 0.9342265936793055, ""recognition_status"": ""success"", ""processing_time"": 9.404827356338501}","Definition: In this task, draw tight bounding boxes around all ""Three elephants"" and ""Performers sitting on the elephants' backs"".
Emphasis & Caution: Focus on targets at ""Center stage"" and ""On top of the elephants"".
Things to Avoid: Do not annotate ""Stools under the elephants"", ""Circus ringmasters"", or ""Audience in the background""."
74996,"{""description"": ""A tennis player is in action on a grass court, preparing to hit the ball during a match."", ""details"": {""objects"": [""Tennis player"", ""Tennis racket"", ""Grass court"", ""Referee chair"", ""Bottles"", ""Spectator"", ""Slazenger logo""], ""scene"": ""Outdoor tennis match"", ""spatial_info"": {""Tennis player"": ""Center of the image, crouched and ready to hit the ball"", ""Tennis racket"": ""Held in the player's right hand"", ""Grass court"": ""Occupies the majority of the background"", ""Referee chair"": ""On the right side of the image, occupied by an official"", ""Bottles"": ""Placed on the referee's chair"", ""Spectator"": ""Partially visible at the bottom left corner"", ""Slazenger logo"": ""Visible on the wall behind the court""}}, ""confidence"": 0.9483078515359789, ""recognition_status"": ""success"", ""processing_time"": 14.160521507263184}","Definition: In this task, draw tight bounding boxes around all ""Tennis player"".
Emphasis & Caution: Focus on the ""Tennis player"" at the center of the image.
Things to Avoid: Do not annotate ""Tennis racket"", ""Grass court"", ""Referee chair"", ""Bottles"", ""Spectator"", or ""Slazenger logo""."
75243,"{""description"": ""A serene river scene with a boat navigating through a lush, mountainous landscape."", ""details"": {""objects"": [""boat"", ""mountains"", ""water""], ""scene"": ""natural landscape"", ""spatial_info"": {""boat"": ""center of the image, moving towards the viewer"", ""mountains"": ""surrounding the water, extending upwards"", ""water"": ""in front of the mountains, reflecting the surroundings""}}, ""confidence"": 0.9394201785998564, ""recognition_status"": ""success"", ""processing_time"": 7.902964353561401}","Definition: In this task, draw tight bounding boxes around all ""boat"".
Emphasis & Caution: Focus on the ""boat"" in the center of the image.
Things to Avoid: Do not annotate ""mountains"" or ""water""."
75479,"{""description"": ""A group of zebras is gathered on a dusty plain, with a few more zebras visible in the background amidst a hazy atmosphere."", ""details"": {""objects"": [""zebras"", ""dusty plain"", ""hazy atmosphere""], ""scene"": ""wilderness"", ""spatial_info"": {""zebras"": [{""position"": ""center""}, {""position"": ""left""}, {""position"": ""right""}], ""background_zebras"": [{""position"": ""far left""}, {""position"": ""far right""}]}}, ""confidence"": 0.9487844078834698, ""recognition_status"": ""success"", ""processing_time"": 9.547663450241089}","Definition: In this task, draw tight bounding boxes around all ""zebras"".
Emphasis & Caution: Focus on zebras at ""center"", ""left"", and ""right"".
Things to Avoid: Do not annotate ""dusty plain"" or ""hazy atmosphere""."
75691,"{""description"": ""Two seagulls perched on a railing near a body of water, with a blurred background suggesting a serene outdoor setting."", ""details"": {""objects"": [""Two seagulls"", ""Railing"", ""Body of water""], ""scene"": ""Outdoor scene"", ""spatial_info"": {""seagulls"": [""Perched on the railing""], ""railing"": [""Foreground object""], ""body_of_water"": [""Background""]}}, ""confidence"": 0.9524585012726139, ""recognition_status"": ""success"", ""processing_time"": 7.747068881988525}","Definition: In this task, draw tight bounding boxes around all ""Two seagulls"".
Emphasis & Caution: -
Things to Avoid: Do not annotate ""Railing"" or ""Body of water""."
75902,"{""description"": ""A V/Line train, numbered N462, is traveling on a railway track under an overpass with power lines above."", ""details"": {""objects"": [""V/Line train"", ""railway tracks"", ""overpass"", ""power lines"", ""trees"", ""grass""], ""scene"": ""railway station"", ""spatial_info"": {""train"": ""center"", ""tracks"": ""bottom"", ""overpass"": ""top left"", ""power lines"": ""above train"", ""trees"": ""background"", ""grass"": ""right side""}}, ""confidence"": 0.9434529133635364, ""recognition_status"": ""success"", ""processing_time"": 9.656724214553833}","Definition: In this task, draw tight bounding boxes around all ""V/Line train"".
Emphasis & Caution: Focus on the target at the ""center"".
Things to Avoid: Do not annotate ""railway tracks"", ""overpass"", ""power lines"", ""trees"", or ""grass""."
76160,"{""description"": ""A small single-engine aircraft is parked on an airport tarmac under a clear blue sky, with hangars in the background."", ""details"": {""objects"": [""small single-engine aircraft"", ""hangars"", ""airport tarmac"", ""clear blue sky""], ""scene"": ""airport"", ""spatial_info"": {""aircraft"": ""center"", ""hangars"": ""background"", ""tarmac"": ""foreground""}}, ""confidence"": 0.9645531931874318, ""recognition_status"": ""success"", ""processing_time"": 7.641837120056152}","Definition: In this task, draw tight bounding boxes around all ""small single-engine aircraft"".
Emphasis & Caution: Focus on the target at the ""center"".
Things to Avoid: Do not annotate ""hangars"", ""airport tarmac"", or ""clear blue sky""."
76487,"{""description"": ""A train station scene featuring a uniformed individual standing beside vintage-style passenger cars, with another person in an orange safety vest nearby."", ""details"": {""objects"": [""Uniformed individual"", ""Vintage passenger cars"", ""Safety vest"", ""Train tracks"", ""Concrete platform"", ""Trees in the background"", ""Orange structure on the left""], ""scene"": ""Railway station"", ""spatial_info"": {""Uniformed individual"": ""Center-left, standing near the train cars"", ""Safety vest individual"": ""Right side, partially visible"", ""Train cars"": ""Occupying most of the right side"", ""Tracks"": ""Running through the middle of the image"", ""Platform"": ""Foreground, extending from the bottom to the middle of the image"", ""Trees"": ""Background, behind the train cars"", ""Orange structure"": ""Left side, partially visible""}}, ""confidence"": 0.922661290348672, ""recognition_status"": ""success"", ""processing_time"": 12.930356502532959}","Definition: In this task, draw tight bounding boxes around all ""Uniformed individual"".
Emphasis & Caution: Focus on the target at ""Center-left"".
Things to Avoid: Do not annotate ""Vintage passenger cars"", ""Safety vest"", ""Train tracks"", ""Concrete platform"", ""Trees in the background"", or ""Orange structure on the left""."
76784,"{""description"": ""A skateboarder performs a trick on a brick plaza in front of a modern building and an obelisk."", ""details"": {""objects"": [""skateboarder performing a trick"", ""brick plaza"", ""modern building"", ""obelisk"", ""cars parked in the background"", ""trees"", ""sky with clouds""], ""scene"": ""urban street"", ""spatial_info"": {""skateboarder"": ""center of the image, mid-air"", ""brick plaza"": ""foreground"", ""modern building"": ""background"", ""obelisk"": ""left side of the image"", ""cars"": ""parked along the street behind the skateboarder"", ""trees"": ""behind the obelisk and cars"", ""sky"": ""above the entire scene""}}, ""confidence"": 0.9418572006762653, ""recognition_status"": ""success"", ""processing_time"": 12.302906274795532}","Definition: In this task, draw tight bounding boxes around all ""skateboarder performing a trick"".
Emphasis & Caution: Focus on the target at the ""center of the image, mid-air"".
Things to Avoid: Do not annotate ""brick plaza"", ""modern building"", ""obelisk"", ""cars parked in the background"", ""trees"", or ""sky with clouds""."
77050,"{""description"": ""A person is peeling a carrot in a kitchen setting."", ""details"": {""objects"": [""carrot"", ""peeler"", ""kitchen counter"", ""stove"", ""pan"", ""red cup"", ""spatula"", ""microwave"", ""window""], ""scene"": ""indoor scene"", ""spatial_info"": {""carrot"": ""being peeled by the person"", ""peeler"": ""in the person's hand"", ""kitchen counter"": ""where the carrot is placed"", ""stove"": ""with a pan on it"", ""red cup"": ""on the counter"", ""spatula"": ""near the red cup"", ""microwave"": ""on the counter"", ""window"": ""above the counter""}}, ""confidence"": 0.9521079061413078, ""recognition_status"": ""success"", ""processing_time"": 12.405151128768921}","Definition: In this task, draw tight bounding boxes around all ""carrot"" and ""peeler"".
Emphasis & Caution: -
Things to Avoid: Do not annotate ""kitchen counter"", ""stove"", ""pan"", ""red cup"", ""spatula"", ""microwave"", or ""window""."
77351,"{""description"": ""A vintage green bus labeled 'Southern National' is parked in front of a wooden building, with people standing nearby."", ""details"": {""objects"": [""vintage green bus"", ""wooden building"", ""people"", ""silver car"", ""trees"", ""sky""], ""scene"": ""urban street"", ""spatial_info"": {""bus"": ""center of the image"", ""people"": ""to the right of the bus"", ""building"": ""behind the bus"", ""car"": ""to the left of the bus"", ""trees"": ""in the background"", ""sky"": ""above the scene""}}, ""confidence"": 0.9539245503661093, ""recognition_status"": ""success"", ""processing_time"": 10.37630844116211}","Definition: In this task, draw tight bounding boxes around all ""vintage green bus"", ""people"", and ""silver car"".
Emphasis & Caution: ""vintage green bus"" in the center; ""people"" to the right of the bus.
Things to Avoid: Do not annotate ""wooden building"", ""trees"", or ""sky""."
77628,"{""description"": ""A police motorcade is lined up on a city street, with officers on motorcycles and vehicles in the background, surrounded by autumn foliage and urban architecture."", ""details"": {""objects"": [""Police motorcycles"", ""Police officers"", ""Cars"", ""Traffic cones"", ""Urban buildings"", ""Autumn trees"", ""Street signs"", ""Overpass""], ""scene"": ""Urban street"", ""spatial_info"": {""police motorcycles"": ""lined up along the street"", ""cars"": ""parked or moving behind the motorcycles"", ""traffic cones"": ""placed near the vehicles"", ""urban buildings"": ""on both sides of the street"", ""autumn trees"": ""lining the street"", ""street signs"": ""visible at intersections"", ""overpass"": ""spanning over the street""}}, ""confidence"": 0.9328910960167138, ""recognition_status"": ""success"", ""processing_time"": 12.359115600585938}","Definition: In this task, draw tight bounding boxes around all ""Police motorcycles"", ""Police officers"", and ""Cars"".
Emphasis & Caution: ""Police motorcycles"" lined up along the street.
Things to Avoid: Do not annotate ""Traffic cones"", ""Urban buildings"", ""Autumn trees"", ""Street signs"", or ""Overpass""."
77873,"{""description"": ""A group of children, some wearing race bibs, are gathered on a street, interacting playfully under the watchful eyes of adults in the background."", ""details"": {""objects"": [""Children"", ""Adults"", ""Race bibs"", ""Street"", ""Cars"", ""Backpack""], ""scene"": ""Urban street"", ""spatial_info"": {""Children"": [""Foreground""], ""Adults"": [""Background""], ""Cars"": [""Right side""], ""Backpack"": [""Left side""]}}, ""confidence"": 0.9395902498764481, ""recognition_status"": ""success"", ""processing_time"": 8.297142744064331}","Definition: In this task, draw tight bounding boxes around all ""Children"".
Emphasis & Caution: ""Children"" in the foreground, some wearing ""Race bibs"".
Things to Avoid: Do not annotate ""Adults"", ""Cars"", ""Backpack"", or ""Street""."
78089,"{""description"": ""A serene pastoral landscape featuring cows grazing in a lush green field surrounded by rolling hills under a clear blue sky."", ""details"": {""objects"": [""cows"", ""dog"", ""fence"", ""mountains"", ""trees"", ""grass"", ""sky""], ""scene"": ""rural countryside"", ""spatial_info"": {""cows"": [""grazing""], ""dog"": [""sitting near fence""], ""fence"": [""running along the foreground""], ""mountains"": [""in the background""], ""trees"": [""scattered throughout""], ""grass"": [""covering the ground""], ""sky"": [""blue with scattered clouds""]}}, ""confidence"": 0.9547469241079778, ""recognition_status"": ""success"", ""processing_time"": 10.585020542144775}","Definition: In this task, draw tight bounding boxes around all ""cows"".
Emphasis & Caution: ""cows"" grazing in the field.
Things to Avoid: Do not annotate ""dog"", ""fence"", ""mountains"", ""trees"", ""grass"", or ""sky""."
78400,"{""description"": ""A playful moment where a child is playfully styling an adult's hair, set in a cozy indoor environment."", ""details"": {""objects"": [""child"", ""adult"", ""hairbrush"", ""striped shirt"", ""bookshelf"", ""toys"", ""electronics""], ""scene"": ""indoor scene"", ""spatial_info"": {""child"": ""left side of the image, interacting with the adult"", ""adult"": ""seated, wearing a striped shirt, facing the child"", ""hairbrush"": ""being held by the child, positioned near the adult's head"", ""bookshelf"": ""filled with toys and electronics, located behind the adult"", ""toys"": ""various items on the bookshelf, including figurines and books"", ""electronics"": ""items like a television or monitor partially visible in the background""}}, ""confidence"": 0.9293997435631426, ""recognition_status"": ""success"", ""processing_time"": 12.95749282836914}","Definition: In this task, draw tight bounding boxes around all ""child"" and ""adult"".
Emphasis & Caution: ""adult"" wearing a ""striped shirt""; ""child"" interacting closely.
Things to Avoid: Do not annotate ""bookshelf"", ""toys"", or ""electronics""."
78614,"{""description"": ""Two men are engaged in a playful interaction, one adjusting the tie of the other in a casual indoor setting."", ""details"": {""objects"": [""man wearing glasses and a white shirt"", ""man wearing a cap and a black jacket"", ""yellow tie"", ""wooden wall"", ""brick wall"", ""pictures on the wall"", ""barrel of beer""], ""scene"": ""indoor scene"", ""spatial_info"": {""man wearing glasses and a white shirt"": ""left side of the image"", ""man wearing a cap and a black jacket"": ""right side of the image"", ""yellow tie"": ""being adjusted by the man on the left"", ""wooden wall"": ""behind the men"", ""brick wall"": ""to the right of the wooden wall"", ""pictures on the wall"": ""on the wooden wall"", ""barrel of beer"": ""on the right side, partially visible""}}, ""confidence"": 0.9441322211901855, ""recognition_status"": ""success"", ""processing_time"": 13.997172594070435}","Definition: In this task, draw tight bounding boxes around all ""man wearing glasses and a white shirt"" and ""man wearing a cap and a black jacket"".
Emphasis & Caution: ""yellow tie"" being adjusted between the two men.
Things to Avoid: Do not annotate ""wooden wall"", ""brick wall"", ""pictures on the wall"", or ""barrel of beer""."
78859,"{""description"": ""A close-up of a chocolate cake topped with whipped cream and a cherry, served on a plate in a caf¨¦ setting."", ""details"": {""objects"": [""Chocolate cake"", ""Whipped cream"", ""Cherry"", ""Plate"", ""Fork"", ""Caf¨¦ interior""], ""scene"": ""Indoor scene"", ""spatial_info"": {""Chocolate cake"": ""Center of the image"", ""Whipped cream"": ""On top of the cake"", ""Cherry"": ""Between the whipped cream"", ""Plate"": ""Under the cake"", ""Fork"": ""To the left of the plate"", ""Caf¨¦ interior"": ""Background with people and tables""}}, ""confidence"": 0.9564000015953452, ""recognition_status"": ""success"", ""processing_time"": 10.922960042953491}","Definition: In this task, draw tight bounding boxes around all ""Chocolate cake"".
Emphasis & Caution: ""Chocolate cake"" in the center with ""Whipped cream"" and ""Cherry"" on top.
Things to Avoid: Do not annotate ""Plate"", ""Fork"", or ""Caf¨¦ interior""."
79152,"{""description"": ""A man wearing a Penn State jacket is being interviewed by ESPN at a sporting event."", ""details"": {""objects"": [""man"", ""microphone"", ""ESPN logo"", ""Penn State jacket"", ""crowd"", ""stadium seating"", ""banners""], ""scene"": ""indoor sports arena"", ""spatial_info"": {""man"": ""center"", ""microphone"": ""in front of man"", ""ESPN logo"": ""on microphone"", ""Penn State jacket"": ""on man"", ""crowd"": ""background"", ""stadium seating"": ""background"", ""banners"": ""background""}}, ""confidence"": 0.950086030025822, ""recognition_status"": ""success"", ""processing_time"": 9.89438533782959}","Definition: In this task, draw tight bounding boxes around all ""man"" and ""microphone"".
Emphasis & Caution: ""man"" wearing a ""Penn State jacket""; ""ESPN logo"" on the ""microphone"".
Things to Avoid: Do not annotate ""crowd"", ""stadium seating"", or ""banners""."
79407,"{""description"": ""A black-and-white photo captures a dog mid-air, leaping to catch a frisbee in a grassy park setting."", ""details"": {""objects"": [""Dog"", ""Frisbee"", ""Grass"", ""Buildings"", ""Person""], ""scene"": ""Park"", ""spatial_info"": {""Dog"": ""Center"", ""Frisbee"": ""Above Dog"", ""Grass"": ""Foreground"", ""Buildings"": ""Background"", ""Person"": ""Far Background""}}, ""confidence"": 0.9605474063502851, ""recognition_status"": ""success"", ""processing_time"": 8.6322500705719}","Definition: In this task, draw tight bounding boxes around all ""Dog"" and ""Frisbee"".
Emphasis & Caution: ""Dog"" mid-air; ""Frisbee"" above the dog.
Things to Avoid: Do not annotate ""Grass"", ""Buildings"", or ""Person""."
79613,"{""description"": ""A chocolate-colored cake shaped like a shoe, placed on a marble-like plate."", ""details"": {""objects"": [""Chocolate shoe-shaped cake"", ""Marble-like plate""], ""scene"": ""Indoor scene"", ""spatial_info"": {""cake"": ""center of the plate"", ""plate"": ""entire image""}}, ""confidence"": 0.9455353196037735, ""recognition_status"": ""success"", ""processing_time"": 6.172307252883911}","Definition: In this task, draw tight bounding boxes around all ""Chocolate shoe-shaped cake"".
Emphasis & Caution: -
Things to Avoid: Do not annotate ""Marble-like plate""."
79878,"{""description"": ""A bathroom scene featuring a toilet with scattered toilet paper on the floor, a plunger, and a partially visible shower curtain."", ""details"": {""objects"": [""Toilet"", ""Scattered toilet paper"", ""Plunger"", ""Toilet paper holder"", ""Shower curtain""], ""scene"": ""Indoor scene"", ""spatial_info"": {""Toilet"": ""Left side of the image"", ""Scattered toilet paper"": ""On the floor around the toilet"", ""Plunger"": ""Between the toilet and the wall"", ""Toilet paper holder"": ""Attached to the wall"", ""Shower curtain"": ""Partially visible on the right side""}}, ""confidence"": 0.956332607929627, ""recognition_status"": ""success"", ""processing_time"": 10.699759244918823}","Definition: In this task, draw tight bounding boxes around all ""Toilet"" and ""Plunger"".
Emphasis & Caution: ""Toilet"" on the left side.
Things to Avoid: Do not annotate ""Scattered toilet paper"", ""Toilet paper holder"", or ""Shower curtain""."
80096,"{""description"": ""A freight train, led by a yellow locomotive numbered 311, travels through a wooded railway track under a clear blue sky."", ""details"": {""objects"": [""freight train"", ""locomotive"", ""trees"", ""railway tracks"", ""clear blue sky""], ""scene"": ""rural railway"", ""spatial_info"": {""locomotive"": ""center"", ""trees"": ""surrounding the tracks"", ""tracks"": ""running through the center"", ""sky"": ""above the scene""}}, ""confidence"": 0.9495611002108589, ""recognition_status"": ""success"", ""processing_time"": 9.0145845413208}","Definition: In this task, draw tight bounding boxes around all ""freight train"" and ""locomotive"".
Emphasis & Caution: ""locomotive"" in the center.
Things to Avoid: Do not annotate ""trees"", ""railway tracks"", or ""clear blue sky""."
80337,"{""description"": ""A man stands amidst banana plants, holding bunches of green bananas."", ""details"": {""objects"": [""man wearing a blue t-shirt and red cap"", ""green bananas"", ""banana plants"", ""trees""], ""scene"": ""farm or plantation"", ""spatial_info"": {""man"": ""center of the image"", ""bananas"": ""in his hands"", ""banana plants"": ""surrounding the man"", ""trees"": ""in the background""}}, ""confidence"": 0.9545006266224373, ""recognition_status"": ""success"", ""processing_time"": 7.993916273117065}","Definition: In this task, draw tight bounding boxes around all ""man wearing a blue t-shirt and red cap"".
Emphasis & Caution: ""man"" in the center holding ""green bananas"".
Things to Avoid: Do not annotate ""banana plants"" or ""trees""."
80541,"{""description"": ""A person is lying on the floor with surfboards leaning against the wall behind them."", ""details"": {""objects"": [""Person lying on the floor"", ""Wooden surfboard"", ""Blue inflatable surfboard cover""], ""scene"": ""Indoor scene"", ""spatial_info"": {""person"": ""On the floor, facing upwards"", ""surfboard"": ""Leaning against the wall"", ""inflatable cover"": ""Leaning against the wall next to the surfboard""}}, ""confidence"": 0.9544661727907803, ""recognition_status"": ""success"", ""processing_time"": 7.972537994384766}","Definition: In this task, draw tight bounding boxes around all ""Person lying on the floor"".
Emphasis & Caution: -
Things to Avoid: Do not annotate ""Wooden surfboard"" or ""Blue inflatable surfboard cover""."
80798,"{""description"": ""A single purple and white Lisianthus flower is displayed in a small, rectangular vase on a wooden floor against a light-colored wall."", ""details"": {""objects"": [""Purple and white Lisianthus flower"", ""Small rectangular vase"", ""Wooden floor"", ""Light-colored wall""], ""scene"": ""Indoor scene"", ""spatial_info"": {""flower"": ""Centered in the image"", ""vase"": ""Placed on the wooden floor"", ""wall"": ""In the background""}}, ""confidence"": 0.9545840063990204, ""recognition_status"": ""success"", ""processing_time"": 8.208951950073242}","Definition: In this task, draw tight bounding boxes around all ""Purple and white Lisianthus flower"".
Emphasis & Caution: -
Things to Avoid: Do not annotate ""Small rectangular vase"", ""Wooden floor"", or ""Light-colored wall""."
81043,"{""description"": ""A bathroom setting featuring wall-mounted mirrors, soap dispensers, and tiled walls."", ""details"": {""objects"": [""Wall-mounted mirrors"", ""Soap dispensers"", ""Tiled walls""], ""scene"": ""Indoor scene"", ""spatial_info"": {""mirrors"": [""Left mirror is smaller and positioned higher than the central mirror."", ""Central mirror is larger and centrally located."", ""Right mirror is partially visible on the far right side.""], ""soap dispensers"": [""One dispenser is on the left side near the bottom."", ""Another dispenser is on the right side near the bottom.""], ""tiles"": [""White tiles cover the wall behind the mirrors and dispensers.""]}}, ""confidence"": 0.9344290322772308, ""recognition_status"": ""success"", ""processing_time"": 10.47493290901184}","Definition: In this task, draw tight bounding boxes around all ""Wall-mounted mirrors"" and ""Soap dispensers"".
Emphasis & Caution: -
Things to Avoid: Do not annotate ""Tiled walls""."
81287,"{""description"": ""A vintage trolley car is parked on a street, surrounded by palm trees and festive decorations."", ""details"": {""objects"": [""vintage trolley car"", ""palm trees"", ""decorative string lights"", ""American flag"", ""British flag"", ""white SUV"", ""car mirror""], ""scene"": ""urban street"", ""spatial_info"": {""trolley car"": ""center of the image"", ""palm trees"": ""background"", ""decorative string lights"": ""above the trolley car"", ""American flag"": ""left side of the image"", ""British flag"": ""center background"", ""white SUV"": ""left side of the image"", ""car mirror"": ""bottom right corner""}}, ""confidence"": 0.9495624684572609, ""recognition_status"": ""success"", ""processing_time"": 11.404598712921143}","Definition: In this task, draw tight bounding boxes around the ""vintage trolley car"" and the ""white SUV"".
Emphasis & Caution: Focus on the ""vintage trolley car"" at the center of the image.
Things to Avoid: Do not annotate ""palm trees"", ""decorative string lights"", ""American flag"", ""British flag"", or ""car mirror""."
81555,"{""description"": ""A yellow locomotive pulling freight cars is stopped at a train station platform, with passengers waiting on the left side and two individuals in high-visibility vests conversing on the right."", ""details"": {""objects"": [""yellow locomotive"", ""freight cars"", ""train station platform"", ""passengers"", ""two individuals in high-visibility vests"", ""trees"", ""station building""], ""scene"": ""railway station"", ""spatial_info"": {""locomotive"": ""center"", ""freight cars"": ""attached to locomotive"", ""platform"": ""left side"", ""passengers"": ""left side"", ""individuals in high-visibility vests"": ""right side"", ""trees"": ""background"", ""station building"": ""background""}}, ""confidence"": 0.9498895148107007, ""recognition_status"": ""success"", ""processing_time"": 11.933342933654785}","Definition: In this task, draw tight bounding boxes around the ""yellow locomotive"", ""freight cars"", ""passengers"", and ""two individuals in high-visibility vests"".
Emphasis & Caution: Focus on the ""yellow locomotive"" in the center and the ""two individuals in high-visibility vests"" on the right side.
Things to Avoid: Do not annotate ""trees"" or the ""station building""."
81799,"{""description"": ""A train is stopped at a station platform, with another train partially visible on adjacent tracks."", ""details"": {""objects"": [""train"", ""station platform"", ""tracks"", ""pillar"", ""people"", ""building""], ""scene"": ""railway station"", ""spatial_info"": {""train"": ""center-left"", ""station platform"": ""left"", ""tracks"": ""center"", ""pillar"": ""left"", ""people"": ""far left"", ""building"": ""background""}}, ""confidence"": 0.9409860361563834, ""recognition_status"": ""success"", ""processing_time"": 8.59076189994812}","Definition: In this task, draw tight bounding boxes around the ""train"" and the ""people"".
Emphasis & Caution: Focus on the ""train"" on the center-left and the ""people"" on the far left.
Things to Avoid: Do not annotate the ""station platform"", ""tracks"", ""pillar"", or ""building""."
82048,"{""description"": ""A black-and-white photograph captures a snowy ski slope bustling with skiers under a dramatic sky, with distant mountains and trees framing the landscape."", ""details"": {""objects"": [""Skiers on the slope"", ""Snow-covered ground"", ""Trees scattered across the landscape"", ""Distant mountain range"", ""Overcast sky""], ""scene"": ""Ski resort"", ""spatial_info"": {""skiers"": ""Foreground and midground"", ""trees"": ""Midground and background"", ""mountains"": ""Background"", ""sky"": ""Above the entire scene""}}, ""confidence"": 0.9392498529778662, ""recognition_status"": ""success"", ""processing_time"": 9.137564420700073}","Definition: In this task, draw tight bounding boxes around all ""Skiers on the slope"".
Emphasis & Caution: -
Things to Avoid: Do not annotate ""Snow-covered ground"", ""Trees scattered across the landscape"", ""Distant mountain range"", or ""Overcast sky""."
82312,"{""description"": ""A street scene featuring bicycles, a motorcycle, a dog, and a person wearing a traditional hat and clothing standing near a shop entrance."", ""details"": {""objects"": [""bicycles"", ""motorcycle"", ""dog"", ""person"", ""shop entrance"", ""tires"", ""basket"", ""sign""], ""scene"": ""urban street"", ""spatial_info"": {""bicycles"": [""left side""], ""motorcycle"": [""center""], ""dog"": [""walking between bicycles""], ""person"": [""right side""], ""tires"": [""hanging on wall""], ""basket"": [""attached to bicycle""], ""sign"": [""visible on shop""]}}, ""confidence"": 0.9467156124295919, ""recognition_status"": ""success"", ""processing_time"": 10.680428266525269}","Definition: In this task, draw tight bounding boxes around all ""bicycles"", the ""motorcycle"", the ""dog"", and the ""person"".
Emphasis & Caution: Focus on the ""motorcycle"" in the center and the ""person"" on the right side.
Things to Avoid: Do not annotate the ""shop entrance"", ""tires"", ""basket"", or ""sign""."
82585,"{""description"": ""A beach scene featuring a boat, a tent, and a small structure with a thatched roof, along with some people and vehicles in the background."", ""details"": {""objects"": [""boat"", ""tent"", ""thatched-roof structure"", ""people"", ""vehicles""], ""scene"": ""beach"", ""spatial_info"": {""boat"": ""left side"", ""tent"": ""center"", ""thatched-roof structure"": ""right side"", ""people"": ""background"", ""vehicles"": ""background""}}, ""confidence"": 0.939783030472926, ""recognition_status"": ""success"", ""processing_time"": 8.750742673873901}","Definition: In this task, draw tight bounding boxes around the ""boat"", the ""tent"", and the ""thatched-roof structure"".
Emphasis & Caution: Focus on the ""boat"" on the left, the ""tent"" in the center, and the ""thatched-roof structure"" on the right.
Things to Avoid: Do not annotate ""people"" or ""vehicles""."
82805,"{""description"": ""A person is using chopsticks to pick up a bowl of roasted peanuts on a wooden table."", ""details"": {""objects"": [""bowl of roasted peanuts"", ""chopsticks"", ""wooden table"", ""stacked bowls"", ""plate"", ""hand holding chopsticks""], ""scene"": ""indoor scene"", ""spatial_info"": {""bowl of roasted peanuts"": ""center of the image, on the wooden table"", ""chopsticks"": ""in hand, positioned above the bowl"", ""wooden table"": ""background and foreground"", ""stacked bowls"": ""to the right of the bowl"", ""plate"": ""behind the bowl"", ""hand holding chopsticks"": ""top right corner""}}, ""confidence"": 0.9442161140036156, ""recognition_status"": ""success"", ""processing_time"": 11.466791152954102}","Definition: In this task, draw tight bounding boxes around the ""bowl of roasted peanuts"" and the ""hand holding chopsticks"".
Emphasis & Caution: Focus on the ""bowl of roasted peanuts"" at the center and the ""hand holding chopsticks"" in the top right corner.
Things to Avoid: Do not annotate the ""wooden table"", ""stacked bowls"", or ""plate""."
83036,"{""description"": ""A classroom setting where a presentation is being given, with a projector screen displaying 'Social [learning] objects and Cloudworks' by Chris Pegler and Juliette Culver."", ""details"": {""objects"": [""Projector screen"", ""Laptop computers"", ""Whiteboard"", ""Chairs"", ""Coffee cup"", ""Papers"", ""Speaker"", ""Projector""], ""scene"": ""Indoor scene"", ""spatial_info"": {""Projector screen"": ""Center of the room, above the whiteboard"", ""Laptop computers"": ""On the tables in front of the audience"", ""Whiteboard"": ""On the wall to the left"", ""Chairs"": ""Arranged around the tables"", ""Coffee cup"": ""On the table in front of the audience"", ""Papers"": ""Scattered on the tables"", ""Speaker"": ""On the right side of the room"", ""Projector"": ""Not directly visible but implied by the setup""}}, ""confidence"": 0.9396395871505797, ""recognition_status"": ""success"", ""processing_time"": 14.579284906387329}","Definition: In this task, draw tight bounding boxes around the ""Speaker"".
Emphasis & Caution: Focus on the ""Speaker"" on the right side of the room.
Things to Avoid: Do not annotate the ""Projector screen"", ""Laptop computers"", ""Whiteboard"", ""Chairs"", ""Coffee cup"", ""Papers"", or ""Projector""."
83275,"{""description"": ""A baseball game is in progress, with a batter at the plate preparing to hit, a catcher crouched behind him, and an umpire positioned behind the catcher."", ""details"": {""objects"": [""batter"", ""catcher"", ""umpire"", ""baseball bat"", ""home plate"", ""baseball field""], ""scene"": ""baseball game"", ""spatial_info"": {""batter"": ""standing at home plate, facing the pitcher"", ""catcher"": ""crouched behind home plate, wearing protective gear"", ""umpire"": ""standing behind the catcher, observing the play"", ""baseball bat"": ""held by the batter, positioned above the home plate"", ""home plate"": ""located at the center of the image, where the batter stands"", ""baseball field"": ""visible with dirt and grass areas surrounding the home plate area""}}, ""confidence"": 0.9504734021962795, ""recognition_status"": ""success"", ""processing_time"": 12.91085147857666}","Definition: In this task, draw tight bounding boxes around the ""batter"", the ""catcher"", and the ""umpire"".
Emphasis & Caution: Focus on the ""batter"" at home plate and the ""catcher"" crouched behind him.
Things to Avoid: Do not annotate the ""baseball bat"", ""home plate"", or ""baseball field""."
83548,"{""description"": ""A giraffe is seen in an enclosure, with a cityscape visible in the background under a cloudy sky."", ""details"": {""objects"": [""Giraffe"", ""Fence"", ""Feeding basket"", ""Trees"", ""City skyline""], ""scene"": ""Outdoor zoo or wildlife park"", ""spatial_info"": {""Giraffe"": ""Center-right"", ""Fence"": ""Foreground"", ""Feeding basket"": ""Top-right"", ""Trees"": ""Left and right sides"", ""City skyline"": ""Background""}}, ""confidence"": 0.9456748914529154, ""recognition_status"": ""success"", ""processing_time"": 8.76072907447815}","Definition: In this task, draw tight bounding boxes around the ""Giraffe"".
Emphasis & Caution: Focus on the ""Giraffe"" at the center-right.
Things to Avoid: Do not annotate the ""Fence"", ""Feeding basket"", ""Trees"", or ""City skyline""."
83754,"{""description"": ""A large elephant stands on a dirt path surrounded by sparse vegetation."", ""details"": {""objects"": [""elephant"", ""dirt path"", ""vegetation""], ""scene"": ""wilderness"", ""spatial_info"": {""elephant"": ""center"", ""dirt_path"": ""middle"", ""vegetation"": ""surrounding""}}, ""confidence"": 0.967501042715129, ""recognition_status"": ""success"", ""processing_time"": 6.4508771896362305}","Definition: In this task, draw tight bounding boxes around the ""elephant"".
Emphasis & Caution: Focus on the ""elephant"" at the center.
Things to Avoid: Do not annotate the ""dirt path"" or ""vegetation""."
83996,"{""description"": ""A surfer rides a wave under a bright blue sky, with other surfers visible in the background."", ""details"": {""objects"": [""surfer on a wave"", ""surfboard"", ""ocean waves"", ""other surfers in the background"", ""blue sky""], ""scene"": ""beach"", ""spatial_info"": {""surfer"": ""center of the image, riding a wave"", ""surfboard"": ""underneath the surfer"", ""waves"": ""in the middle and foreground"", ""other surfers"": ""in the background"", ""sky"": ""above the scene""}}, ""confidence"": 0.9446110605954593, ""recognition_status"": ""success"", ""processing_time"": 9.826157331466675}","Definition: In this task, draw tight bounding boxes around the ""surfer on a wave"".
Emphasis & Caution: Focus on the ""surfer on a wave"" in the center of the image.
Things to Avoid: Do not annotate the ""ocean waves"", ""other surfers in the background"", or ""blue sky""."
84211,"{""description"": ""Five women are gathered around a large cake in what appears to be a library setting, celebrating an event or milestone."", ""details"": {""objects"": [""large rectangular cake with white frosting and black text"", ""library shelves filled with books"", ""desk lamps"", ""computer monitors"", ""library patrons in the background""], ""scene"": ""indoor scene"", ""spatial_info"": {""cake"": ""centered on a table"", ""women"": ""standing behind the cake"", ""library shelves"": ""in the background"", ""lamps"": ""on desks near the women"", ""monitors"": ""on desks further back""}}, ""confidence"": 0.9232776354073798, ""recognition_status"": ""success"", ""processing_time"": 10.075300931930542}","Definition: In this task, draw tight bounding boxes around the ""large rectangular cake with white frosting and black text"".
Emphasis & Caution: Focus on the cake centered on the table.
Things to Avoid: Do not annotate ""library shelves filled with books"", ""desk lamps"", ""computer monitors"", or ""library patrons in the background""."
84463,"{""description"": ""A man is closely examining three wine glasses, likely assessing their quality or characteristics."", ""details"": {""objects"": [""Three wine glasses"", ""Man wearing a dark blue shirt with small polka dots""], ""scene"": ""Outdoor setting"", ""spatial_info"": {""wine glasses"": ""In front of the man, held by his hands"", ""man"": ""Centered in the image, holding the wine glasses""}}, ""confidence"": 0.9398445699415574, ""recognition_status"": ""success"", ""processing_time"": 7.185178279876709}","Definition: In this task, draw tight bounding boxes around the ""Man wearing a dark blue shirt with small polka dots"" and the ""Three wine glasses"".
Emphasis & Caution: Focus on the man centered in the image holding the glasses.
Things to Avoid: -"
84694,"{""description"": ""A group of people is seated around a long wooden table in a dimly lit, stone-walled room, enjoying a meal together."", ""details"": {""objects"": [""long wooden table"", ""people sitting at the table"", ""bottles on the table"", ""plates with food"", ""chairs"", ""stone walls"", ""lighting fixtures hanging from the ceiling""], ""scene"": ""indoor scene"", ""spatial_info"": {""table"": ""center of the image"", ""people"": ""seated around the table"", ""bottles"": ""placed along the table"", ""plates"": ""on the table"", ""chairs"": ""around the table"", ""stone walls"": ""surrounding the room"", ""lighting fixtures"": ""hanging from the ceiling""}}, ""confidence"": 0.951658269861036, ""recognition_status"": ""success"", ""processing_time"": 12.460854053497314}","Definition: In this task, draw tight bounding boxes around all ""people sitting at the table"".
Emphasis & Caution: Focus on ""people"" seated around the ""long wooden table"".
Things to Avoid: Do not annotate ""long wooden table"", ""bottles on the table"", ""plates with food"", ""chairs"", ""stone walls"", or ""lighting fixtures hanging from the ceiling""."
84901,"{""description"": ""Two cats are perched on a windowsill, gazing out at a forested view."", ""details"": {""objects"": [""Two cats"", ""Windowsill"", ""Window frame"", ""Forest outside""], ""scene"": ""Indoor scene"", ""spatial_info"": {""cats"": [""One cat is orange, the other is brown."", ""Both cats are facing away from the camera, looking out the window.""], ""windowsill"": [""Wooden windowsill"", ""Extends horizontally across the image""], ""window frame"": [""Visible around the window"", ""Brown wooden frame""], ""forest"": [""Evergreen trees visible through the window""]}}, ""confidence"": 0.9308612540347738, ""recognition_status"": ""success"", ""processing_time"": 10.053618669509888}","Definition: In this task, draw tight bounding boxes around all ""Two cats"".
Emphasis & Caution: One cat is ""orange"" and the other is ""brown"", both on the ""Windowsill"".
Things to Avoid: Do not annotate ""Windowsill"", ""Window frame"", or ""Forest outside""."
85162,"{""description"": ""A horse is partially visible through a small window in a red brick wall, with a tiled roof above."", ""details"": {""objects"": [""brick wall"", ""window"", ""horse"", ""tile roof""], ""scene"": ""rural farm setting"", ""spatial_info"": {""brick wall"": ""central focus"", ""window"": ""centered on the wall"", ""horse"": ""peeking through the window"", ""tile roof"": ""above the wall""}}, ""confidence"": 0.9441153990154751, ""recognition_status"": ""success"", ""processing_time"": 9.660351753234863}","Definition: In this task, draw tight bounding boxes around the ""horse"".
Emphasis & Caution: The ""horse"" is partially visible, peeking through the ""window"".
Things to Avoid: Do not annotate ""brick wall"", ""window"", or ""tile roof""."
85403,"{""description"": ""A black-and-white cat sits on a windowsill, looking directly at the camera through a window with peeling paint."", ""details"": {""objects"": [""black-and-white cat"", ""windowsill"", ""window"", ""peeling paint""], ""scene"": ""indoor scene"", ""spatial_info"": {""cat"": ""sitting on the windowsill"", ""window"": ""frame is visible with peeling paint"", ""background"": ""indoor setting with some furniture and items partially visible through the window""}}, ""confidence"": 0.9303060012804314, ""recognition_status"": ""success"", ""processing_time"": 10.410221576690674}","Definition: In this task, draw tight bounding boxes around the ""black-and-white cat"".
Emphasis & Caution: The ""black-and-white cat"" is sitting on the ""windowsill"" and facing the camera.
Things to Avoid: Do not annotate ""windowsill"", ""window"", or ""peeling paint""."
85657,"{""description"": ""A black-and-white photograph captures a shepherd leading a flock of sheep across a rural landscape, with rolling hills and sparse vegetation in the background."", ""details"": {""objects"": [""sheep"", ""shepherd"", ""fence"", ""hills"", ""vegetation"", ""pole""], ""scene"": ""rural scene"", ""spatial_info"": {""sheep"": ""in the foreground, moving towards the right"", ""shepherd"": ""standing among the sheep, facing forward"", ""fence"": ""running horizontally behind the sheep"", ""hills"": ""in the background, extending across the horizon"", ""vegetation"": ""scattered shrubs and grass on the hills"", ""pole"": ""a vertical structure near the left edge of the image""}}, ""confidence"": 0.9450950411452579, ""recognition_status"": ""success"", ""processing_time"": 14.585326194763184}","Definition: In this task, draw tight bounding boxes around all ""sheep"" and the ""shepherd"".
Emphasis & Caution: Focus on ""sheep"" in the foreground and the ""shepherd"" standing among them.
Things to Avoid: Do not annotate ""fence"", ""hills"", ""vegetation"", or ""pole""."
85886,"{""description"": ""A pug dog is sitting on a wooden bench next to a thermos and a snack bag, with a chain leash attached."", ""details"": {""objects"": [""pug dog"", ""wooden bench"", ""thermos"", ""snack bag"", ""chain leash""], ""scene"": ""outdoor park or garden"", ""spatial_info"": {""pug dog"": ""sitting on the bench"", ""thermos"": ""placed on the bench"", ""snack bag"": ""next to the thermos"", ""chain leash"": ""attached to the dog's collar""}}, ""confidence"": 0.9599152553583123, ""recognition_status"": ""success"", ""processing_time"": 11.324190378189087}","Definition: In this task, draw tight bounding boxes around the ""pug dog"".
Emphasis & Caution: The ""pug dog"" is sitting on the ""wooden bench"".
Things to Avoid: Do not annotate ""wooden bench"", ""thermos"", ""snack bag"", or ""chain leash""."
86139,"{""description"": ""A black dog is lying on a bed, partially obscured by a wooden bunk bed frame."", ""details"": {""objects"": [""black dog"", ""wooden bunk bed frame"", ""bed with white sheets and blue mattress"", ""red and white checkered blanket""], ""scene"": ""indoor scene"", ""spatial_info"": {""dog"": ""lying on the bed, partially under the wooden frame"", ""bunk bed frame"": ""horizontal across the middle of the image"", ""bed"": ""occupied by the dog, with white sheets and blue mattress"", ""blanket"": ""placed on the bed, partially covering the dog""}}, ""confidence"": 0.9368599551873943, ""recognition_status"": ""success"", ""processing_time"": 11.95991325378418}","Definition: In this task, draw tight bounding boxes around the ""black dog"".
Emphasis & Caution: The ""black dog"" is lying on the bed and partially obscured by the ""wooden bunk bed frame"".
Things to Avoid: Do not annotate ""wooden bunk bed frame"", ""bed with white sheets and blue mattress"", or ""red and white checkered blanket""."
86426,"{""description"": ""A home office setup featuring a desk with a computer, speakers, a laptop, and various accessories."", ""details"": {""objects"": [""desk"", ""computer monitor"", ""keyboard"", ""mouse"", ""mug"", ""laptop"", ""speaker"", ""headphones"", ""desk chair"", ""desk organizer"", ""cables""], ""scene"": ""indoor scene"", ""spatial_info"": {""desk"": ""center"", ""chair"": ""left side"", ""computer monitor"": ""center"", ""keyboard"": ""in front of monitor"", ""mouse"": ""to the right of keyboard"", ""mug"": ""on desk to the right of keyboard"", ""laptop"": ""on desk to the right"", ""speaker"": ""on either side of monitor"", ""headphones"": ""on desk near left side"", ""desk organizer"": ""under desk"", ""cables"": ""behind desk""}}, ""confidence"": 0.9466690654804363, ""recognition_status"": ""success"", ""processing_time"": 17.42350745201111}","Definition: In this task, draw tight bounding boxes around the ""computer monitor"" and the ""laptop"".
Emphasis & Caution: -
Things to Avoid: -"
86678,"{""description"": ""A group of people is gathered at an airport baggage claim area, surrounded by numerous suitcases on a luggage cart."", ""details"": {""objects"": [""luggage cart"", ""suitcases"", ""people"", ""airport terminal"", ""vehicles""], ""scene"": ""airport baggage claim"", ""spatial_info"": {""luggage cart"": ""on the left side of the image"", ""suitcases"": ""stacked on the luggage cart and scattered around"", ""people"": ""standing near the luggage cart"", ""airport terminal"": ""in the background"", ""vehicles"": ""parked in the distance""}}, ""confidence"": 0.9434119491274678, ""recognition_status"": ""success"", ""processing_time"": 10.571687936782837}","Definition: In this task, draw tight bounding boxes around all ""people"".
Emphasis & Caution: The ""people"" are standing near the ""luggage cart"".
Things to Avoid: Do not annotate ""luggage cart"", ""suitcases"", ""airport terminal"", or ""vehicles""."
86916,"{""description"": ""A close-up of a floral arrangement featuring pink chrysanthemums, a red rose, and green leaves in a colorful vase."", ""details"": {""objects"": [""Pink chrysanthemum"", ""Red rose"", ""Green leaves"", ""Colorful vase""], ""scene"": ""Indoor scene"", ""spatial_info"": {""vase"": ""Centered in the image, slightly tilted"", ""flowers"": ""Arranged within the vase"", ""background"": ""White wall and wooden floor""}}, ""confidence"": 0.9500546026052563, ""recognition_status"": ""success"", ""processing_time"": 8.60819935798645}","Definition: In this task, draw tight bounding boxes around the ""Pink chrysanthemum"" and the ""Red rose"".
Emphasis & Caution: -
Things to Avoid: Do not annotate ""Green leaves"" or ""Colorful vase""."
87205,"{""description"": ""A cluttered office desk setup with a computer monitor, keyboard, mouse, and various papers pinned to a dark blue wall."", ""details"": {""objects"": [""Computer monitor"", ""Keyboard"", ""Mouse"", ""Desk"", ""Papers"", ""Wall"", ""Lighting fixtures"", ""Chair""], ""scene"": ""Indoor scene"", ""spatial_info"": {""computer_monitor"": ""Center of the desk"", ""keyboard"": ""Below the monitor"", ""mouse"": ""To the right of the keyboard"", ""papers"": ""Attached to the wall behind the desk"", ""wall"": ""Dark blue, covering the back wall"", ""lighting_fixtures"": ""Ceiling-mounted, providing overhead light"", ""chair"": ""Partially visible on the left side of the desk""}}, ""confidence"": 0.9421374882926505, ""recognition_status"": ""success"", ""processing_time"": 11.877300500869751}","Definition: In this task, draw tight bounding boxes around the ""Computer monitor"", ""Keyboard"", and ""Mouse"".
Emphasis & Caution: -
Things to Avoid: Do not annotate ""Desk"", ""Papers"", ""Wall"", ""Lighting fixtures"", or ""Chair""."
87435,"{""description"": ""A red bus adorned with anime-style graphics is driving on a city street, promoting 'Culture Japan Con' event."", ""details"": {""objects"": [""Red bus"", ""Anime character graphic"", ""Street"", ""Trees"", ""Bus stop"", ""Bicycles"", ""People sitting at bus stop""], ""scene"": ""Urban street"", ""spatial_info"": {""bus"": ""Center of the image, moving forward"", ""trees"": ""On both sides of the street"", ""bus stop"": ""Right side of the image"", ""people"": ""Sitting at the bus stop""}}, ""confidence"": 0.9394477049499299, ""recognition_status"": ""success"", ""processing_time"": 9.607637405395508}","Definition: In this task, draw tight bounding boxes around the ""Red bus"" and ""People sitting at bus stop"".
Emphasis & Caution: Focus on the ""Red bus"" in the center and ""People sitting at bus stop"" on the right side.
Things to Avoid: Do not annotate ""Street"", ""Trees"", ""Bus stop"", or ""Bicycles""."
87655,"{""description"": ""A young child wearing a blue crown and a bib is being fed a slice of pizza by an adult."", ""details"": {""objects"": [""child"", ""blue crown"", ""bib"", ""slice of pizza"", ""adult's hand""], ""scene"": ""indoor scene"", ""spatial_info"": {""child"": ""center"", ""blue crown"": ""on head"", ""bib"": ""around neck"", ""slice of pizza"": ""in front of mouth"", ""adult's hand"": ""holding pizza slice""}}, ""confidence"": 0.96565579170673, ""recognition_status"": ""success"", ""processing_time"": 8.715256214141846}","Definition: In this task, draw tight bounding boxes around the ""child"".
Emphasis & Caution: Focus on the ""blue crown"" and ""bib"".
Things to Avoid: Do not annotate ""slice of pizza"" or ""adult's hand""."
87956,"{""description"": ""A surfer walks along a sandy beach carrying a surfboard under a clear blue sky."", ""details"": {""objects"": [""surfer"", ""surfboard"", ""sand"", ""ocean"", ""waves"", ""clear blue sky""], ""scene"": ""beach"", ""spatial_info"": {""surfer"": ""walking on the sand, holding surfboard"", ""surfboard"": ""being carried by the surfer"", ""sand"": ""extending from the foreground to the middle ground"", ""ocean"": ""in the background with waves rolling in"", ""clear blue sky"": ""covering the upper part of the image""}}, ""confidence"": 0.9546252000412673, ""recognition_status"": ""success"", ""processing_time"": 10.229056119918823}","Definition: In this task, draw tight bounding boxes around the ""surfer"".
Emphasis & Caution: The ""surfer"" is walking on the sand while holding a ""surfboard"".
Things to Avoid: Do not annotate ""sand"", ""ocean"", ""waves"", or ""clear blue sky""."
88225,"{""description"": ""A bustling urban street scene featuring a red double-decker bus, a black truck, and pedestrians amidst greenery and historic architecture."", ""details"": {""objects"": [""red double-decker bus"", ""black truck"", ""pedestrians"", ""green grass"", ""trees"", ""buildings"", ""traffic lights"", ""cars""], ""scene"": ""urban street"", ""spatial_info"": {""red double-decker bus"": ""right side of the image"", ""black truck"": ""center of the image"", ""pedestrians"": ""midground near the road"", ""green grass"": ""foreground"", ""trees"": ""background"", ""buildings"": ""left background"", ""traffic lights"": ""midground near the road"", ""cars"": ""left background""}}, ""confidence"": 0.9501335338512497, ""recognition_status"": ""success"", ""processing_time"": 12.174033880233765}","Definition: In this task, draw tight bounding boxes around the ""red double-decker bus"", ""black truck"", and ""pedestrians"".
Emphasis & Caution: -
Things to Avoid: Do not annotate ""green grass"", ""trees"", ""buildings"", ""traffic lights"", or ""cars""."
88527,"{""description"": ""A close-up image of a person wearing a blue checkered shirt and a red striped tie."", ""details"": {""objects"": [""Blue checkered shirt"", ""Red striped tie""], ""scene"": ""Indoor scene"", ""spatial_info"": {""shirt"": ""Centered, covering most of the image"", ""tie"": ""Attached to the shirt, positioned centrally""}}, ""confidence"": 0.95118588233778, ""recognition_status"": ""success"", ""processing_time"": 6.801619291305542}","Definition: In this task, draw tight bounding boxes around all ""Blue checkered shirt"" and ""Red striped tie"".
Emphasis & Caution: Centered ""Blue checkered shirt"" with attached ""Red striped tie"".
Things to Avoid: Do not annotate ""Indoor scene""."
88784,"{""description"": ""A dog is mid-air catching a frisbee near a body of water, with another dog watching nearby."", ""details"": {""objects"": [""Dog catching frisbee"", ""Dog watching"", ""Body of water"", ""Dirt ground""], ""scene"": ""Outdoor recreational area"", ""spatial_info"": {""Dog catching frisbee"": ""In the air, above the ground"", ""Dog watching"": ""On the ground, facing the dog catching the frisbee"", ""Body of water"": ""In the background, behind the dogs"", ""Dirt ground"": ""Underneath the dogs and extending to the edge of the water""}}, ""confidence"": 0.9416771850742324, ""recognition_status"": ""success"", ""processing_time"": 9.93522834777832}","Definition: In this task, draw tight bounding boxes around all ""Dog catching frisbee"" and ""Dog watching"".
Emphasis & Caution: ""Dog catching frisbee"" is in the air; ""Dog watching"" is on the ground facing it.
Things to Avoid: Do not annotate ""Body of water"" or ""Dirt ground""."
89071,"{""description"": ""A skier in a red jacket is traversing a snowy landscape dotted with coniferous trees under an overcast sky."", ""details"": {""objects"": [""Skier wearing a red jacket, black pants, and a blue hat"", ""Ski poles"", ""Ski boots"", ""Snow-covered ground"", ""Coniferous trees"", ""Overcast sky""], ""scene"": ""Outdoor winter scene"", ""spatial_info"": {""skier"": ""Center-right"", ""trees"": ""Scattered across the background"", ""ground"": ""Covered in snow"", ""sky"": ""Overcast""}}, ""confidence"": 0.9500403442702415, ""recognition_status"": ""success"", ""processing_time"": 9.866961002349854}","Definition: In this task, draw tight bounding boxes around all ""Skier wearing a red jacket, black pants, and a blue hat"".
Emphasis & Caution: Focus on the red jacket on the center-right skier.
Things to Avoid: Do not annotate ""Snow-covered ground"", ""Coniferous trees"", or ""Overcast sky""."
89266,"{""description"": ""A person is sitting on the ground surrounded by numerous pairs of scissors arranged in a circular pattern."", ""details"": {""objects"": [""Person"", ""Scissors""], ""scene"": ""Outdoor scene"", ""spatial_info"": {""person"": ""Sitting on the ground"", ""scissors"": ""Arranged in a circular pattern around the person""}}, ""confidence"": 0.9602858794084361, ""recognition_status"": ""success"", ""processing_time"": 6.4897284507751465}","Definition: In this task, draw tight bounding boxes around all ""Person"".
Emphasis & Caution: Person sitting on the ground at the center of the circular layout.
Things to Avoid: Do not annotate ""Scissors""."
89540,"{""description"": ""A close-up view of an African elephant standing in a grassy field, with another elephant partially visible in the background."", ""details"": {""objects"": [""African elephant"", ""grass"", ""another elephant""], ""scene"": ""wilderness"", ""spatial_info"": {""African elephant"": ""front and center"", ""grass"": ""surrounding the elephants"", ""another elephant"": ""partially visible behind the main elephant""}}, ""confidence"": 0.9543077150213275, ""recognition_status"": ""success"", ""processing_time"": 7.728946208953857}","Definition: In this task, draw tight bounding boxes around all ""African elephant"" and ""another elephant"".
Emphasis & Caution: ""African elephant"" is front and center; ""another elephant"" is partially visible behind.
Things to Avoid: Do not annotate ""grass""."
89804,"{""description"": ""A small, frosted cake topped with raspberries and a lit candle sits on a green plate atop a wooden table."", ""details"": {""objects"": [""Small frosted cake"", ""Raspberries"", ""Lit candle"", ""Green plate"", ""Wooden table""], ""scene"": ""Indoor scene"", ""spatial_info"": {""cake"": ""Center of the image"", ""plate"": ""Underneath the cake"", ""table"": ""Background""}}, ""confidence"": 0.9610619989635889, ""recognition_status"": ""success"", ""processing_time"": 8.086905002593994}","Definition: In this task, draw tight bounding boxes around all ""Small frosted cake"".
Emphasis & Caution: Center of the image.
Things to Avoid: Do not annotate ""Green plate"" or ""Wooden table""."
90024,"{""description"": ""A festive outdoor scene featuring a large wicker bear sculpture, Christmas trees adorned with ornaments, and palm trees in front of a modern building."", ""details"": {""objects"": [""Large wicker bear sculpture"", ""Christmas trees decorated with ornaments"", ""Palm trees"", ""Modern building facade"", ""Advertising banners"", ""Street lamp"", ""Metal barricades""], ""scene"": ""Urban street"", ""spatial_info"": {""wicker bear"": ""Centered in the foreground"", ""Christmas trees"": ""To the right of the bear"", ""palm trees"": ""Behind the bear and to the left"", ""building facade"": ""Background"", ""advertising banners"": ""Attached to the building"", ""street lamp"": ""Right side of the image"", ""metal barricades"": ""Surrounding the bear""}}, ""confidence"": 0.9442824963710504, ""recognition_status"": ""success"", ""processing_time"": 12.842300176620483}","Definition: In this task, draw tight bounding boxes around all ""Large wicker bear sculpture"".
Emphasis & Caution: Centered in the foreground.
Things to Avoid: Do not annotate ""Christmas trees decorated with ornaments"", ""Palm trees"", or ""Modern building facade""."
90278,"{""description"": ""A pigeon is perched on a curb in an urban street setting, with buses and pedestrians visible in the background."", ""details"": {""objects"": [""pigeon"", ""curb"", ""street"", ""buses"", ""pedestrians""], ""scene"": ""urban street"", ""spatial_info"": {""pigeon"": ""standing on the curb"", ""curb"": ""dividing the street from the sidewalk"", ""street"": ""wide asphalt road"", ""buses"": ""in the background, one with 'Citi' branding"", ""pedestrians"": ""gathered near the bus""}}, ""confidence"": 0.941860336222218, ""recognition_status"": ""success"", ""processing_time"": 9.792022705078125}","Definition: In this task, draw tight bounding boxes around all ""pigeon"".
Emphasis & Caution: Standing on the curb.
Things to Avoid: Do not annotate ""buses"" or ""pedestrians""."
90516,"{""description"": ""A baby is sitting in a high chair, eating a banana while an adult's hand holds it close to her mouth."", ""details"": {""objects"": [""Baby"", ""High chair"", ""Banana"", ""Adult's hand"", ""Chair"", ""Table"", ""Room""], ""scene"": ""Indoor scene"", ""spatial_info"": {""Baby"": ""Sitting in a high chair, facing forward"", ""High chair"": ""Blue and pink, positioned in front of a table"", ""Banana"": ""Held by an adult's hand, partially eaten"", ""Adult's hand"": ""Holding the banana near the baby's mouth"", ""Chair"": ""Dark-colored, located behind the baby"", ""Table"": ""Partially visible, located behind the baby"", ""Room"": ""Indoor setting, possibly a living room or dining area""}}, ""confidence"": 0.9396143663134581, ""recognition_status"": ""success"", ""processing_time"": 13.195047616958618}","Definition: In this task, draw tight bounding boxes around all ""Baby"".
Emphasis & Caution: -
Things to Avoid: Do not annotate ""High chair"", ""Adult's hand"", or ""Banana""."
90802,"{""description"": ""A bottle of beer labeled '#100' sits next to a glass filled with dark beer on a wooden table, illuminated by warm lighting."", ""details"": {""objects"": [""Bottle of beer"", ""Glass of beer"", ""Wooden table"", ""Warm light source""], ""scene"": ""Indoor scene"", ""spatial_info"": {""bottle"": ""Left side of the image"", ""glass"": ""Right side of the image"", ""table"": ""Foreground"", ""light source"": ""Background""}}, ""confidence"": 0.9570608465501265, ""recognition_status"": ""success"", ""processing_time"": 8.883179903030396}","Definition: In this task, draw tight bounding boxes around all ""Bottle of beer"" and ""Glass of beer"".
Emphasis & Caution: ""Bottle of beer"" on the left; ""Glass of beer"" on the right.
Things to Avoid: Do not annotate ""Wooden table"" or ""Warm light source""."
91104,"{""description"": ""A close-up view of the iconic Elizabeth Tower clock face, showcasing intricate architectural details against a clear blue sky."", ""details"": {""objects"": [""Elizabeth Tower clock"", ""architectural details"", ""blue sky""], ""scene"": ""outdoor scene"", ""spatial_info"": {""clock_face"": ""center"", ""architectural_details"": ""surrounding the clock"", ""sky"": ""background""}}, ""confidence"": 0.9546337508168935, ""recognition_status"": ""success"", ""processing_time"": 7.353440523147583}","Definition: In this task, draw tight bounding boxes around all ""Elizabeth Tower clock"".
Emphasis & Caution: Center.
Things to Avoid: Do not annotate ""blue sky"" or ""architectural details""."
91337,"{""description"": ""A hand holds a packaged remote control with a keychain attached, displayed against a wooden surface."", ""details"": {""objects"": [""remote control"", ""packaging"", ""keychain"", ""hand"", ""wooden surface""], ""scene"": ""indoor scene"", ""spatial_info"": {""remote control"": ""held by a hand"", ""packaging"": ""attached to the remote control"", ""keychain"": ""attached to the packaging"", ""hand"": ""holding the remote control"", ""wooden surface"": ""background""}}, ""confidence"": 0.9583032966483327, ""recognition_status"": ""success"", ""processing_time"": 9.046051740646362}","Definition: In this task, draw tight bounding boxes around all ""remote control"".
Emphasis & Caution: Held by a hand.
Things to Avoid: Do not annotate ""wooden surface""."
91550,"{""description"": ""A fighter jet is captured mid-flight against a clear blue sky, leaving a faint trail behind it."", ""details"": {""objects"": [""fighter jet""], ""scene"": ""outdoor"", ""spatial_info"": {""jet_position"": ""center"", ""background"": ""clear blue sky""}}, ""confidence"": 0.959764732176762, ""recognition_status"": ""success"", ""processing_time"": 5.707075357437134}","Definition: In this task, draw tight bounding boxes around all ""fighter jet"".
Emphasis & Caution: Center.
Things to Avoid: -"
91784,"{""description"": ""Two giraffes stand amidst tall grass under a tree, bathed in the warm light of either sunrise or sunset."", ""details"": {""objects"": [""two giraffes"", ""tall grass"", ""tree"", ""bird""], ""scene"": ""wilderness"", ""spatial_info"": {""giraffes"": [""left"", ""right""], ""grass"": ""foreground"", ""tree"": ""center"", ""bird"": ""on top of the tree""}}, ""confidence"": 0.9499087923406606, ""recognition_status"": ""success"", ""processing_time"": 8.071249961853027}","Definition: In this task, draw tight bounding boxes around all ""two giraffes"".
Emphasis & Caution: Left and right positions.
Things to Avoid: Do not annotate ""tall grass"", ""tree"", or ""bird""."
91996,"{""description"": ""A man is playing a video game on a Wii Balance Board in a cozy living room setting."", ""details"": {""objects"": [""man wearing blue shirt and shorts, holding a Wii remote"", ""Wii Balance Board"", ""coffee table with snacks and drinks"", ""lamp"", ""couch with pillows"", ""rug"", ""wooden floor"", ""chandelier"", ""open doorway""], ""scene"": ""indoor scene"", ""spatial_info"": {""man"": ""standing on Wii Balance Board in the center of the room"", ""coffee table"": ""to the right of the man"", ""couch"": ""behind the coffee table"", ""rug"": ""underneath the coffee table"", ""chandelier"": ""in the background near the open doorway"", ""wooden floor"": ""covering the entire floor""}}, ""confidence"": 0.945110492005578, ""recognition_status"": ""success"", ""processing_time"": 12.542482852935791}","Definition: In this task, draw tight bounding boxes around all ""man wearing blue shirt and shorts, holding a Wii remote"" and ""Wii Balance Board"".
Emphasis & Caution: Center of the room.
Things to Avoid: Do not annotate ""coffee table with snacks and drinks"", ""lamp"", ""couch with pillows"", or ""rug""."
92190,"{""description"": ""A surfer is walking into the ocean carrying a surfboard during a vibrant sunset."", ""details"": {""objects"": [""surfer"", ""surfboard"", ""ocean waves"", ""sunset sky"", ""mountains""], ""scene"": ""beach"", ""spatial_info"": {""surfer"": ""center-right"", ""surfboard"": ""in hand, slightly tilted upward"", ""ocean waves"": ""midground, breaking"", ""sunset sky"": ""background, orange and red hues"", ""mountains"": ""far background, silhouetted against the sky""}}, ""confidence"": 0.9391759907362112, ""recognition_status"": ""success"", ""processing_time"": 9.793112754821777}","Definition: In this task, draw tight bounding boxes around the ""surfer"" and the ""surfboard"".
Emphasis & Caution: ""surfer"" at ""center-right""; ""surfboard"" ""in hand, slightly tilted upward"".
Things to Avoid: Do not annotate ""ocean waves"", ""sunset sky"", or ""mountains""."
92428,"{""description"": ""A baseball player is captured mid-swing at home plate during a game."", ""details"": {""objects"": [""baseball player"", ""bat"", ""home plate"", ""baseball field""], ""scene"": ""baseball game"", ""spatial_info"": {""baseball player"": ""standing at home plate, swinging bat"", ""bat"": ""in motion, swung behind the player"", ""home plate"": ""underneath the player's feet"", ""baseball field"": ""visible in the background""}}, ""confidence"": 0.9560260832529593, ""recognition_status"": ""success"", ""processing_time"": 8.618906021118164}","Definition: In this task, draw tight bounding boxes around the ""baseball player"" and the ""bat"".
Emphasis & Caution: ""baseball player"" at ""home plate""; ""bat"" ""in motion"".
Things to Avoid: Do not annotate ""home plate"" or the ""baseball field""."
92685,"{""description"": ""A train station with a train on the tracks, a pedestrian bridge above, and cars driving underneath."", ""details"": {""objects"": [""train"", ""pedestrian bridge"", ""cars"", ""tracks"", ""platform""], ""scene"": ""urban transportation hub"", ""spatial_info"": {""train"": ""on tracks"", ""pedestrian bridge"": ""above train"", ""cars"": ""underneath bridge"", ""tracks"": ""parallel to platform"", ""platform"": ""adjacent to train""}}, ""confidence"": 0.9441991009255892, ""recognition_status"": ""success"", ""processing_time"": 8.65357518196106}","Definition: In this task, draw tight bounding boxes around the ""train"" and the ""cars"".
Emphasis & Caution: ""-"".
Things to Avoid: Do not annotate ""pedestrian bridge"", ""tracks"", or ""platform""."
92916,"{""description"": ""A man is cutting a Hello Kitty-themed cake while being shot at by another person holding a rifle."", ""details"": {""objects"": [""man cutting cake"", ""Hello Kitty cake"", ""rifle"", ""person wearing party hat""], ""scene"": ""outdoor"", ""spatial_info"": {""man cutting cake"": ""left side of the image"", ""Hello Kitty cake"": ""center of the image"", ""rifle"": ""in front of the cake"", ""person wearing party hat"": ""right side of the image""}}, ""confidence"": 0.9523627913241653, ""recognition_status"": ""success"", ""processing_time"": 8.894426345825195}","Definition: In this task, draw tight bounding boxes around the ""man cutting cake"", the ""person wearing party hat"", and the ""rifle"".
Emphasis & Caution: ""man cutting cake"" on the ""left side of the image""; ""person wearing party hat"" on the ""right side of the image"".
Things to Avoid: Do not annotate the ""Hello Kitty cake""."
93191,"{""description"": ""A person sitting on a wooden bench outdoors with two dogs, one standing and one lying down, enjoying a sunny day."", ""details"": {""objects"": [""person wearing a blue shirt with a logo"", ""brown dog sitting on the bench"", ""black and white dog lying on the ground"", ""wooden bench"", ""grass-covered hillside"", ""open field in the background""], ""scene"": ""outdoor scene"", ""spatial_info"": {""person"": ""sitting on the left side of the bench"", ""brown dog"": ""standing on the bench"", ""black and white dog"": ""lying on the ground to the right of the bench"", ""bench"": ""centered in the image"", ""hillside"": ""in the background"", ""field"": ""farther back beyond the hillside""}}, ""confidence"": 0.9455936186004164, ""recognition_status"": ""success"", ""processing_time"": 12.55856990814209}","Definition: In this task, draw tight bounding boxes around the ""person wearing a blue shirt with a logo"", the ""brown dog sitting on the bench"", and the ""black and white dog lying on the ground"".
Emphasis & Caution: Focus on the ""blue shirt with a logo"".
Things to Avoid: Do not annotate the ""wooden bench"", ""grass-covered hillside"", or ""open field in the background""."
93434,"{""description"": ""Two individuals are standing next to a train, each carrying backpacks, suggesting they might be traveling or on a trip."", ""details"": {""objects"": [""two individuals"", ""train"", ""backpacks"", ""train station platform""], ""scene"": ""railway station"", ""spatial_info"": {""train"": ""behind the individuals"", ""backpacks"": ""in front of the individuals"", ""platform"": ""underneath the individuals""}}, ""confidence"": 0.9432849570412263, ""recognition_status"": ""success"", ""processing_time"": 7.688091993331909}","Definition: In this task, draw tight bounding boxes around ""two individuals"".
Emphasis & Caution: ""-"".
Things to Avoid: Do not annotate ""train"", ""backpacks"", or ""train station platform""."
93666,"{""description"": ""A close-up image featuring a stack of cookies, a banana, a box of cranberry chocolate, and a ruler on a table."", ""details"": {""objects"": [""Stack of cookies"", ""Banana"", ""Box of cranberry chocolate"", ""Ruler""], ""scene"": ""Indoor scene"", ""spatial_info"": {""Stack of cookies"": ""On the left side of the image"", ""Banana"": ""Next to the cookies"", ""Box of cranberry chocolate"": ""Behind the cookies"", ""Ruler"": ""On the right side of the image""}}, ""confidence"": 0.9537248901712144, ""recognition_status"": ""success"", ""processing_time"": 9.546624183654785}","Definition: In this task, draw tight bounding boxes around ""Stack of cookies"", ""Banana"", and ""Box of cranberry chocolate"".
Emphasis & Caution: ""-"".
Things to Avoid: Do not annotate ""Ruler""."
93852,"{""description"": ""A MacBook Pro box is placed next to an older Dell laptop on a wooden table."", ""details"": {""objects"": [""MacBook Pro box"", ""Dell laptop""], ""scene"": ""indoor scene"", ""spatial_info"": {""MacBook Pro box"": ""left side of the table"", ""Dell laptop"": ""right side of the table""}}, ""confidence"": 0.9737797651279302, ""recognition_status"": ""success"", ""processing_time"": 6.6530585289001465}","Definition: In this task, draw tight bounding boxes around ""MacBook Pro box"" and ""Dell laptop"".
Emphasis & Caution: ""-"".
Things to Avoid: ""-""."
94092,"{""description"": ""A person is standing in front of a display case featuring mannequins dressed in futuristic attire, with a toilet-like structure integrated into the display."", ""details"": {""objects"": [""Mannequins wearing futuristic clothing"", ""Toilet-like structures"", ""Glass display case"", ""Person wearing a white jacket and jeans"", ""Lighting fixtures on the ceiling""], ""scene"": ""Indoor scene"", ""spatial_info"": {""Mannequins"": [""Left side of the display case""], ""Toilet-like structures"": [""Integrated within the display case""], ""Person"": [""Center of the image, facing the display case""], ""Lighting fixtures"": [""Ceiling above the display case""]}}, ""confidence"": 0.9301543138620644, ""recognition_status"": ""success"", ""processing_time"": 11.089411497116089}","Definition: In this task, draw tight bounding boxes around ""Person wearing a white jacket and jeans"".
Emphasis & Caution: ""Center of the image"".
Things to Avoid: Do not annotate ""Mannequins wearing futuristic clothing"", ""Toilet-like structures"", or ""Glass display case""."
94351,"{""description"": ""A close-up view of a street sign indicating 'Fell' with an arrow pointing right, accompanied by a traffic light above and a gas station sign below."", ""details"": {""objects"": [""Street sign reading 'Fell'"", ""Traffic light"", ""Gas station sign with '76' logo"", ""Overcast sky""], ""scene"": ""Urban street"", ""spatial_info"": {""street_sign"": ""Centered in the image, slightly tilted upwards"", ""traffic_light"": ""Above the street sign, partially visible"", ""gas_station_sign"": ""Below the street sign, partially visible""}}, ""confidence"": 0.9366288476467315, ""recognition_status"": ""success"", ""processing_time"": 9.85032606124878}","Definition: In this task, draw tight bounding boxes around ""Street sign reading 'Fell'"".
Emphasis & Caution: ""Centered in the image"".
Things to Avoid: Do not annotate ""Traffic light"", ""Gas station sign with '76' logo"", or ""Overcast sky""."
94577,"{""description"": ""The image shows three men engaged in conversation in an elegant indoor setting, with one man gesturing while speaking to the other two."", ""details"": {""objects"": [""chandelier"", ""mirror"", ""suit"", ""tie"", ""shirt""], ""scene"": ""chandelier"", ""spatial_info"": ""Main elements distributed in the image""}, ""confidence"": 0.9350297154380959, ""recognition_status"": ""success"", ""processing_time"": 15.33839750289917}","Definition: In this task, draw tight bounding boxes around ""suit"", ""tie"", and ""shirt"".
Emphasis & Caution: ""-"".
Things to Avoid: Do not annotate ""chandelier"" or ""mirror""."
94817,"{""description"": ""A skateboarder performs a trick on a ramp at a skate park during an evening event."", ""details"": {""objects"": [""skateboarder"", ""skateboard"", ""ramp"", ""audience"", ""advertising banners"", ""evening sky""], ""scene"": ""outdoor skate park"", ""spatial_info"": {""skateboarder"": ""center of the image, performing a trick"", ""skateboard"": ""underneath the skateboarder's feet"", ""ramp"": ""in front of the skateboarder, forming a curve"", ""audience"": ""background, watching the performance"", ""advertising banners"": ""visible along the edge of the ramp"", ""evening sky"": ""visible above the scene, indicating the time of day""}}, ""confidence"": 0.9435011392751346, ""recognition_status"": ""success"", ""processing_time"": 12.186462879180908}","Definition: In this task, draw tight bounding boxes around the ""skateboarder"" and the ""skateboard"".
Emphasis & Caution: ""center of the image"".
Things to Avoid: Do not annotate ""ramp"", ""audience"", ""advertising banners"", or ""evening sky""."
95050,"{""description"": ""A corgi is playing in the snow, holding a colorful ball."", ""details"": {""objects"": [""corgi"", ""snow"", ""ball""], ""scene"": ""outdoor"", ""spatial_info"": {""corgi"": ""center"", ""snow"": ""surrounding"", ""ball"": ""in the corgi's mouth""}}, ""confidence"": 0.9689449097357885, ""recognition_status"": ""success"", ""processing_time"": 6.71065092086792}","Definition: In this task, draw tight bounding boxes around the ""corgi"" and the ""ball"".
Emphasis & Caution: ""center""; ""in the corgi's mouth"".
Things to Avoid: Do not annotate ""snow""."
95278,"{""description"": ""A group of people walking outdoors, some wearing hats, with one person holding a bunch of carrots."", ""details"": {""objects"": [""people"", ""carrots"", ""hats"", ""building"", ""window"", ""tree"", ""stroller""], ""scene"": ""urban street"", ""spatial_info"": {""people"": [""left"", ""center"", ""right""], ""carrots"": [""right""], ""hats"": [""left"", ""center"", ""right""], ""building"": [""background""], ""window"": [""background""], ""tree"": [""background""], ""stroller"": [""bottom right""]}}, ""confidence"": 0.9526449198651806, ""recognition_status"": ""success"", ""processing_time"": 10.231999635696411}","Definition: In this task, draw tight bounding boxes around ""people"" and ""carrots"".
Emphasis & Caution: ""-"".
Things to Avoid: Do not annotate ""building"", ""window"", ""tree"", or ""stroller""."
95518,"{""description"": ""A group of motorcyclists riding through a street lined with trees and a Honda building in the background."", ""details"": {""objects"": [""motorcycles"", ""motorcyclists"", ""trees"", ""Honda building"", ""road"", ""cones""], ""scene"": ""urban street"", ""spatial_info"": {""motorcycles"": [""center-left"", ""center-right""], ""motorcyclists"": [""center-left"", ""center-right""], ""trees"": [""left"", ""right""], ""Honda building"": [""background""], ""road"": [""foreground""]}}, ""confidence"": 0.9561565681761086, ""recognition_status"": ""success"", ""processing_time"": 9.389840126037598}","Definition: In this task, draw tight bounding boxes around ""motorcyclists"" and ""motorcycles"".
Emphasis & Caution: ""center-left"" and ""center-right"".
Things to Avoid: Do not annotate ""trees"", ""Honda building"", ""road"", or ""cones""."
95812,"{""description"": ""A group of people, including an older man signing a soccer ball, is gathered outdoors on a grassy area, with a child wearing a football club jersey and a man holding a book nearby."", ""details"": {""objects"": [""people"", ""book"", ""soccer ball"", ""hat"", ""suit""], ""scene"": ""people"", ""spatial_info"": ""Main elements distributed in the image""}, ""confidence"": 0.9248830899519677, ""recognition_status"": ""success"", ""processing_time"": 20.22225308418274}","Definition: In this task, draw tight bounding boxes around all ""people"".
Emphasis & Caution: -
Things to Avoid: Do not annotate ""book"", ""soccer ball"", ""hat"", or ""suit""."
96056,"{""description"": ""Two black cats are sitting on a bathroom sink, with one partially in the bathtub next to it."", ""details"": {""objects"": [""two black cats"", ""bathroom sink"", ""bathtub"", ""tile wall"", ""soap dispenser"", ""water hose"", ""bottles"", ""toothbrush holder""], ""scene"": ""indoor scene"", ""spatial_info"": {""cats"": [""one cat is on the sink, the other is partially in the bathtub""], ""sink"": [""attached to the wall, positioned between the cats""], ""bathtub"": [""adjacent to the sink, with a cat partially inside""], ""tile wall"": [""behind the sink and bathtub""], ""soap dispenser"": [""on the left side of the sink""], ""water hose"": [""connected to the faucet above the sink""], ""bottles"": [""placed on the counter near the sink""], ""toothbrush holder"": [""attached to the wall behind the sink""]}}, ""confidence"": 0.9345178013600192, ""recognition_status"": ""success"", ""processing_time"": 15.00871729850769}","Definition: In this task, draw tight bounding boxes around all ""two black cats"".
Emphasis & Caution: Focus on cats that are ""on the sink"" and ""partially in the bathtub"".
Things to Avoid: Do not annotate ""bathroom sink"", ""bathtub"", ""tile wall"", ""soap dispenser"", ""water hose"", ""bottles"", or ""toothbrush holder""."
96303,"{""description"": ""A skateboarder is performing a trick on a concrete barrier under a bridge at night."", ""details"": {""objects"": [""Skateboarder"", ""Concrete barrier"", ""Bridge"", ""Street"", ""Traffic cones"", ""Streetlights""], ""scene"": ""Urban street"", ""spatial_info"": {""Skateboarder"": ""In mid-air, performing a trick"", ""Concrete barrier"": ""Under the bridge, serving as the obstacle for the trick"", ""Bridge"": ""Overhead structure supporting the scene"", ""Street"": ""Below the bridge, illuminated by streetlights"", ""Traffic cones"": ""Placed near the edge of the street, possibly for safety or construction purposes"", ""Streetlights"": ""Providing illumination for the scene""}}, ""confidence"": 0.9330366101186601, ""recognition_status"": ""success"", ""processing_time"": 11.72611689567566}","Definition: In this task, draw tight bounding boxes around the ""Skateboarder"".
Emphasis & Caution: Focus on the subject ""In mid-air, performing a trick"".
Things to Avoid: Do not annotate ""Concrete barrier"", ""Bridge"", ""Street"", ""Traffic cones"", or ""Streetlights""."
96554,"{""description"": ""A close-up view of green bananas displayed on a dark, gravelly surface next to a large stuffed animal."", ""details"": {""objects"": [""Green bananas"", ""Stuffed animal"", ""Gravelly surface"", ""Red crate"", ""Green crate""], ""scene"": ""Outdoor market or fruit stall"", ""spatial_info"": {""Green bananas"": [""left side""], ""Stuffed animal"": [""right side""], ""Gravelly surface"": [""background""]}}, ""confidence"": 0.9327978319038663, ""recognition_status"": ""success"", ""processing_time"": 8.006122827529907}","Definition: In this task, draw tight bounding boxes around ""Green bananas"" and the ""Stuffed animal"".
Emphasis & Caution: Focus on items on the ""left side"" and ""right side"" respectively.
Things to Avoid: Do not annotate ""Gravelly surface"", ""Red crate"", or ""Green crate""."
96762,"{""description"": ""A rainy urban street scene with pedestrians crossing a crosswalk, a person holding a bright pink umbrella, and a yellow taxi passing by."", ""details"": {""objects"": [""pedestrians"", ""crosswalk"", ""yellow taxi"", ""pink umbrella"", ""buildings"", ""street signs"", ""traffic lights"", ""cars""], ""scene"": ""urban street"", ""spatial_info"": {""pedestrians"": ""crossing the street"", ""yellow taxi"": ""moving on the left side of the image"", ""pink umbrella"": ""held by a pedestrian in the foreground"", ""buildings"": ""large structures on both sides of the street"", ""street signs"": ""visible above the pedestrians"", ""traffic lights"": ""positioned at the intersection"", ""cars"": ""partially visible on the right side of the image""}}, ""confidence"": 0.9432844861433219, ""recognition_status"": ""success"", ""processing_time"": 12.771864175796509}","Definition: In this task, draw tight bounding boxes around all ""pedestrians"" and the ""yellow taxi"".
Emphasis & Caution: Focus on the pedestrian holding the ""pink umbrella"" and the taxi ""moving on the left side of the image"".
Things to Avoid: Do not annotate ""crosswalk"", ""buildings"", ""street signs"", ""traffic lights"", or other ""cars""."
97039,"{""description"": ""A Lego figure is standing in front of a television, gazing out through a window into a brightly lit room."", ""details"": {""objects"": [""Lego figure"", ""Television"", ""Window"", ""Desk"", ""Chair"", ""Laptop"", ""Cabinet""], ""scene"": ""Indoor scene"", ""spatial_info"": {""Lego figure"": ""Center-left"", ""Television"": ""Right"", ""Window"": ""Center"", ""Desk"": ""Left"", ""Chair"": ""Right"", ""Laptop"": ""On desk"", ""Cabinet"": ""Right""}}, ""confidence"": 0.946225387925261, ""recognition_status"": ""success"", ""processing_time"": 9.562552213668823}","Definition: In this task, draw tight bounding boxes around the ""Lego figure"".
Emphasis & Caution: Focus on the subject at ""Center-left"".
Things to Avoid: Do not annotate ""Television"", ""Window"", ""Desk"", ""Chair"", ""Laptop"", or ""Cabinet""."
97272,"{""description"": ""A small black lamb is being bottle-fed by a person on a farm setting."", ""details"": {""objects"": [""a small black lamb"", ""a person's hand holding a milk bottle"", ""hay-covered ground""], ""scene"": ""farm"", ""spatial_info"": {""lamb"": ""center-right"", ""person's hand"": ""left"", ""milk bottle"": ""left"", ""hay"": ""ground""}}, ""confidence"": 0.9531148469674577, ""recognition_status"": ""success"", ""processing_time"": 7.46490216255188}","Definition: In this task, draw tight bounding boxes around ""a small black lamb"".
Emphasis & Caution: Focus on the lamb located at ""center-right"".
Things to Avoid: Do not annotate ""a person's hand holding a milk bottle"" or ""hay-covered ground""."
97540,"{""description"": ""Two individuals are engaged in a game of ultimate frisbee, with one reaching up to catch the flying disc while the other attempts to block her."", ""details"": {""objects"": [""Frisbee"", ""Two individuals wearing athletic attire"", ""Grass field"", ""Trees in the background""], ""scene"": ""Outdoor sports activity"", ""spatial_info"": {""Frisbee"": ""In mid-air, slightly above the players' heads"", ""Individuals"": ""Jumping or running towards each other, with one reaching upwards and the other extending their arm to block"", ""Grass field"": ""Occupies the foreground, providing a natural playing surface"", ""Trees"": ""Line the background, indicating an open park or recreational area""}}, ""confidence"": 0.9213821642241437, ""recognition_status"": ""success"", ""processing_time"": 11.451406002044678}","Definition: In this task, draw tight bounding boxes around ""Two individuals wearing athletic attire"".
Emphasis & Caution: Focus on individuals ""jumping or running towards each other"".
Things to Avoid: Do not annotate ""Frisbee"", ""Grass field"", or ""Trees in the background""."
97754,"{""description"": ""A US Airways aircraft is captured mid-flight against a clear blue sky."", ""details"": {""objects"": [""US Airways airplane""], ""scene"": ""outdoor"", ""spatial_info"": {""airplane"": ""centered, angled slightly upward"", ""sky"": ""clear blue, occupying the background""}}, ""confidence"": 0.9463180642344177, ""recognition_status"": ""success"", ""processing_time"": 5.813594341278076}","Definition: In this task, draw tight bounding boxes around the ""US Airways airplane"".
Emphasis & Caution: Focus on the airplane ""centered, angled slightly upward"".
Things to Avoid: -"
97974,"{""description"": ""A close-up view of a slice of pizza on a decorative plate."", ""details"": {""objects"": [""slice of pizza"", ""decorative plate""], ""scene"": ""indoor scene"", ""spatial_info"": {""slice_of_pizza"": ""center of the plate"", ""decorative_plate"": ""entire frame""}}, ""confidence"": 0.9629710940888898, ""recognition_status"": ""success"", ""processing_time"": 6.266284227371216}","Definition: In this task, draw tight bounding boxes around the ""slice of pizza"".
Emphasis & Caution: -
Things to Avoid: Do not annotate the ""decorative plate""."
98210,"{""description"": ""A vibrant red double-decker bus labeled 'City Sightseeing Perth' is parked on a grassy area surrounded by tall trees, with people walking nearby under a sunny sky."", ""details"": {""objects"": [""Red double-decker bus"", ""People walking"", ""Tall trees"", ""Grassy area"", ""Sunny sky""], ""scene"": ""Outdoor park or recreational area"", ""spatial_info"": {""bus"": ""Center-left"", ""people"": ""Right side"", ""trees"": ""Surrounding the bus"", ""grass"": ""Foreground""}}, ""confidence"": 0.947848333049013, ""recognition_status"": ""success"", ""processing_time"": 9.34684944152832}","Definition: In this task, draw tight bounding boxes around the ""Red double-decker bus"" and ""People walking"".
Emphasis & Caution: Focus on the bus at ""Center-left"" and people on the ""Right side"".
Things to Avoid: Do not annotate ""Tall trees"", ""Grassy area"", or ""Sunny sky""."
98493,"{""description"": ""A school building labeled 'Salt Lake High School East' with vehicles parked in front and students near the entrance."", ""details"": {""objects"": [""Salt Lake High School East sign"", ""building facade with clock"", ""students near the entrance"", ""parked vehicles"", ""bare trees"", ""street signs""], ""scene"": ""School campus"", ""spatial_info"": {""building"": ""Central"", ""entrance"": ""Center"", ""students"": ""Near entrance"", ""vehicles"": ""Front of building"", ""trees"": ""Surrounding the building""}}, ""confidence"": 0.9324503751364046, ""recognition_status"": ""success"", ""processing_time"": 10.320946216583252}","Definition: In this task, draw tight bounding boxes around ""students near the entrance"" and ""parked vehicles"".
Emphasis & Caution: Focus on subjects ""Near entrance"" and in front of the building.
Things to Avoid: Do not annotate ""Salt Lake High School East sign"", ""building facade with clock"", ""bare trees"", or ""street signs""."
98732,"{""description"": ""A fast-food meal consisting of a hot dog, popcorn, and a Pepsi drink on a red counter."", ""details"": {""objects"": [""Hot dog"", ""Popcorn bucket"", ""Pepsi cup"", ""Napkin"", ""Condiment packet"", ""Red counter"", ""Metal sink"", ""Trash can"", ""Black napkin dispenser""], ""scene"": ""Indoor scene"", ""spatial_info"": {""hot dog"": ""On the left side of the counter"", ""popcorn bucket"": ""Centered on the counter"", ""Pepsi cup"": ""To the right of the popcorn bucket"", ""napkin"": ""Underneath the hot dog"", ""condiment packet"": ""Attached to the napkin"", ""red counter"": ""Background"", ""metal sink"": ""Left side of the counter"", ""trash can"": ""Bottom left corner"", ""black napkin dispenser"": ""Top right corner""}}, ""confidence"": 0.944819662155628, ""recognition_status"": ""success"", ""processing_time"": 16.59778094291687}","Definition: In this task, draw tight bounding boxes around the ""Hot dog"", ""Popcorn bucket"", and ""Pepsi cup"".
Emphasis & Caution: Focus on items on the counter: left, center, and right positions.
Things to Avoid: Do not annotate ""Napkin"", ""Condiment packet"", ""Red counter"", ""Metal sink"", ""Trash can"", or ""Black napkin dispenser""."
98981,"{""description"": ""A group of longhorn cattle resting in a grassy field under a sunny sky."", ""details"": {""objects"": [""longhorn cattle"", ""grass"", ""field"", ""fence"", ""trees""], ""scene"": ""rural pasture"", ""spatial_info"": {""cattle"": ""center-right"", ""grass"": ""foreground"", ""fence"": ""background-left"", ""trees"": ""background-right""}}, ""confidence"": 0.9504572352779608, ""recognition_status"": ""success"", ""processing_time"": 7.6046142578125}","Definition: In this task, draw tight bounding boxes around all ""longhorn cattle"".
Emphasis & Caution: Focus on cattle located at ""center-right"".
Things to Avoid: Do not annotate ""grass"", ""field"", ""fence"", or ""trees""."
99230,"{""description"": ""A black cat is playfully interacting with a person holding a Wii remote, with the cat's paw resting on the controller."", ""details"": {""objects"": [""Black cat"", ""Person's hand"", ""Wii remote"", ""Red couch"", ""Blue blanket with frog design""], ""scene"": ""Indoor scene"", ""spatial_info"": {""cat"": ""On the right side of the image, interacting with the Wii remote held by the person."", ""person"": ""Holding the Wii remote, partially visible from the chest down."", ""Wii remote"": ""Held in the person's left hand, positioned horizontally across the cat's paw."", ""red couch"": ""Occupies the left side of the image, providing a backdrop for the interaction."", ""blue blanket"": ""Partially visible behind the cat, featuring a frog design.""}}, ""confidence"": 0.9244346539855202, ""recognition_status"": ""success"", ""processing_time"": 12.966917276382446}","Definition: In this task, draw tight bounding boxes around the ""Black cat"" and the ""Wii remote"".
Emphasis & Caution: Focus on the interaction on the right side where the cat¡¯s paw touches the controller.
Things to Avoid: Do not annotate ""Person's hand"", ""Red couch"", or ""Blue blanket with frog design""."
99451,"{""description"": ""Two children are sitting on a blue couch, holding game controllers, smiling at the camera."", ""details"": {""objects"": [""two children"", ""blue couch"", ""game controllers"", ""wall"", ""date stamp""], ""scene"": ""indoor scene"", ""spatial_info"": {""children"": [""left child wearing a dark shirt with a light stripe, right child wearing a dark shirt with a horizontal stripe""], ""couch"": ""blue, positioned against a wall"", ""game controllers"": [""held by both children""], ""date stamp"": ""01/06/2008""}}, ""confidence"": 0.9384817327182977, ""recognition_status"": ""success"", ""processing_time"": 9.786120891571045}","Definition: In this task, draw tight bounding boxes around all ""two children"".
Emphasis & Caution: Focus on ""two children"" sitting on the ""blue couch"" and holding ""game controllers"".
Things to Avoid: Do not annotate ""blue couch"", ""wall"", or ""date stamp""."
99678,"{""description"": ""A vibrant, colorful boat docked at a serene marina with clear turquoise water reflecting its surroundings."", ""details"": {""objects"": [""Boat"", ""Water"", ""Reflections""], ""scene"": ""Marina"", ""spatial_info"": {""boat"": ""Foreground"", ""water"": ""Middle ground"", ""reflections"": ""Foreground and middle ground""}}, ""confidence"": 0.9364770704752361, ""recognition_status"": ""success"", ""processing_time"": 6.494390487670898}","Definition: In this task, draw tight bounding boxes around all ""Boat"".
Emphasis & Caution: Focus on the ""Boat"" in the foreground.
Things to Avoid: Do not annotate ""Water"" or ""Reflections""."
99942,"{""description"": ""A woman is standing near a dining table, holding a glass, in a warmly lit room with wooden beams and large windows."", ""details"": {""objects"": [""woman"", ""dining table"", ""chandelier"", ""candles"", ""wine bottles"", ""chair"", ""window blinds"", ""carpet"", ""wooden beams""], ""scene"": ""indoor scene"", ""spatial_info"": {""woman"": ""standing near the table, facing left"", ""dining table"": ""centered in the room, covered with a patterned tablecloth"", ""chandelier"": ""hanging from the ceiling above the table"", ""candles"": ""arranged on the table"", ""wine bottles"": ""placed on the table"", ""chair"": ""arranged around the table"", ""window blinds"": ""covering the large windows on either side of the room"", ""carpet"": ""covering the floor beneath the table"", ""wooden beams"": ""visible on the ceiling and walls""}}, ""confidence"": 0.9451694668214836, ""recognition_status"": ""success"", ""processing_time"": 14.561036109924316}","Definition: In this task, draw tight bounding boxes around all ""woman"".
Emphasis & Caution: Focus on the ""woman"" standing near the ""dining table"".
Things to Avoid: Do not annotate ""dining table"", ""chandelier"", ""candles"", ""wine bottles"", ""chair"", ""window blinds"", ""carpet"", or ""wooden beams""."
100159,"{""description"": ""A man stands beside a large cow in a pastoral setting, surrounded by trees and hay bales."", ""details"": {""objects"": [""man wearing a hat and suspenders"", ""large white cow with black spots"", ""hay bales"", ""trees"", ""grass""], ""scene"": ""rural farm setting"", ""spatial_info"": {""man"": ""standing to the right of the cow"", ""cow"": ""standing on the left side of the image"", ""hay bales"": ""behind the cow"", ""trees"": ""in the background"", ""grass"": ""covering the ground""}}, ""confidence"": 0.9548327474481973, ""recognition_status"": ""success"", ""processing_time"": 9.763299942016602}","Definition: In this task, draw tight bounding boxes around all ""man wearing a hat and suspenders"" and ""large white cow with black spots"".
Emphasis & Caution: Focus on the ""man wearing a hat and suspenders"" to the right and the ""large white cow with black spots"" on the left.
Things to Avoid: Do not annotate ""hay bales"", ""trees"", or ""grass""."
100413,"{""description"": ""A black and white photograph of a fire hydrant situated on a grassy area adjacent to a concrete sidewalk."", ""details"": {""objects"": [""fire hydrant"", ""grass"", ""concrete sidewalk""], ""scene"": ""outdoor scene"", ""spatial_info"": {""fire hydrant"": ""center-left"", ""grass"": ""surrounding the fire hydrant"", ""concrete sidewalk"": ""behind the fire hydrant""}}, ""confidence"": 0.9658374760460331, ""recognition_status"": ""success"", ""processing_time"": 7.678968191146851}","Definition: In this task, draw tight bounding boxes around all ""fire hydrant"".
Emphasis & Caution: Focus on the ""fire hydrant"" at center-left.
Things to Avoid: Do not annotate ""grass"" or ""concrete sidewalk""."
100638,"{""description"": ""Two individuals are engaged in playing a video game using Wii controllers, with a television screen displaying a game in the background."", ""details"": {""objects"": [""Wii controllers"", ""Television screen"", ""Brick wall"", ""Window blinds"", ""Wall outlet"", ""Floor""], ""scene"": ""Indoor scene"", ""spatial_info"": {""Wii controllers"": [""In hands of individuals""], ""Television screen"": [""On right side of image""], ""Brick wall"": [""Background behind individuals""], ""Window blinds"": [""Left side of image""], ""Wall outlet"": [""Below window blinds""], ""Floor"": [""Bottom of image""]}}, ""confidence"": 0.9441479374954634, ""recognition_status"": ""success"", ""processing_time"": 10.533423662185669}","Definition: In this task, draw tight bounding boxes around all ""Wii controllers"".
Emphasis & Caution: Focus on ""Wii controllers"" in hands of individuals.
Things to Avoid: Do not annotate ""Television screen"", ""Brick wall"", or ""Window blinds""."
100918,"{""description"": ""A railway yard featuring a Santa Fe locomotive alongside a BNSF train, surrounded by industrial equipment and open skies."", ""details"": {""objects"": [""Santa Fe locomotive"", ""BNSF train"", ""freight cars"", ""railroad tracks"", ""utility poles"", ""antenna tower"", ""trees"", ""truck""], ""scene"": ""railway yard"", ""spatial_info"": {""Santa Fe locomotive"": ""center-right"", ""BNSF train"": ""center-left"", ""freight cars"": ""left side"", ""railroad tracks"": ""foreground"", ""utility poles"": ""left background"", ""antenna tower"": ""left background"", ""trees"": ""background"", ""truck"": ""right background""}}, ""confidence"": 0.9509084157449821, ""recognition_status"": ""success"", ""processing_time"": 12.00310730934143}","Definition: In this task, draw tight bounding boxes around all ""Santa Fe locomotive"" and ""BNSF train"".
Emphasis & Caution: Focus on ""Santa Fe locomotive"" at center-right and ""BNSF train"" at center-left.
Things to Avoid: Do not annotate ""freight cars"", ""railroad tracks"", ""utility poles"", ""antenna tower"", or ""trees""."
101180,"{""description"": ""A clear day urban street scene with traffic lights, road signs, and a blue car approaching an intersection."", ""details"": {""objects"": [""Traffic lights"", ""Road signs"", ""Blue car"", ""Street lamps"", ""Utility poles"", ""Sidewalks"", ""Buildings"", ""Trees"", ""Stop sign""], ""scene"": ""Urban street"", ""spatial_info"": {""Traffic lights"": [""Overhead on the left side""], ""Road signs"": [""Bustard Rd/Forty Foot Rd"", ""West 63""], ""Blue car"": [""Center of the image, moving towards the camera""], ""Street lamps"": [""Right side of the image""], ""Utility poles"": [""Background along the street""], ""Sidewalks"": [""Right side of the image""], ""Buildings"": [""Background on the right side""], ""Trees"": [""Right side of the image""]}}, ""confidence"": 0.9418147312647069, ""recognition_status"": ""success"", ""processing_time"": 13.411050081253052}","Definition: In this task, draw tight bounding boxes around all ""Blue car"".
Emphasis & Caution: Focus on the ""Blue car"" at the center of the image.
Things to Avoid: Do not annotate ""Traffic lights"", ""Road signs"", ""Street lamps"", ""Buildings"", or ""Trees""."
101456,"{""description"": ""A cluttered kitchen workspace filled with various cooking utensils, pots, and ingredients on wooden shelves and countertops."", ""details"": {""objects"": [""Wooden shelves"", ""Metal pots"", ""Plastic bags"", ""Bowl with floral design"", ""Green bowl"", ""Chopsticks"", ""Spatulas"", ""Cooking utensils"", ""Plastic containers"", ""Wallpapered wall""], ""scene"": ""Indoor scene"", ""spatial_info"": {""Shelves"": [""Top shelf has stacked bowls and pots; bottom shelf holds trays with ingredients and utensils""], ""Countertops"": [""Filled with various cooking items including bowls, pots, and plastic bags""], ""Background"": [""Features a wallpapered wall""]}}, ""confidence"": 0.90245078860662, ""recognition_status"": ""success"", ""processing_time"": 11.732033491134644}","Definition: In this task, draw tight bounding boxes around all ""Metal pots"".
Emphasis & Caution: -
Things to Avoid: Do not annotate ""Wooden shelves"", ""Wallpapered wall"", or other background items."
101686,"{""description"": ""A white bowl filled with bananas and red apples placed on a wooden surface."", ""details"": {""objects"": [""bananas"", ""red apples""], ""scene"": ""indoor scene"", ""spatial_info"": {""bowl"": ""center"", ""bananas"": ""left side of the bowl"", ""red apples"": ""right side of the bowl""}}, ""confidence"": 0.9666655003389415, ""recognition_status"": ""success"", ""processing_time"": 6.513020038604736}","Definition: In this task, draw tight bounding boxes around all ""bananas"" and ""red apples"".
Emphasis & Caution: Focus on ""bananas"" on the left side of the bowl and ""red apples"" on the right side.
Things to Avoid: -"
101906,"{""description"": ""A kayaker navigates through turbulent rapids, wearing a red helmet and an orange life jacket."", ""details"": {""objects"": [""kayaker"", ""kayak"", ""paddle"", ""rapids"", ""water""], ""scene"": ""wilderness"", ""spatial_info"": {""kayaker"": ""center"", ""kayak"": ""center"", ""paddle"": ""in hand"", ""rapids"": ""surrounding"", ""water"": ""flowing""}}, ""confidence"": 0.9500467876218803, ""recognition_status"": ""success"", ""processing_time"": 8.596723556518555}","Definition: In this task, draw tight bounding boxes around all ""kayaker"" and ""kayak"".
Emphasis & Caution: Focus on targets at the ""center"".
Things to Avoid: Do not annotate ""rapids"" or ""water""."
102184,"{""description"": ""A surfer in a wetsuit is skillfully riding a wave on a yellow surfboard."", ""details"": {""objects"": [""surfer"", ""surfboard"", ""wave""], ""scene"": ""ocean"", ""spatial_info"": {""surfer"": ""bending forward on the surfboard, positioned centrally within the wave"", ""surfboard"": ""yellow, partially submerged under water, angled towards the wave's crest"", ""wave"": ""large, greenish-blue, breaking to the left of the surfer""}}, ""confidence"": 0.9285008188611524, ""recognition_status"": ""success"", ""processing_time"": 8.778802871704102}","Definition: In this task, draw tight bounding boxes around all ""surfer"" and ""surfboard"".
Emphasis & Caution: Focus on the ""yellow"" ""surfboard"" and the centrally positioned ""surfer"".
Things to Avoid: Do not annotate ""wave""."
102437,"{""description"": ""Two kayakers paddle through a serene, moss-covered river surrounded by lush greenery."", ""details"": {""objects"": [""Two kayaks"", ""Two individuals paddling"", ""Moss-covered trees"", ""Clear water reflecting the surroundings""], ""scene"": ""Natural outdoor setting"", ""spatial_info"": {""kayaks"": [""One kayak is closer to the foreground, while the other is further back""], ""paddlers"": [""Both individuals are positioned in their respective kayaks""], ""trees"": [""Hang over the water on both sides""], ""water"": [""Reflects the surrounding greenery""]}}, ""confidence"": 0.9285173019565298, ""recognition_status"": ""success"", ""processing_time"": 9.733617544174194}","Definition: In this task, draw tight bounding boxes around all ""Two individuals paddling"" and ""Two kayaks"".
Emphasis & Caution: Focus on the foreground kayak and the further back kayak.
Things to Avoid: Do not annotate ""Moss-covered trees"" or ""Clear water reflecting the surroundings""."
102667,"{""description"": ""A cozy diner interior filled with patrons seated at wooden booths, enjoying their meals and drinks under warm lighting."", ""details"": {""objects"": [""wooden booths"", ""people dining"", ""tables"", ""drinks"", ""newspapers"", ""light fixtures"", ""bar area"", ""shelves with bottles"", ""ceiling tiles""], ""scene"": ""indoor scene"", ""spatial_info"": {""booths"": ""center and left side"", ""people"": ""seated at tables"", ""tables"": ""in the middle and right side"", ""drinks"": ""on tables"", ""newspapers"": ""being read by some individuals"", ""light fixtures"": ""hanging from the ceiling"", ""bar area"": ""background"", ""shelves with bottles"": ""left wall"", ""ceiling tiles"": ""top of the image""}}, ""confidence"": 0.933571685541737, ""recognition_status"": ""success"", ""processing_time"": 13.101200103759766}","Definition: In this task, draw tight bounding boxes around all ""people dining"".
Emphasis & Caution: -
Things to Avoid: Do not annotate ""wooden booths"", ""tables"", ""drinks"", or other background elements."
102908,"{""description"": ""A skateboarder is performing a trick on a ramp inside a skatepark, captured in a dynamic black-and-white photograph."", ""details"": {""objects"": [""Skateboarder"", ""Skateboard"", ""Ramp"", ""Indoor skatepark"", ""Lighting fixture"", ""Wall"", ""Sign""], ""scene"": ""Indoor skatepark"", ""spatial_info"": {""Skateboarder"": ""In mid-air, performing a trick on the ramp"", ""Skateboard"": ""Attached to the skateboarder's feet, positioned above the ramp"", ""Ramp"": ""Curved structure forming part of the skatepark"", ""Indoor skatepark"": ""Enclosed space with visible structural elements like walls and lighting fixtures"", ""Lighting fixture"": ""Above the ramp, providing illumination"", ""Wall"": ""Visible in the background, featuring a sign"", ""Sign"": ""Located on the wall, partially readable text""}}, ""confidence"": 0.9349210567525527, ""recognition_status"": ""success"", ""processing_time"": 14.299203872680664}","Definition: In this task, draw tight bounding boxes around all ""Skateboarder"" and ""Skateboard"".
Emphasis & Caution: Focus on the ""Skateboarder"" in mid-air above the ""Ramp"".
Things to Avoid: Do not annotate ""Ramp"", ""Wall"", ""Lighting fixture"", or ""Sign""."
103223,"{""description"": ""Two children are playfully jumping on a bed, one wearing a pink wig and dress, while the other is mid-jump."", ""details"": {""objects"": [""bed"", ""children"", ""pink wig"", ""dress"", ""lamp"", ""clothing"", ""laptop""], ""scene"": ""indoor scene"", ""spatial_info"": {""bed"": ""center of the image"", ""lamp"": ""top left corner"", ""clothing"": ""on the bed"", ""laptop"": ""bottom center""}}, ""confidence"": 0.9511607567426126, ""recognition_status"": ""success"", ""processing_time"": 8.842711925506592}","Definition: In this task, draw tight bounding boxes around all ""children"".
Emphasis & Caution: Focus on ""pink wig"" and ""dress"".
Things to Avoid: Do not annotate ""bed"", ""lamp"", ""clothing"", or ""laptop""."
103404,"{""description"": ""A flooded urban street with submerged traffic lights and reflections on the water surface."", ""details"": {""objects"": [""flooded street"", ""traffic light"", ""trees"", ""power lines"", ""buildings"", ""water reflection""], ""scene"": ""urban street"", ""spatial_info"": {""traffic light"": ""suspended above the flooded street"", ""trees"": ""surrounding the street"", ""power lines"": ""running along the street"", ""buildings"": ""in the background"", ""water reflection"": ""covering the street surface""}}, ""confidence"": 0.9466433231745578, ""recognition_status"": ""success"", ""processing_time"": 9.165508031845093}","Definition: In this task, draw tight bounding boxes around all ""traffic light"".
Emphasis & Caution: Focus on the ""traffic light"" suspended above the flooded street.
Things to Avoid: Do not annotate ""trees"", ""power lines"", ""buildings"", or ""water reflection""."
103583,"{""description"": ""A serene park scene featuring a wooden bench labeled 'City of London' with a vibrant flower bed and classical architecture in the background."", ""details"": {""objects"": [""wooden bench"", ""flower bed"", ""trees"", ""buildings"", ""park""], ""scene"": ""park"", ""spatial_info"": {""bench"": ""foreground"", ""flower bed"": ""midground"", ""trees"": ""midground"", ""buildings"": ""background""}}, ""confidence"": 0.9547527146682193, ""recognition_status"": ""success"", ""processing_time"": 7.953001499176025}","Definition: In this task, draw tight bounding boxes around all ""wooden bench"".
Emphasis & Caution: Focus on the bench in the ""foreground"".
Things to Avoid: Do not annotate ""flower bed"", ""trees"", ""buildings"", or ""park""."
103855,"{""description"": ""An elderly couple sits on a bench, appearing to be waiting for transportation, with a train visible in the background."", ""details"": {""objects"": [""elderly couple"", ""bench"", ""train"", ""handbag""], ""scene"": ""urban street"", ""spatial_info"": {""couple"": [""sitting on bench""], ""bench"": [""in front of train""], ""train"": [""behind couple""]}}, ""confidence"": 0.9470680627903825, ""recognition_status"": ""success"", ""processing_time"": 7.174964904785156}","Definition: In this task, draw tight bounding boxes around all ""elderly couple"" and ""train"".
Emphasis & Caution: Focus on the ""elderly couple"" sitting on the bench with the ""train"" behind them.
Things to Avoid: Do not annotate ""bench"" or ""handbag""."
104097,"{""description"": ""An older man is playing tennis on an outdoor court, preparing to hit a ball."", ""details"": {""objects"": [""tennis player"", ""tennis racket"", ""tennis ball"", ""tennis court"", ""fence"", ""pole""], ""scene"": ""outdoor tennis court"", ""spatial_info"": {""tennis player"": ""center of the image, in motion"", ""tennis racket"": ""in the player's right hand, positioned for a backhand swing"", ""tennis ball"": ""in mid-air to the left of the player"", ""tennis court"": ""green surface with white lines, partially visible"", ""fence"": ""behind the player, dark-colored, possibly made of mesh or netting"", ""pole"": ""vertical pole on the left side of the image, likely part of the court structure""}}, ""confidence"": 0.9403084898393524, ""recognition_status"": ""success"", ""processing_time"": 12.844181060791016}","Definition: In this task, draw tight bounding boxes around all ""tennis player"".
Emphasis & Caution: Focus on the player at the center of the image in motion.
Things to Avoid: Do not annotate ""tennis racket"", ""tennis ball"", ""tennis court"", ""fence"", or ""pole""."
104337,"{""description"": ""A competitive cross-country skiing race is taking place on a snowy course, with athletes in colorful uniforms racing through a crowd of spectators."", ""details"": {""objects"": [""ski racers"", ""ski poles"", ""skis"", ""snow-covered ground"", ""spectators"", ""trees"", ""signage""], ""scene"": ""Outdoor winter sports event"", ""spatial_info"": {""ski racers"": ""center of the image, moving forward"", ""ski poles"": ""held by racers, extending from their hands"", ""skis"": ""attached to racers' feet, visible on snow"", ""spectators"": ""in the background, watching the race"", ""trees"": ""on the right side, partially covered in snow"", ""signage"": ""visible in the background, likely indicating race information or sponsorships""}}, ""confidence"": 0.9236146509858871, ""recognition_status"": ""success"", ""processing_time"": 13.627000570297241}","Definition: In this task, draw tight bounding boxes around all ""ski racers"".
Emphasis & Caution: Focus on racers in ""colorful uniforms"" at the center.
Things to Avoid: Do not annotate ""spectators"", ""trees"", ""signage"", or ""snow-covered ground""."
104537,"{""description"": ""A man is sitting on a bench in an urban street setting, surrounded by trees and parked cars."", ""details"": {""objects"": [""man"", ""bench"", ""trees"", ""parked cars"", ""sidewalk""], ""scene"": ""urban street"", ""spatial_info"": {""man"": ""sitting on a bench"", ""bench"": ""on the sidewalk"", ""trees"": ""behind the bench"", ""parked cars"": ""in the background"", ""sidewalk"": ""underneath the bench""}}, ""confidence"": 0.9650952022928709, ""recognition_status"": ""success"", ""processing_time"": 9.12051510810852}","Definition: In this task, draw tight bounding boxes around all ""man"".
Emphasis & Caution: Focus on the man ""sitting on a bench"".
Things to Avoid: Do not annotate ""bench"", ""trees"", ""parked cars"", or ""sidewalk""."
104756,"{""description"": ""A close-up view of fresh broccoli and celery on a wooden cutting board."", ""details"": {""objects"": [""broccoli"", ""celery""], ""scene"": ""indoor scene"", ""spatial_info"": {""broccoli"": [""bottom right"", ""center""], ""celery"": [""top left""]}}, ""confidence"": 0.9618659220741483, ""recognition_status"": ""success"", ""processing_time"": 5.914352655410767}","Definition: In this task, draw tight bounding boxes around all ""broccoli"" and ""celery"".
Emphasis & Caution: -
Things to Avoid: -"
105008,"{""description"": ""A cozy bedroom setup featuring a bed, storage boxes, decorative plants, and ambient lighting."", ""details"": {""objects"": [""bed"", ""green storage boxes"", ""decorative plants"", ""nightstand"", ""wall-mounted light fixture"", ""artwork"", ""pillows"", ""toys""], ""scene"": ""indoor scene"", ""spatial_info"": {""bed"": ""centered against the wall"", ""green storage boxes"": ""underneath the bed"", ""decorative plants"": ""on the left side of the bed"", ""nightstand"": ""to the right of the bed"", ""wall-mounted light fixture"": ""on the left wall"", ""artwork"": ""hanging on the wall above the bed"", ""pillows"": ""on the bed"", ""toys"": ""on the nightstand""}}, ""confidence"": 0.9444257386529187, ""recognition_status"": ""success"", ""processing_time"": 12.863616704940796}","Definition: In this task, draw tight bounding boxes around all ""bed"".
Emphasis & Caution: Focus on the bed centered against the wall.
Things to Avoid: Do not annotate ""green storage boxes"", ""decorative plants"", ""nightstand"", ""pillows"", or ""toys""."
105246,"{""description"": ""A street corner under a clear blue sky, featuring a street sign for 'Hyde' and a lamppost with banners attached."", ""details"": {""objects"": [""street sign"", ""lamppost"", ""banners"", ""buildings"", ""sky""], ""scene"": ""urban street"", ""spatial_info"": {""street_sign"": ""centered on the image, pointing towards 'Hyde'"", ""lamppost"": ""above the street sign, extending upwards"", ""banners"": ""attached to the lamppost, partially visible"", ""buildings"": ""to the right, forming part of the urban landscape"", ""sky"": ""dominates the background, clear with scattered clouds""}}, ""confidence"": 0.9383642462880495, ""recognition_status"": ""success"", ""processing_time"": 10.896693706512451}","Definition: In this task, draw tight bounding boxes around all ""street sign"" and ""lamppost"".
Emphasis & Caution: Focus on the ""street sign"" centered in the image.
Things to Avoid: Do not annotate ""buildings"", ""sky"", or ""banners""."
105516,"{""description"": ""A tennis player is mid-swing on a clay court during a match, with spectators and officials in the background."", ""details"": {""objects"": [""Tennis player"", ""Tennis ball"", ""Clay tennis court"", ""Spectators"", ""Officials"", ""Scoreboard"", ""Advertisements"", ""Tennis racket""], ""scene"": ""Outdoor tennis match"", ""spatial_info"": {""Tennis player"": ""Center of the court, in motion"", ""Tennis ball"": ""In the air to the right of the player"", ""Spectators"": ""Behind the fence, seated and standing"", ""Officials"": ""On the left side of the court, near the scoreboard"", ""Scoreboard"": ""Visible behind the officials"", ""Advertisements"": ""On the fence surrounding the court"", ""Tennis racket"": ""Held by the player, in motion""}}, ""confidence"": 0.943152876327659, ""recognition_status"": ""success"", ""processing_time"": 13.433876514434814}","Definition: In this task, draw tight bounding boxes around all ""Tennis player"".
Emphasis & Caution: Focus on the player at the ""Center of the court, in motion"".
Things to Avoid: Do not annotate ""Spectators"", ""Officials"", ""Scoreboard"", ""Advertisements"", or ""Clay tennis court""."
105697,"{""description"": ""A close-up image of apples being sliced with a knife on a wooden surface."", ""details"": {""objects"": [""Apples"", ""Knife"", ""Wooden surface""], ""scene"": ""Indoor scene"", ""spatial_info"": {""Apples"": [""Foreground"", ""Sliced""], ""Knife"": [""Midground"", ""Cutting into an apple""], ""Wooden surface"": [""Background"", ""Supporting the apples""]}}, ""confidence"": 0.9560319255153431, ""recognition_status"": ""success"", ""processing_time"": 7.570724010467529}","Definition: In this task, draw tight bounding boxes around all ""Apples"".
Emphasis & Caution: Focus on ""Sliced"" apples in the ""Foreground"".
Things to Avoid: Do not annotate ""Knife"" or ""Wooden surface""."
105904,"{""description"": ""A cat is sitting on a desk next to an open laptop, surrounded by various items including books, a keyboard, and stationery."", ""details"": {""objects"": [""cat"", ""laptop"", ""keyboard"", ""books"", ""stationery"", ""desk""], ""scene"": ""indoor scene"", ""spatial_info"": {""cat"": ""sitting on the desk near the laptop"", ""laptop"": ""open and placed on the desk"", ""keyboard"": ""placed on the desk"", ""books"": ""stacked behind the cat"", ""stationery"": ""scattered around the desk"", ""desk"": ""wooden surface where all objects are placed""}}, ""confidence"": 0.9491931170721146, ""recognition_status"": ""success"", ""processing_time"": 10.87239956855774}","Definition: In this task, draw tight bounding boxes around all ""cat"".
Emphasis & Caution: Focus on the cat ""sitting on the desk near the laptop"".
Things to Avoid: Do not annotate ""laptop"", ""keyboard"", ""books"", ""stationery"", or ""desk""."
106143,"{""description"": ""A serene urban scene under a bridge, with a person sitting on a bench, overlooking a mountain range with snow-capped peaks."", ""details"": {""objects"": [""person sitting on a bench"", ""bridge structure"", ""stairs leading up to the bridge"", ""mountain range with snow-capped peaks"", ""clear blue sky"", ""greenery along the path""], ""scene"": ""urban street"", ""spatial_info"": {""person"": ""sitting on a bench under the bridge"", ""bridge"": ""overhanging the scene"", ""stairs"": ""leading upwards from the path"", ""mountains"": ""in the background"", ""sky"": ""above the mountains""}}, ""confidence"": 0.929406664212833, ""recognition_status"": ""success"", ""processing_time"": 10.950414419174194}","Definition: In this task, draw tight bounding boxes around all ""person sitting on a bench"".
Emphasis & Caution: Focus on the person ""under the bridge"".
Things to Avoid: Do not annotate ""bridge structure"", ""stairs leading up to the bridge"", ""mountain range with snow-capped peaks"", or ""clear blue sky""."
106371,"{""description"": ""A cluttered kitchen counter with various dishes, utensils, and containers, indicating a busy or recently used cooking area."", ""details"": {""objects"": [""White sink"", ""White dish rack"", ""Plastic container"", ""Metal pot"", ""Cutting board"", ""Grater"", ""Measuring cups"", ""Bottles"", ""Utensils""], ""scene"": ""Indoor scene"", ""spatial_info"": {""sink"": ""Left side"", ""dish rack"": ""Center"", ""plastic container"": ""Foreground left"", ""metal pot"": ""Foreground right"", ""cutting board"": ""Background right"", ""grater"": ""Center"", ""measuring cups"": ""Center"", ""bottles"": ""Right side"", ""utensils"": ""Center and right""}}, ""confidence"": 0.9315412885757652, ""recognition_status"": ""success"", ""processing_time"": 12.316338539123535}","Definition: In this task, draw tight bounding boxes around all ""White sink"" and ""White dish rack"".
Emphasis & Caution: -
Things to Avoid: Do not annotate ""Plastic container"", ""Metal pot"", ""Cutting board"", ""Grater"", ""Measuring cups"", ""Bottles"", or ""Utensils""."
106636,"{""description"": ""A bento box meal featuring a top layer with vegetables and a bottom layer with rice and cucumbers."", ""details"": {""objects"": [""Bento box"", ""Top layer with vegetables including broccoli, cherry tomatoes, and white vegetable sticks"", ""Bottom layer with rice and sliced cucumbers"", ""Pink lid"", ""Wooden surface""], ""scene"": ""Indoor scene"", ""spatial_info"": {""bento box"": ""Centered on the wooden surface"", ""top layer"": ""Above the bottom layer"", ""pink lid"": ""Above the bento box"", ""wooden surface"": ""Underneath the bento box""}}, ""confidence"": 0.9309929954175361, ""recognition_status"": ""success"", ""processing_time"": 10.382826566696167}","Definition: In this task, draw tight bounding boxes around the ""Bento box"".
Emphasis & Caution: Centered on the ""wooden surface"".
Things to Avoid: Do not annotate ""Pink lid"" or ""Wooden surface""."
106848,"{""description"": ""A decorative blue and white vase stands beside a framed painting depicting a young girl in a vintage setting, against a patterned wallpaper backdrop."", ""details"": {""objects"": [""Blue and white vase"", ""Framed painting"", ""Patterned wallpaper""], ""scene"": ""Indoor scene"", ""spatial_info"": {""vase"": ""Left side of the image, standing upright on a circular base"", ""painting"": ""Right side of the image, leaning against the wall"", ""wallpaper"": ""Background, covering the wall behind the vase and painting""}}, ""confidence"": 0.9497875332297503, ""recognition_status"": ""success"", ""processing_time"": 9.255749225616455}","Definition: In this task, draw tight bounding boxes around the ""Blue and white vase"" and the ""Framed painting"".
Emphasis & Caution: ""Blue and white vase"" on the left, ""Framed painting"" on the right.
Things to Avoid: Do not annotate ""Patterned wallpaper""."
107129,"{""description"": ""An open suitcase filled with clothes, a stuffed animal, and a purple folder is placed on a bed with a plaid blanket."", ""details"": {""objects"": [""Open black suitcase"", ""Clothes including shirts and pants"", ""Stuffed animal"", ""Purple folder"", ""Plaid blanket""], ""scene"": ""Indoor scene"", ""spatial_info"": {""suitcase"": ""On top of a bed"", ""clothes"": ""Inside the suitcase"", ""stuffed animal"": ""Inside the suitcase"", ""folder"": ""Inside the suitcase"", ""blanket"": ""Underneath the suitcase""}}, ""confidence"": 0.9528908470002762, ""recognition_status"": ""success"", ""processing_time"": 9.915418863296509}","Definition: In this task, draw tight bounding boxes around the ""Open black suitcase"".
Emphasis & Caution: On top of a bed and visibly open.
Things to Avoid: Do not annotate ""Plaid blanket""."
107367,"{""description"": ""A shirtless man wearing colorful swim trunks is standing on rocks by the sea, holding a surfboard under his arm against a backdrop of a cloudy sky."", ""details"": {""objects"": [""Man"", ""Surfboard"", ""Swim trunks"", ""Rocks"", ""Sea"", ""Cloudy sky""], ""scene"": ""Beach"", ""spatial_info"": {""Man"": ""Center"", ""Surfboard"": ""Left side, held under the arm"", ""Swim trunks"": ""Worn by the man"", ""Rocks"": ""Foreground, beneath the man"", ""Sea"": ""Background, partially visible"", ""Cloudy sky"": ""Background, above the sea""}}, ""confidence"": 0.949387946098185, ""recognition_status"": ""success"", ""processing_time"": 11.214159488677979}","Definition: In this task, draw tight bounding boxes around the ""Man"" and the ""Surfboard"".
Emphasis & Caution: ""Man"" in the center, ""Surfboard"" held under the arm.
Things to Avoid: Do not annotate ""Rocks"", ""Sea"", or ""Cloudy sky""."
107619,"{""description"": ""A woman is brushing her teeth with an electric toothbrush, captured in a black-and-white photograph."", ""details"": {""objects"": [""woman"", ""electric toothbrush""], ""scene"": ""indoor scene"", ""spatial_info"": {""woman"": ""center of the image"", ""electric toothbrush"": ""in the woman's hand, positioned near her mouth""}}, ""confidence"": 0.9670736040321279, ""recognition_status"": ""success"", ""processing_time"": 6.493397235870361}","Definition: In this task, draw tight bounding boxes around the ""woman"" and the ""electric toothbrush"".
Emphasis & Caution: ""electric toothbrush"" positioned near the mouth.
Things to Avoid: -"
107853,"{""description"": ""A skateboarder performs a trick on a curved metal rail inside a parking garage."", ""details"": {""objects"": [""skateboarder"", ""metal rail"", ""parking garage walls"", ""concrete floor"", ""column""], ""scene"": ""indoor scene"", ""spatial_info"": {""skateboarder"": ""mid-air, performing trick"", ""metal rail"": ""curved, positioned horizontally"", ""parking garage walls"": ""yellow with numbered sections"", ""concrete floor"": ""smooth, flat surface"", ""column"": ""white, vertical structure""}}, ""confidence"": 0.94054482424258, ""recognition_status"": ""success"", ""processing_time"": 9.221593856811523}","Definition: In this task, draw tight bounding boxes around the ""skateboarder"".
Emphasis & Caution: mid-air, performing trick.
Things to Avoid: Do not annotate ""metal rail"", ""parking garage walls"", ""concrete floor"", or ""column""."
108094,"{""description"": ""A couple rides a red scooter through an urban street, passing by a grand white gate surrounded by lush greenery."", ""details"": {""objects"": [""red scooter"", ""couple riding scooter"", ""white gate"", ""silver car"", ""trees"", ""road"", ""sidewalk""], ""scene"": ""urban street"", ""spatial_info"": {""scooter"": ""center of the image"", ""couple"": ""on the scooter"", ""gate"": ""background"", ""car"": ""left side of the image"", ""trees"": ""surrounding the gate"", ""road"": ""foreground"", ""sidewalk"": ""behind the road""}}, ""confidence"": 0.9505632884809102, ""recognition_status"": ""success"", ""processing_time"": 11.058923482894897}","Definition: In this task, draw tight bounding boxes around the ""couple riding scooter"" and the ""red scooter"".
Emphasis & Caution: Center of the image.
Things to Avoid: Do not annotate ""white gate"", ""silver car"", ""trees"", ""road"", or ""sidewalk""."
108313,"{""description"": ""A skateboarder is performing a trick mid-air on a sunny day, with trees and open sky in the background."", ""details"": {""objects"": [""Skateboarder"", ""Skateboard"", ""Jeans"", ""Sweater"", ""Shoes"", ""Trees"", ""Open sky""], ""scene"": ""Outdoor"", ""spatial_info"": {""Skateboarder"": ""In the air, above the skateboard"", ""Skateboard"": ""On the ground below the skateboarder"", ""Trees"": ""In the background"", ""Open sky"": ""Above the scene""}}, ""confidence"": 0.9483912031236419, ""recognition_status"": ""success"", ""processing_time"": 9.341959953308105}","Definition: In this task, draw tight bounding boxes around the ""Skateboarder"" and the ""Skateboard"".
Emphasis & Caution: ""Skateboarder"" in the air.
Things to Avoid: Do not annotate ""Trees"" or ""Open sky""."
108582,"{""description"": ""A cozy hotel room with a single bed, bedside table, lamp, and a red telephone."", ""details"": {""objects"": [""Single bed with blue patterned bedding"", ""Bedside table"", ""Lamp with white shade"", ""Red telephone"", ""Wall with decorative border""], ""scene"": ""Indoor scene"", ""spatial_info"": {""bedside table"": ""Next to the bed"", ""lamp"": ""On the bedside table"", ""telephone"": ""On the bedside table"", ""wall"": ""Behind the bed and bedside table""}}, ""confidence"": 0.9481385846782004, ""recognition_status"": ""success"", ""processing_time"": 9.170907735824585}","Definition: In this task, draw tight bounding boxes around the ""Single bed with blue patterned bedding"".
Emphasis & Caution: -.
Things to Avoid: Do not annotate ""Bedside table"", ""Lamp with white shade"", ""Red telephone"", or ""Wall with decorative border""."
108841,"{""description"": ""A row of parked motorcycles is lined up outside a storefront on a sunny day, with pedestrians visible inside the shop and a few people walking by."", ""details"": {""objects"": [""motorcycles"", ""helmet"", ""storefront"", ""pedestrians"", ""street"", ""power lines""], ""scene"": ""urban street"", ""spatial_info"": {""motorcycles"": [""left"", ""center"", ""right""], ""helmet"": [""left""], ""storefront"": [""center-left""], ""pedestrians"": [""center"", ""right""], ""street"": [""right""]}}, ""confidence"": 0.9362855183062951, ""recognition_status"": ""success"", ""processing_time"": 9.750442266464233}","Definition: In this task, draw tight bounding boxes around the ""motorcycles"" and the ""pedestrians"".
Emphasis & Caution: ""motorcycles"" lined up left to right.
Things to Avoid: Do not annotate ""storefront"", ""street"", ""power lines"", or ""helmet""."
109097,"{""description"": ""A vintage bus is parked on a wide, sandy beach under a pastel sky transitioning from pink to blue at sunset."", ""details"": {""objects"": [""vintage bus"", ""sand"", ""ocean"", ""sky""], ""scene"": ""beach"", ""spatial_info"": {""bus"": ""center"", ""sand"": ""foreground"", ""ocean"": ""background"", ""sky"": ""above""}}, ""confidence"": 0.955396575022806, ""recognition_status"": ""success"", ""processing_time"": 7.535301923751831}","Definition: In this task, draw tight bounding boxes around the ""vintage bus"".
Emphasis & Caution: Center.
Things to Avoid: Do not annotate ""sand"", ""ocean"", or ""sky""."
109334,"{""description"": ""A herd of elephants, including adults and calves, is walking across a grassy plain under an overcast sky."", ""details"": {""objects"": [""elephants"", ""grass"", ""overcast sky""], ""scene"": ""wilderness"", ""spatial_info"": {""elephants"": ""center"", ""grass"": ""foreground"", ""sky"": ""background""}}, ""confidence"": 0.9640869300109723, ""recognition_status"": ""success"", ""processing_time"": 6.707438230514526}","Definition: In this task, draw tight bounding boxes around the ""elephants"".
Emphasis & Caution: Center.
Things to Avoid: Do not annotate ""grass"" or ""overcast sky""."
109558,"{""description"": ""A green sign indicating 'Northbound Trains' with directional arrows is mounted on a textured wall next to tiled sections."", ""details"": {""objects"": [""Green sign"", ""Directional arrows"", ""Textured wall"", ""Tiled sections""], ""scene"": ""Indoor scene"", ""spatial_info"": {""sign"": ""Attached to the wall"", ""directional arrows"": ""Pointing left"", ""wall"": ""Textured surface"", ""tiles"": ""Adjacent to the sign""}}, ""confidence"": 0.9433986998226637, ""recognition_status"": ""success"", ""processing_time"": 8.028244972229004}","Definition: In this task, draw tight bounding boxes around the ""Green sign"".
Emphasis & Caution: Mounted on the wall.
Things to Avoid: Do not annotate ""Textured wall"" or ""Tiled sections""."
109820,"{""description"": ""A freshly baked pie with a golden crust, accompanied by various fruits and ingredients on a table."", ""details"": {""objects"": [""Pie"", ""Orange"", ""Lemon"", ""Dates"", ""Eggs"", ""Plates""], ""scene"": ""Indoor scene"", ""spatial_info"": {""Pie"": ""Center"", ""Orange"": ""Top left"", ""Lemon"": ""Right side"", ""Dates"": ""Top right"", ""Eggs"": ""Top left corner"", ""Plates"": ""Underneath pie""}}, ""confidence"": 0.947253889500927, ""recognition_status"": ""success"", ""processing_time"": 9.003636360168457}","Definition: In this task, draw tight bounding boxes around the ""Pie"".
Emphasis & Caution: Center.
Things to Avoid: Do not annotate ""Orange"", ""Lemon"", ""Dates"", ""Eggs"", or ""Plates""."
110045,"{""description"": ""A vibrant blue parrot perched on a colorful towel, surrounded by blurred background elements."", ""details"": {""objects"": [""Blue parrot"", ""Pink towel with orange patterns"", ""Blurred pink and purple clothing"", ""Partially visible red object""], ""scene"": ""Outdoor setting"", ""spatial_info"": {""parrot"": ""Center-right"", ""towel"": ""Foreground"", ""clothing"": ""Background"", ""red object"": ""Background""}}, ""confidence"": 0.9379727362843765, ""recognition_status"": ""success"", ""processing_time"": 8.03566837310791}","Definition: In this task, draw tight bounding boxes around the ""Blue parrot"".
Emphasis & Caution: Center-right.
Things to Avoid: Do not annotate ""Pink towel with orange patterns"", ""Blurred pink and purple clothing"", or ""Partially visible red object""."
110298,"{""description"": ""A giraffe is standing near a fenced enclosure, with its head reaching over the fence towards something outside."", ""details"": {""objects"": [""giraffe"", ""fence"", ""enclosure"", ""building""], ""scene"": ""zoo or animal enclosure"", ""spatial_info"": {""giraffe"": ""standing near the fence, facing left"", ""fence"": ""metal chain-link, separating the giraffe from the outside area"", ""enclosure"": ""sand-covered ground within the fenced area"", ""building"": ""stone wall structure behind the giraffe""}}, ""confidence"": 0.9335727841213791, ""recognition_status"": ""success"", ""processing_time"": 9.611992597579956}","Definition: In this task, draw tight bounding boxes around all ""giraffe"".
Emphasis & Caution: Focus on the ""giraffe"" standing near the fence, facing left.
Things to Avoid: Do not annotate ""fence"", ""enclosure"", or ""building""."
110536,"{""description"": ""A colorful patchwork quilt is displayed on a bed, surrounded by various items on bedside tables."", ""details"": {""objects"": [""colorful patchwork quilt"", ""bed"", ""lamp"", ""water bottle"", ""books"", ""papers""], ""scene"": ""indoor scene"", ""spatial_info"": {""quilt"": ""centered on the bed"", ""lamp"": ""on the right side table"", ""water bottle"": ""on the right side table"", ""books"": ""on the left side table"", ""papers"": ""scattered on both side tables""}}, ""confidence"": 0.9526368270716369, ""recognition_status"": ""success"", ""processing_time"": 9.591305255889893}","Definition: In this task, draw tight bounding boxes around the ""colorful patchwork quilt"".
Emphasis & Caution: Focus on the quilt centered on the bed.
Things to Avoid: Do not annotate ""bed"", ""lamp"", ""water bottle"", ""books"", or ""papers""."
110761,"{""description"": ""A group of five men in formal attire toasting with cans, standing outdoors on a sunny day."", ""details"": {""objects"": [""men wearing white shirts, ties, and sunglasses"", ""cans held in their hands"", ""formal attire including vests and khaki pants"", ""outdoor setting with grass and sky visible""], ""scene"": ""Outdoor scene"", ""spatial_info"": {""men"": ""standing in a line facing forward"", ""cans"": ""held at chest level, raised slightly for a toast"", ""background"": ""open sky and grassy area""}}, ""confidence"": 0.9228793439867352, ""recognition_status"": ""success"", ""processing_time"": 9.499744176864624}","Definition: In this task, draw tight bounding boxes around all ""men wearing white shirts, ties, and sunglasses"".
Emphasis & Caution: Focus on the group standing in a line, facing forward.
Things to Avoid: Do not annotate ""outdoor setting with grass and sky visible""."
111017,"{""description"": ""A skier is performing an aerial trick, upside down, with skis in mid-air against a backdrop of a clear sky and distant hills."", ""details"": {""objects"": [""Skier wearing a black outfit with blue accents and a red helmet"", ""Blue poles supporting the aerial structure"", ""Multicolored skis"", ""Clear blue sky"", ""Distant green hills"", ""Tree on the right side""], ""scene"": ""Outdoor recreational area"", ""spatial_info"": {""Skier"": ""Centered, upside down, with skis above head"", ""Poles"": ""Vertical, supporting the aerial structure"", ""Skis"": ""In mid-air, above the skier's head"", ""Sky"": ""Above the skier, clear and blue"", ""Hills"": ""In the background, to the left"", ""Tree"": ""On the right side, partially visible""}}, ""confidence"": 0.9134876291992703, ""recognition_status"": ""success"", ""processing_time"": 13.279749870300293}","Definition: In this task, draw tight bounding boxes around the ""Skier wearing a black outfit with blue accents and a red helmet"".
Emphasis & Caution: Focus on the upside-down skier with a red helmet at the center.
Things to Avoid: Do not annotate ""Clear blue sky"", ""Distant green hills"", ""Tree on the right side"", or ""Blue poles supporting the aerial structure""."
111280,"{""description"": ""An urban street scene featuring a red fire hydrant, a green-painted building facade, and a partially visible storefront."", ""details"": {""objects"": [""red fire hydrant"", ""green-painted building facade"", ""storefront window"", ""brick wall""], ""scene"": ""urban street"", ""spatial_info"": {""fire hydrant"": ""bottom right"", ""building facade"": ""left side"", ""storefront window"": ""center"", ""brick wall"": ""bottom center""}}, ""confidence"": 0.9391376882836906, ""recognition_status"": ""success"", ""processing_time"": 8.422669887542725}","Definition: In this task, draw tight bounding boxes around the ""red fire hydrant"".
Emphasis & Caution: Focus on the red object at the bottom right.
Things to Avoid: Do not annotate ""green-painted building facade"", ""storefront window"", or ""brick wall""."
111549,"{""description"": ""A plate featuring a variety of dishes including pickled vegetables, deviled eggs, fried rice, and sliced meat."", ""details"": {""objects"": [""Pickled vegetables"", ""Deviled eggs"", ""Fried rice"", ""Sliced meat"", ""Plate"", ""Glass""], ""scene"": ""Indoor meal setting"", ""spatial_info"": {""Pickled vegetables"": ""On the left side of the plate"", ""Deviled eggs"": ""In small bowls on the plate"", ""Fried rice"": ""In a bowl on the right side of the plate"", ""Sliced meat"": ""At the bottom of the plate"", ""Plate"": ""Circular white plate holding all items"", ""Glass"": ""Partially visible at the top right corner""}}, ""confidence"": 0.953601842384258, ""recognition_status"": ""success"", ""processing_time"": 11.819093227386475}","Definition: In this task, draw tight bounding boxes around all ""Pickled vegetables"", ""Deviled eggs"", ""Fried rice"", and ""Sliced meat"".
Emphasis & Caution: Focus on items placed on the plate.
Things to Avoid: Do not annotate ""Plate"" or ""Glass""."
111789,"{""description"": ""An elephant is reflected in a car's side mirror, with another elephant visible in the background on a dirt road surrounded by greenery."", ""details"": {""objects"": [""elephant"", ""side mirror"", ""dirt road"", ""greenery""], ""scene"": ""wilderness"", ""spatial_info"": {""elephant_in_mirror"": ""center"", ""elephant_in_scene"": ""background"", ""side_mirror"": ""left""}}, ""confidence"": 0.9484437212438127, ""recognition_status"": ""success"", ""processing_time"": 7.642663478851318}","Definition: In this task, draw tight bounding boxes around all ""elephant"".
Emphasis & Caution: Focus on the elephant visible in the side mirror and the elephant in the background.
Things to Avoid: Do not annotate ""side mirror"", ""dirt road"", or ""greenery""."
112022,"{""description"": ""A group of people waiting at an airport baggage claim area, surrounded by various suitcases."", ""details"": {""objects"": [""suitcases"", ""people"", ""airport baggage carousel""], ""scene"": ""airport baggage claim"", ""spatial_info"": {""suitcases"": [""blue suitcase"", ""purple suitcase"", ""red suitcase"", ""black suitcase""], ""people"": [""standing individuals"", ""waiting passengers""], ""airport baggage carousel"": [""central focus""]}}, ""confidence"": 0.9411501954146204, ""recognition_status"": ""success"", ""processing_time"": 7.719820499420166}","Definition: In this task, draw tight bounding boxes around all ""people"".
Emphasis & Caution: Focus on standing individuals near the baggage area.
Things to Avoid: Do not annotate ""suitcases"" or ""airport baggage carousel""."
112358,"{""description"": ""A scenic beach scene featuring kite surfing activity under a partly cloudy sky."", ""details"": {""objects"": [""kite surfer"", ""kite"", ""people in the water"", ""waves"", ""ocean"", ""clouds"", ""sky""], ""scene"": ""beach"", ""spatial_info"": {""kite surfer"": ""in the water, near the shore"", ""kite"": ""high in the sky, above the surfer"", ""people in the water"": ""scattered across the water, some closer to the shore, others further out"", ""waves"": ""rolling towards the shore"", ""ocean"": ""extends from the foreground to the horizon"", ""clouds"": ""scattered across the sky"", ""sky"": ""blue with scattered white clouds""}}, ""confidence"": 0.943411634918589, ""recognition_status"": ""success"", ""processing_time"": 12.42238712310791}","Definition: In this task, draw tight bounding boxes around all ""kite surfer"".
Emphasis & Caution: Focus on the person in the water near the shore.
Things to Avoid: Do not annotate ""kite"", ""waves"", ""ocean"", ""clouds"", or ""sky""."
112657,"{""description"": ""A collection of remote controls arranged on a wooden surface, accompanied by a book titled 'Dental Basics' in the background."", ""details"": {""objects"": [""Remote controls"", ""Book""], ""scene"": ""Indoor scene"", ""spatial_info"": {""remote_controls"": [""Arranged horizontally on a wooden surface"", ""Varied in size and color""], ""book"": [""Positioned to the right of the remote controls"", ""Title 'Dental Basics' visible""]}}, ""confidence"": 0.9354360539173329, ""recognition_status"": ""success"", ""processing_time"": 8.752938747406006}","Definition: In this task, draw tight bounding boxes around all ""Remote controls"".
Emphasis & Caution: -
Things to Avoid: Do not annotate ""Book""."
112896,"{""description"": ""A motorcyclist wearing a red outfit and helmet rides through a rainy urban street, navigating a wet road surrounded by greenery."", ""details"": {""objects"": [""motorcycle"", ""motorcyclist"", ""rainy weather"", ""wet road"", ""greenery"", ""streetlights""], ""scene"": ""urban street"", ""spatial_info"": {""motorcycle"": ""center of the image"", ""motorcyclist"": ""riding the motorcycle"", ""rainy weather"": ""visible throughout the image"", ""wet road"": ""reflecting light and surroundings"", ""greenery"": ""in the background"", ""streetlights"": ""partially visible on the right side""}}, ""confidence"": 0.9410967713412317, ""recognition_status"": ""success"", ""processing_time"": 10.926707983016968}","Definition: In this task, draw tight bounding boxes around all ""motorcyclist"" and ""motorcycle"".
Emphasis & Caution: Focus on the rider wearing a red outfit at the center.
Things to Avoid: Do not annotate ""rainy weather"", ""wet road"", ""greenery"", or ""streetlights""."
113132,"{""description"": ""A Dell laptop displaying a distorted image on its screen, placed on a desk with various items around it."", ""details"": {""objects"": [""Dell laptop"", ""distorted image on laptop screen"", ""desk"", ""teddy bear"", ""pen holder"", ""cups"", ""other small items""], ""scene"": ""indoor scene"", ""spatial_info"": {""laptop"": ""center"", ""teddy bear"": ""right side"", ""pen holder"": ""left side"", ""cups"": ""left side"", ""other small items"": ""left side""}}, ""confidence"": 0.9425991008403498, ""recognition_status"": ""success"", ""processing_time"": 9.697179555892944}","Definition: In this task, draw tight bounding boxes around the ""Dell laptop"".
Emphasis & Caution: Focus on the laptop centered on the desk.
Things to Avoid: Do not annotate ""desk"", ""teddy bear"", ""pen holder"", ""cups"", or ""other small items""."
113385,"{""description"": ""Two children are sitting on the floor, one using a phone and the other using a tablet, surrounded by adults in a crowded indoor setting."", ""details"": {""objects"": [""Two children"", ""Phone"", ""Tablet"", ""Adults"", ""Crowded indoor environment""], ""scene"": ""Indoor scene"", ""spatial_info"": {""Children"": [""Sitting on the floor""], ""Adults"": [""Standing around the children""], ""Objects"": [""Phone and tablet being used""]}}, ""confidence"": 0.9368309656977348, ""recognition_status"": ""success"", ""processing_time"": 8.406382322311401}","Definition: In this task, draw tight bounding boxes around all ""Two children"".
Emphasis & Caution: Focus on children sitting on the floor using devices.
Things to Avoid: Do not annotate ""Adults"" or ""Crowded indoor environment""."
113649,"{""description"": ""A cozy bedroom scene featuring a bed with green bedding, a black cat sitting on it, and natural light streaming through a window."", ""details"": {""objects"": [""bed"", ""green bedding"", ""black cat"", ""ironing board"", ""window"", ""radiator"", ""wardrobe"", ""floor""], ""scene"": ""indoor scene"", ""spatial_info"": {""bed"": ""center of the room"", ""green bedding"": ""covering the bed"", ""black cat"": ""sitting on the bed"", ""ironing board"": ""against the wall near the window"", ""window"": ""on the right side of the image"", ""radiator"": ""beneath the window"", ""wardrobe"": ""partially visible behind the ironing board"", ""floor"": ""visible at the bottom of the image""}}, ""confidence"": 0.9565185307056734, ""recognition_status"": ""success"", ""processing_time"": 12.85184645652771}","Definition: In this task, draw tight bounding boxes around the ""black cat"".
Emphasis & Caution: Focus on the cat sitting on the bed.
Things to Avoid: Do not annotate ""bed"", ""green bedding"", ""ironing board"", ""window"", ""radiator"", ""wardrobe"", or ""floor""."
113945,"{""description"": ""A heart-shaped wedding cake adorned with two teddy bear toppers, one wearing a top hat and holding a red rose, set on a white cake stand against a white wooden backdrop."", ""details"": {""objects"": [""Heart-shaped cake"", ""Two teddy bear toppers"", ""Teddy bear wearing a top hat"", ""Red rose held by teddy bear"", ""White cake stand"", ""White wooden backdrop""], ""scene"": ""Indoor scene"", ""spatial_info"": {""heart-shaped cake"": ""Centered on the cake stand"", ""teddy bear toppers"": ""On top of the cake"", ""white cake stand"": ""Supporting the cake"", ""white wooden backdrop"": ""Behind the cake stand""}}, ""confidence"": 0.9532595890287691, ""recognition_status"": ""success"", ""processing_time"": 11.261413097381592}","Definition: In this task, draw tight bounding boxes around the ""Heart-shaped cake"" and ""Two teddy bear toppers"".
Emphasis & Caution: Focus on the cake centered on the stand and the toppers on top.
Things to Avoid: Do not annotate ""White cake stand"" or ""White wooden backdrop""."
114158,"{""description"": ""A person is cross-country skiing on a snowy trail surrounded by bare trees and bushes."", ""details"": {""objects"": [""person wearing blue jacket, black pants, sunglasses, and carrying a backpack"", ""cross-country skis"", ""ski poles"", ""snow-covered ground"", ""bare trees"", ""bushes""], ""scene"": ""outdoor winter scene"", ""spatial_info"": {""person"": ""center of the image"", ""skis"": ""attached to the person's feet"", ""ski poles"": ""held in the person's hands"", ""snow"": ""covering the ground"", ""trees"": ""to the left and right of the person"", ""bushes"": ""behind the person""}}, ""confidence"": 0.9529004839929104, ""recognition_status"": ""success"", ""processing_time"": 10.915048837661743}","Definition: In this task, draw tight bounding boxes around the ""person wearing blue jacket, black pants, sunglasses, and carrying a backpack"".
Emphasis & Caution: Focus on the ""person"" located at the ""center of the image"".
Things to Avoid: Do not annotate ""snow-covered ground"", ""bare trees"", or ""bushes""."
114340,"{""description"": ""A box of assorted donuts sits open on a round table, surrounded by a milk carton, a bowl of chocolate chips, and a bottle of milk, suggesting a casual breakfast or snack setup."", ""details"": {""objects"": [""Open box of assorted donuts"", ""Milk carton"", ""Bowl of chocolate chips"", ""Bottle of milk"", ""Round glass table""], ""scene"": ""Indoor scene"", ""spatial_info"": {""box_of_donuts"": ""Center of the table"", ""milk_carton"": ""Left side of the table"", ""bowl_of_chocolate_chips"": ""Below the box of donuts"", ""bottle_of_milk"": ""Next to the milk carton"", ""table"": ""Circular, placed on a carpeted floor""}}, ""confidence"": 0.9424341785050867, ""recognition_status"": ""success"", ""processing_time"": 12.366712808609009}","Definition: In this task, draw tight bounding boxes around the ""Open box of assorted donuts"".
Emphasis & Caution: Focus on the object at the ""Center of the table"".
Things to Avoid: Do not annotate ""Milk carton"", ""Bowl of chocolate chips"", ""Bottle of milk"", or ""Round glass table""."
114629,"{""description"": ""A black-and-white stereoscopic photograph depicting skiers preparing for or taking a break on a snowy mountain slope, with a bustling ski resort in the background."", ""details"": {""objects"": [""Skiers"", ""Ski poles"", ""Ski boots"", ""Snow-covered mountains"", ""Ski resort infrastructure""], ""scene"": ""Outdoor winter sports setting"", ""spatial_info"": {""Skiers"": [""Foreground left"", ""Foreground right""], ""Ski poles"": [""Foreground left"", ""Foreground right""], ""Ski boots"": [""Foreground left"", ""Foreground right""], ""Snow-covered mountains"": [""Background""], ""Ski resort infrastructure"": [""Background""]}}, ""confidence"": 0.9432398207016488, ""recognition_status"": ""success"", ""processing_time"": 10.462501764297485}","Definition: In this task, draw tight bounding boxes around all ""Skiers"".
Emphasis & Caution: Focus on ""Skiers"" in the ""Foreground left"" and ""Foreground right"".
Things to Avoid: Do not annotate ""Snow-covered mountains"" or ""Ski resort infrastructure""."
114846,"{""description"": ""A harness racing scene featuring a horse pulling a sulky with a jockey, set against a backdrop of an American flag and a scoreboard."", ""details"": {""objects"": [""horse"", ""sulky"", ""jockey"", ""American flag"", ""scoreboard"", ""fence"", ""waterway"", ""cloudy sky""], ""scene"": ""racing track"", ""spatial_info"": {""horse"": ""center-left"", ""sulky"": ""center"", ""jockey"": ""center"", ""American flag"": ""background-left"", ""scoreboard"": ""background-right"", ""fence"": ""background"", ""waterway"": ""background"", ""cloudy sky"": ""background""}}, ""confidence"": 0.9552949966156157, ""recognition_status"": ""success"", ""processing_time"": 11.480716228485107}","Definition: In this task, draw tight bounding boxes around the ""horse"" and the ""jockey"".
Emphasis & Caution: Focus on targets located at ""center-left"" and ""center"".
Things to Avoid: Do not annotate ""American flag"", ""scoreboard"", ""fence"", ""waterway"", or ""cloudy sky""."
115087,"{""description"": ""A vintage-style bathroom vanity with two sinks, a large mirror, and a light pink wall backdrop."", ""details"": {""objects"": [""Double sink"", ""Large mirror"", ""White cabinet"", ""Light pink walls"", ""Silver faucets"", ""Light switch"", ""Basket under the cabinet""], ""scene"": ""Indoor scene"", ""spatial_info"": {""double sink"": ""Centered on the countertop"", ""large mirror"": ""Mounted above the double sink"", ""white cabinet"": ""Below the countertop"", ""light pink walls"": ""Surrounding the room"", ""silver faucets"": ""Attached to each sink"", ""light switch"": ""On the left wall"", ""basket"": ""Underneath the cabinet""}}, ""confidence"": 0.9381188124615614, ""recognition_status"": ""success"", ""processing_time"": 11.336490392684937}","Definition: In this task, draw tight bounding boxes around the ""Double sink"".
Emphasis & Caution: Focus on the object ""Centered on the countertop"".
Things to Avoid: Do not annotate ""Large mirror"", ""White cabinet"", ""Light pink walls"", ""Light switch"", or ""Basket under the cabinet""."
115319,"{""description"": ""A person is skiing on a snowy slope surrounded by trees, with a picnic table and skis lying nearby."", ""details"": {""objects"": [""person skiing"", ""snowy slope"", ""trees"", ""picnic table"", ""skis""], ""scene"": ""outdoor winter scene"", ""spatial_info"": {""person"": ""center of the image"", ""picnic table"": ""left side of the image"", ""skis"": ""on the ground near the person"", ""trees"": ""surrounding the entire scene""}}, ""confidence"": 0.9525660002996316, ""recognition_status"": ""success"", ""processing_time"": 9.012970924377441}","Definition: In this task, draw tight bounding boxes around the ""person skiing"".
Emphasis & Caution: Focus on the target at the ""center of the image"".
Things to Avoid: Do not annotate ""snowy slope"", ""trees"", ""picnic table"", or ""skis""."
115579,"{""description"": ""A person dressed in a white shirt, green tie, and plaid shorts poses against a backdrop featuring a vintage New York City skyline."", ""details"": {""objects"": [""Person wearing a white shirt, green tie, and plaid shorts"", ""New York City skyline"", ""Trees"", ""Grocery bags full of soda pop and chocolate chip cookies text overlay""], ""scene"": ""Urban street"", ""spatial_info"": {""person"": ""Foreground"", ""skyline"": ""Background"", ""trees"": ""Surrounding the skyline""}}, ""confidence"": 0.9433600796763429, ""recognition_status"": ""success"", ""processing_time"": 8.866065979003906}","Definition: In this task, draw tight bounding boxes around the ""Person wearing a white shirt, green tie, and plaid shorts"".
Emphasis & Caution: Focus on the ""white shirt"", ""green tie"", and ""plaid shorts"" in the ""Foreground"".
Things to Avoid: Do not annotate ""New York City skyline"", ""Trees"", or ""Grocery bags full of soda pop and chocolate chip cookies text overlay""."
115829,"{""description"": ""A man wearing an apron holds a pizza while standing in a kitchen setting, smiling at the camera."", ""details"": {""objects"": [""pizza"", ""apron"", ""name tag"", ""kitchen counter"", ""plates"", ""cups"", ""kitchen cabinets"", ""tile floor"", ""kitchen appliances""], ""scene"": ""indoor scene"", ""spatial_info"": {""man holding pizza"": ""center"", ""kitchen counter"": ""left"", ""kitchen cabinets"": ""background"", ""woman"": ""background right""}}, ""confidence"": 0.9420920913689798, ""recognition_status"": ""success"", ""processing_time"": 9.344919204711914}","Definition: In this task, draw tight bounding boxes around the ""pizza"".
Emphasis & Caution: Focus on the ""pizza"" held at the ""center"".
Things to Avoid: Do not annotate ""kitchen counter"", ""plates"", ""cups"", ""kitchen cabinets"", ""tile floor"", or ""kitchen appliances""."
116067,"{""description"": ""A man is pushing a heavily loaded cart filled with suitcases on a cobblestone street."", ""details"": {""objects"": [""man pushing cart"", ""cart with multiple suitcases"", ""suitcases stacked on cart"", ""cobbled street"", ""stone wall in background"", ""woman walking behind""], ""scene"": ""urban street"", ""spatial_info"": {""man"": ""center, pushing cart"", ""cart"": ""center, loaded with suitcases"", ""suitcases"": ""on top of cart"", ""cobbled street"": ""underneath"", ""stone wall"": ""background"", ""woman"": ""right side, walking""}}, ""confidence"": 0.9337601413419709, ""recognition_status"": ""success"", ""processing_time"": 10.365997314453125}","Definition: In this task, draw tight bounding boxes around the ""man pushing cart"" and the ""cart with multiple suitcases"".
Emphasis & Caution: Focus on targets at the ""center, pushing cart"".
Things to Avoid: Do not annotate ""cobbled street"", ""stone wall in background"", or ""woman walking behind""."
116316,"{""description"": ""A partially eaten pizza in an open box on a bed."", ""details"": {""objects"": [""Pizza"", ""Pizza box"", ""Bed""], ""scene"": ""Indoor scene"", ""spatial_info"": {""Pizza"": ""In the center of the box, partially eaten."", ""Pizza box"": ""Open, placed on a bed."", ""Bed"": ""Covered with a patterned blanket.""}}, ""confidence"": 0.9479448816483851, ""recognition_status"": ""success"", ""processing_time"": 7.149474143981934}","Definition: In this task, draw tight bounding boxes around the ""Pizza"".
Emphasis & Caution: Focus on the ""Pizza"" that is ""partially eaten"".
Things to Avoid: Do not annotate ""Pizza box"" or ""Bed""."
116574,"{""description"": ""A woman in a black dress and high heels is balancing on a skateboard in an empty, dimly lit indoor space."", ""details"": {""objects"": [""woman"", ""black dress"", ""high heels"", ""skateboard"", ""concrete floor"", ""concrete wall"", ""debris""], ""scene"": ""indoor scene"", ""spatial_info"": {""woman"": ""center"", ""skateboard"": ""under woman's feet"", ""concrete floor"": ""below woman"", ""concrete wall"": ""behind woman"", ""debris"": ""scattered on floor""}}, ""confidence"": 0.956413918764005, ""recognition_status"": ""success"", ""processing_time"": 10.083621263504028}","Definition: In this task, draw tight bounding boxes around the ""woman"".
Emphasis & Caution: Focus on the target at the ""center"".
Things to Avoid: Do not annotate ""concrete floor"", ""concrete wall"", or ""debris""."
116831,"{""description"": ""Three individuals are seated at desks in a home office, working on computers with a bright window illuminating the space."", ""details"": {""objects"": [""Computers"", ""Laptops"", ""Desk chairs"", ""Books"", ""Shelves"", ""Clock"", ""Window"", ""Desk"", ""Backpack""], ""scene"": ""Indoor scene"", ""spatial_info"": {""Computers/Laptops"": [""Desk""], ""Desk chairs"": [""In front of desks""], ""Books"": [""On shelves""], ""Clock"": [""On wall""], ""Window"": [""Behind desk""], ""Desk"": [""In front of individuals""], ""Backpack"": [""On chair""]}}, ""confidence"": 0.9323362515005617, ""recognition_status"": ""success"", ""processing_time"": 10.603851079940796}","Definition: In this task, draw tight bounding boxes around all ""Computers"" and ""Laptops"".
Emphasis & Caution: -
Things to Avoid: Do not annotate ""Desk chairs"", ""Books"", ""Shelves"", ""Clock"", ""Window"", ""Desk"", or ""Backpack""."
117079,"{""description"": ""A weathered green dumpster with graffiti on it is situated next to a sidewalk, with a fire hydrant and bollards in front of it."", ""details"": {""objects"": [""green dumpster"", ""graffiti"", ""fire hydrant"", ""bollards"", ""sidewalk"", ""building wall""], ""scene"": ""urban street"", ""spatial_info"": {""dumpster"": ""next to the sidewalk"", ""fire hydrant"": ""in front of the dumpster"", ""bollards"": ""flanking the fire hydrant"", ""sidewalk"": ""adjacent to the dumpster"", ""building wall"": ""behind the dumpster""}}, ""confidence"": 0.9600776045235416, ""recognition_status"": ""success"", ""processing_time"": 10.794571161270142}","Definition: In this task, draw tight bounding boxes around the ""green dumpster"".
Emphasis & Caution: Focus on the target ""next to the sidewalk"".
Things to Avoid: Do not annotate ""fire hydrant"", ""bollards"", ""sidewalk"", or ""building wall""."
117307,"{""description"": ""A white cat is interacting with a toilet in a bathroom setting."", ""details"": {""objects"": [""white cat"", ""toilet"", ""toilet paper holder"", ""tile floor"", ""mat""], ""scene"": ""indoor scene"", ""spatial_info"": {""cat"": ""standing on hind legs, facing the toilet"", ""toilet"": ""open lid, positioned centrally"", ""toilet paper holder"": ""attached to the wall behind the toilet"", ""tile floor"": ""visible beneath the cat and toilet"", ""mat"": ""placed on the floor near the cat""}}, ""confidence"": 0.945308738420078, ""recognition_status"": ""success"", ""processing_time"": 9.662446975708008}","Definition: In this task, draw tight bounding boxes around the ""white cat"".
Emphasis & Caution: Focus on the cat ""standing on hind legs, facing the toilet"".
Things to Avoid: Do not annotate ""toilet"", ""toilet paper holder"", ""tile floor"", or ""mat""."
117527,"{""description"": ""A group of people is gathered at a restaurant, enjoying a meal together, with some giving thumbs up and others smiling."", ""details"": {""objects"": [""people"", ""tables"", ""food"", ""drinks"", ""plates"", ""napkins"", ""chairs"", ""restaurant interior""], ""scene"": ""indoor scene"", ""spatial_info"": {""people"": ""seated around tables"", ""tables"": ""in the center of the image"", ""food"": ""on plates on the table"", ""drinks"": ""in glasses on the table"", ""napkins"": ""placed on the table"", ""chairs"": ""around the tables"", ""restaurant interior"": ""visible in the background""}}, ""confidence"": 0.9364167028557983, ""recognition_status"": ""success"", ""processing_time"": 13.86764121055603}","Definition: In this task, draw tight bounding boxes around all ""people"".
Emphasis & Caution: Focus on targets ""seated around tables"".
Things to Avoid: Do not annotate ""tables"", ""food"", ""drinks"", ""plates"", ""napkins"", ""chairs"", or ""restaurant interior""."
117788,"{""description"": ""A cluttered kitchen area with various items scattered around, including a refrigerator, cabinets, and a counter filled with miscellaneous objects."", ""details"": {""objects"": [""Refrigerator"", ""Wooden cabinets"", ""Counter"", ""Kitchen appliances"", ""Paper towels"", ""Bowl"", ""Books"", ""Backpack"", ""Cartons"", ""Miscellaneous items""], ""scene"": ""Indoor scene"", ""spatial_info"": {""Refrigerator"": ""Against the wall"", ""Wooden cabinets"": ""Above the counter"", ""Counter"": ""In front of the refrigerator"", ""Kitchen appliances"": ""On the counter"", ""Paper towels"": ""On the counter"", ""Bowl"": ""On the counter"", ""Books"": ""Stacked on the floor"", ""Backpack"": ""On the floor"", ""Cartons"": ""Stacked on the floor"", ""Miscellaneous items"": ""Scattered around the room""}}, ""confidence"": 0.9457063297541873, ""recognition_status"": ""success"", ""processing_time"": 14.714877605438232}","Definition: In this task, draw tight bounding boxes around the ""Refrigerator"" and ""Backpack"".
Emphasis & Caution: ""Refrigerator"" against the wall.
Things to Avoid: ""Wooden cabinets"", ""Counter"", ""Kitchen appliances"", ""Paper towels"", ""Bowl"", ""Books"", ""Cartons"", ""Miscellaneous items""."
118081,"{""description"": ""A car is stopped at a traffic light under a sign indicating directions to Hampton and Boston on Route 95 South."", ""details"": {""objects"": [""car"", ""traffic light"", ""signboard"", ""trees"", ""road""], ""scene"": ""urban street"", ""spatial_info"": {""car"": ""center of the image, facing away from the camera"", ""traffic light"": ""on the right side of the image, above the car"", ""signboard"": ""above the car, indicating directions"", ""trees"": ""surrounding the road, providing a green backdrop"", ""road"": ""curved, with the car positioned near the curve""}}, ""confidence"": 0.9360403838361647, ""recognition_status"": ""success"", ""processing_time"": 10.776222705841064}","Definition: In this task, draw tight bounding boxes around the ""car"".
Emphasis & Caution: ""car"" at the center of the image, facing away from the camera.
Things to Avoid: ""traffic light"", ""signboard"", ""trees"", ""road""."
118320,"{""description"": ""A serene pastoral scene featuring a cow and two calves resting on a lush green field bordered by a wire fence."", ""details"": {""objects"": [""cow"", ""calves"", ""grass"", ""fence""], ""scene"": ""rural pasture"", ""spatial_info"": {""cow"": ""right side, lying down"", ""calves"": [""left calf lying down"", ""right calf sitting""], ""grass"": ""covering the entire ground"", ""fence"": ""running horizontally across the middle of the image""}}, ""confidence"": 0.94856468208781, ""recognition_status"": ""success"", ""processing_time"": 8.770464897155762}","Definition: In this task, draw tight bounding boxes around the ""cow"" and all ""calves"".
Emphasis & Caution: ""cow"" on the right side; ""calves"" on the left and right.
Things to Avoid: ""grass"", ""fence""."
118579,"{""description"": ""A close-up view of an elephant's face, showcasing its textured skin and large ears."", ""details"": {""objects"": [""elephant""], ""scene"": ""natural outdoor setting"", ""spatial_info"": {""elephant"": ""centered in the frame""}}, ""confidence"": 0.9545403929157756, ""recognition_status"": ""success"", ""processing_time"": 5.296104192733765}","Definition: In this task, draw tight bounding boxes around the ""elephant"".
Emphasis & Caution: ""elephant"" centered in the frame.
Things to Avoid: -"
118783,"{""description"": ""A blue and yellow fire hydrant is prominently placed on a sidewalk in front of a building entrance."", ""details"": {""objects"": [""Blue and yellow fire hydrant"", ""Sidewalk"", ""Building entrance"", ""Signboard""], ""scene"": ""Urban street"", ""spatial_info"": {""fire_hydrant"": ""Centered on the sidewalk"", ""building_entrance"": ""Behind the fire hydrant"", ""signboard"": ""Above the building entrance""}}, ""confidence"": 0.9607786426696783, ""recognition_status"": ""success"", ""processing_time"": 8.233251333236694}","Definition: In this task, draw tight bounding boxes around the ""Blue and yellow fire hydrant"".
Emphasis & Caution: ""Blue and yellow fire hydrant"" centered on the sidewalk.
Things to Avoid: ""Sidewalk"", ""Building entrance"", ""Signboard""."
118994,"{""description"": ""A person wearing gloves holds an owl, with another individual partially visible beside them."", ""details"": {""objects"": [""owl"", ""person wearing gloves"", ""person wearing cap"", ""person wearing glasses"", ""blue canopy"", ""green field""], ""scene"": ""outdoor event or educational setting"", ""spatial_info"": {""owl"": ""on the left side of the image, held by the person wearing gloves"", ""person wearing gloves"": ""holding the owl"", ""person wearing cap"": ""standing behind the owl"", ""person wearing glasses"": ""partially visible on the right side"", ""blue canopy"": ""in the background, providing shade"", ""green field"": ""behind the individuals""}}, ""confidence"": 0.9397781731651467, ""recognition_status"": ""success"", ""processing_time"": 11.349498748779297}","Definition: In this task, draw tight bounding boxes around the ""owl"", ""person wearing gloves"", ""person wearing cap"", and ""person wearing glasses"".
Emphasis & Caution: ""owl"" on the left side, held by the ""person wearing gloves"".
Things to Avoid: ""blue canopy"", ""green field""."
119225,"{""description"": ""A child wearing sunglasses is playing with an orange beach ball in a grassy yard surrounded by houses and a chain-link fence."", ""details"": {""objects"": [""child"", ""orange beach ball"", ""chain-link fence"", ""grass"", ""houses"", ""sunglasses""], ""scene"": ""suburban backyard"", ""spatial_info"": {""child"": ""center of the image, standing on grass"", ""beach ball"": ""in front of the child, partially held"", ""fence"": ""surrounding the yard"", ""houses"": ""in the background, behind the fence"", ""grass"": ""covering the ground""}}, ""confidence"": 0.9472472666959821, ""recognition_status"": ""success"", ""processing_time"": 10.402776002883911}","Definition: In this task, draw tight bounding boxes around the ""child"" and the ""orange beach ball"".
Emphasis & Caution: ""child"" at the center; ""orange beach ball"" in front of the child.
Things to Avoid: ""chain-link fence"", ""grass"", ""houses""."
119495,"{""description"": ""A zebra is grazing in a dry grassland surrounded by bushes."", ""details"": {""objects"": [""zebra"", ""dry grass"", ""bushes""], ""scene"": ""wilderness"", ""spatial_info"": {""zebra"": ""center"", ""dry grass"": ""foreground"", ""bushes"": ""background""}}, ""confidence"": 0.9727388240863118, ""recognition_status"": ""success"", ""processing_time"": 6.395294427871704}","Definition: In this task, draw tight bounding boxes around the ""zebra"".
Emphasis & Caution: ""zebra"" at the center.
Things to Avoid: ""dry grass"", ""bushes""."
119718,"{""description"": ""A collection of rusted metal objects, broken glass pieces, and a piece of crumpled paper arranged on a cardboard surface outdoors."", ""details"": {""objects"": [""Rusted metal tools"", ""Broken glass shards"", ""Crumpled brown paper"", ""Cardboard sheet""], ""scene"": ""Outdoor scene"", ""spatial_info"": {""rusty metal tools"": ""Center and right side of the image"", ""broken glass shards"": ""Scattered across the cardboard"", ""crumpled brown paper"": ""Left side of the image"", ""cardboard sheet"": ""Entire background""}}, ""confidence"": 0.9439341166863138, ""recognition_status"": ""success"", ""processing_time"": 9.74759817123413}","Definition: In this task, draw tight bounding boxes around the ""Rusted metal tools"", ""Broken glass shards"", and ""Crumpled brown paper"".
Emphasis & Caution: -
Things to Avoid: ""Cardboard sheet""."
119964,"{""description"": ""A person sitting on grass holding a skateboard, overlooking a vast open field bordered by trees under a bright sky."", ""details"": {""objects"": [""Person"", ""Skateboard"", ""Grass"", ""Field"", ""Trees"", ""Sky""], ""scene"": ""Outdoor rural scene"", ""spatial_info"": {""Person"": ""Sitting on grass near the edge of the field"", ""Skateboard"": ""Held upright by the person"", ""Grass"": ""Grows at the edge of the field"", ""Field"": ""Large open area"", ""Trees"": ""Line the horizon"", ""Sky"": ""Bright and clear""}}, ""confidence"": 0.9477528504430502, ""recognition_status"": ""success"", ""processing_time"": 10.56891942024231}","Definition: In this task, draw tight bounding boxes around the ""Person"" and the ""Skateboard"".
Emphasis & Caution: ""Skateboard"" held upright by the ""Person"".
Things to Avoid: ""Grass"", ""Field"", ""Trees"", ""Sky""."
120210,"{""description"": ""A grand white church with two spires stands prominently under a clear blue sky, surrounded by lush greenery and a paved pathway."", ""details"": {""objects"": [""white church"", ""two spires"", ""clock tower"", ""paved pathway"", ""green bushes"", ""trees"", ""street lamps"", ""flying birds""], ""scene"": ""outdoor"", ""spatial_info"": {""church"": ""center"", ""pathway"": ""foreground"", ""bushes"": ""around church"", ""trees"": ""surrounding church"", ""street lamps"": ""along pathway"", ""birds"": ""flying above""}}, ""confidence"": 0.9423428829987617, ""recognition_status"": ""success"", ""processing_time"": 10.31984806060791}","Definition: In this task, draw tight bounding boxes around the ""white church"".
Emphasis & Caution: Centered in the image.
Things to Avoid: ""two spires"", ""clock tower"", ""paved pathway"", ""green bushes"", ""trees"", ""street lamps"", ""flying birds""."
120491,"{""description"": ""A bottle labeled 'T+H Orange Bitters' next to an orange on a light surface."", ""details"": {""objects"": [""Bottle of orange bitters"", ""Orange""], ""scene"": ""Indoor scene"", ""spatial_info"": {""bottle"": ""Right side, slightly behind the orange"", ""orange"": ""Left side, in front of the bottle""}}, ""confidence"": 0.9598866611001138, ""recognition_status"": ""success"", ""processing_time"": 6.930943012237549}","Definition: In this task, draw tight bounding boxes around the ""Bottle of orange bitters"" and the ""Orange"".
Emphasis & Caution: ""Orange"" in front; bottle slightly behind.
Things to Avoid: -"
120778,"{""description"": ""Two individuals are engaged in playing a video game, standing in a cozy indoor setting."", ""details"": {""objects"": [""man wearing glasses and a brown t-shirt"", ""woman in a red top and black skirt"", ""Wii controller"", ""wooden floor"", ""furniture including a chair and a table"", ""string lights on the wall"", ""window with blinds"", ""slippers on the floor""], ""scene"": ""indoor scene"", ""spatial_info"": {""man"": ""left side of the image, standing"", ""woman"": ""right side of the image, standing"", ""Wii controller"": ""in the woman's hand"", ""chair"": ""behind the woman"", ""table"": ""near the window"", ""string lights"": ""running along the wall"", ""slippers"": ""on the floor near the woman""}}, ""confidence"": 0.9418251977877311, ""recognition_status"": ""success"", ""processing_time"": 13.103458881378174}","Definition: In this task, draw tight bounding boxes around the ""man wearing glasses and a brown t-shirt"", the ""woman in a red top and black skirt"", and the ""Wii controller"".
Emphasis & Caution: Man on the left; woman on the right holding the ""Wii controller"".
Things to Avoid: ""wooden floor"", ""furniture including a chair and a table"", ""string lights on the wall"", ""window with blinds"", ""slippers on the floor""."
121040,"{""description"": ""A man is standing outdoors with kites flying in the background, including a panda kite and a flag kite."", ""details"": {""objects"": [""man wearing a white polo shirt"", ""kites flying in the sky"", ""panda kite"", ""flag kite""], ""scene"": ""outdoor scene"", ""spatial_info"": {""man"": ""center of the image"", ""kites"": ""in the sky behind the man""}}, ""confidence"": 0.9426790615101461, ""recognition_status"": ""success"", ""processing_time"": 7.6978490352630615}","Definition: In this task, draw tight bounding boxes around the ""man wearing a white polo shirt"".
Emphasis & Caution: Center of the image.
Things to Avoid: ""kites flying in the sky"", ""panda kite"", ""flag kite""."
121318,"{""description"": ""A rustic indoor scene featuring a large stone column, a wooden structure, and a small table with a cup of tea and a slice of cake placed on a napkin."", ""details"": {""objects"": [""Large stone column"", ""Wooden structure"", ""Stone pedestal"", ""Small table"", ""Cup of tea"", ""Slice of cake"", ""Napkin""], ""scene"": ""Indoor scene"", ""spatial_info"": {""large stone column"": ""left side of the image"", ""wooden structure"": ""behind the stone column"", ""stone pedestal"": ""center-right of the image"", ""small table"": ""on the stone pedestal"", ""cup of tea"": ""on the small table"", ""slice of cake"": ""on the small table"", ""napkin"": ""under the slice of cake""}}, ""confidence"": 0.9423794482803394, ""recognition_status"": ""success"", ""processing_time"": 13.246965408325195}","Definition: In this task, draw tight bounding boxes around the ""Cup of tea"" and the ""Slice of cake"".
Emphasis & Caution: On the ""Small table"".
Things to Avoid: ""Large stone column"", ""Wooden structure"", ""Stone pedestal"", ""Small table"", ""Napkin""."
121562,"{""description"": ""A black-and-white urban street scene featuring a person sitting on a bench, a bus, and a building in the background."", ""details"": {""objects"": [""person sitting on a bench"", ""bus"", ""building"", ""bench"", ""trash can"", ""signboard"", ""palm trees"", ""street""], ""scene"": ""urban street"", ""spatial_info"": {""person"": ""sitting on a bench near the sidewalk"", ""bus"": ""on the road, facing towards the camera"", ""building"": ""in the background, behind the bus"", ""bench"": ""next to the person"", ""trash can"": ""near the person"", ""signboard"": ""attached to the building"", ""palm trees"": ""behind the building"", ""street"": ""in front of the bus""}}, ""confidence"": 0.9437392312379219, ""recognition_status"": ""success"", ""processing_time"": 12.967459917068481}","Definition: In this task, draw tight bounding boxes around all ""person sitting on a bench"" and ""bus"".
Emphasis & Caution: Focus on the ""person sitting on a bench"" near the sidewalk and the ""bus"" on the road facing the camera.
Things to Avoid: Do not annotate ""building"", ""bench"", ""trash can"", ""signboard"", ""palm trees"", or ""street""."
121778,"{""description"": ""Two individuals are carrying a large wooden coffin across a road at a pedestrian crossing, with vehicles and traffic lights visible in the background."", ""details"": {""objects"": [""two individuals"", ""a large wooden coffin"", ""pedestrian crossing"", ""road"", ""traffic lights"", ""vehicles"", ""signboard""], ""scene"": ""urban street"", ""spatial_info"": {""pedestrians"": [200, 98], ""coffin"": [253, 176], ""road"": [0, 104], ""traffic lights"": [184, 0], ""vehicles"": [171, 79], ""signboard"": [280, 0]}}, ""confidence"": 0.9393457910188876, ""recognition_status"": ""success"", ""processing_time"": 11.556987524032593}","Definition: In this task, draw tight bounding boxes around all ""two individuals"" and ""a large wooden coffin"".
Emphasis & Caution: Focus on the ""two individuals"" carrying ""a large wooden coffin"" at the pedestrian crossing.
Things to Avoid: Do not annotate ""road"", ""traffic lights"", ""vehicles"", or ""signboard""."
122007,"{""description"": ""Two giraffes are grazing among shrubs with a backdrop of rolling hills under a clear sky."", ""details"": {""objects"": [""two giraffes"", ""shrubs"", ""rolling hills"", ""clear sky""], ""scene"": ""wilderness"", ""spatial_info"": {""giraffes"": [""center-left"", ""center-right""], ""shrubs"": [""foreground""], ""hills"": [""background""]}}, ""confidence"": 0.9638239292177877, ""recognition_status"": ""success"", ""processing_time"": 7.253751993179321}","Definition: In this task, draw tight bounding boxes around all ""two giraffes"".
Emphasis & Caution: Focus on the ""two giraffes"" located at ""center-left"" and ""center-right"".
Things to Avoid: Do not annotate ""shrubs"", ""rolling hills"", or ""clear sky""."
122250,"{""description"": ""A baby sits in a high chair at a dining table, surrounded by plates of food including broccoli and a meat dish."", ""details"": {""objects"": [""Baby in a high chair"", ""Plates of food"", ""High chair tray"", ""Table"", ""Wall art"", ""Baby bottle"", ""Dining table""], ""scene"": ""Indoor scene"", ""spatial_info"": {""Baby"": ""In the high chair, facing forward"", ""Plates of food"": ""On the table in front of the baby"", ""High chair tray"": ""Attached to the high chair, in front of the baby"", ""Table"": ""Extended from the wall, holding the plates"", ""Wall art"": ""Hanging on the wall behind the baby"", ""Baby bottle"": ""To the left of the baby, on the table"", ""Dining table"": ""Large enough to accommodate the high chair and the food""}}, ""confidence"": 0.9334611426941439, ""recognition_status"": ""success"", ""processing_time"": 14.223518371582031}","Definition: In this task, draw tight bounding boxes around all ""Baby in a high chair"".
Emphasis & Caution: Focus on the ""Baby in a high chair"" facing forward.
Things to Avoid: Do not annotate ""Plates of food"", ""High chair tray"", ""Table"", ""Wall art"", ""Baby bottle"", or ""Dining table""."
122476,"{""description"": ""A surfer is riding a wave, captured mid-action with water splashing around them."", ""details"": {""objects"": [""surfer"", ""surfboard"", ""wave""], ""scene"": ""ocean"", ""spatial_info"": {""surfer"": ""center"", ""surfboard"": ""underneath the surfer"", ""wave"": ""surrounding the surfer""}}, ""confidence"": 0.9568309986721552, ""recognition_status"": ""success"", ""processing_time"": 6.983469247817993}","Definition: In this task, draw tight bounding boxes around all ""surfer"" and ""surfboard"".
Emphasis & Caution: Focus on the ""surfer"" at the center with the ""surfboard"" underneath.
Things to Avoid: Do not annotate ""wave""."
